Usando la configuración de inicio de C:\Users\jvrincon\Documents\chatbot_aplicado_sst\app\back\src\Chatbot.Sst.Api\Properties\launchSettings.json...
info: Microsoft.Hosting.Lifetime[14]
      Now listening on: http://localhost:5254
info: Microsoft.Hosting.Lifetime[0]
      Application started. Press Ctrl+C to shut down.
info: Microsoft.Hosting.Lifetime[0]
      Hosting environment: Development
info: Microsoft.Hosting.Lifetime[0]
      Content root path: C:\Users\jvrincon\Documents\chatbot_aplicado_sst\app\back\src\Chatbot.Sst.Api
warn: Microsoft.AspNetCore.HttpsPolicy.HttpsRedirectionMiddleware[3]
      Failed to determine the https port for redirect.
info: System.Net.Http.HttpClient.IChatbotDispatchClient.LogicalHandler[100]
      Start processing HTTP request GET http://127.0.0.1:8765/api/platform/projects/proj_sst-general/releases?*
info: System.Net.Http.HttpClient.IChatbotDispatchClient.ClientHandler[100]
      Sending HTTP request GET http://127.0.0.1:8765/api/platform/projects/proj_sst-general/releases?*
info: System.Net.Http.HttpClient.IChatbotDispatchClient.ClientHandler[101]
      Received HTTP response headers after 58.9175ms - 200
info: System.Net.Http.HttpClient.IChatbotDispatchClient.LogicalHandler[101]
      End processing HTTP request after 66.5197ms - 200
[ChatbotDispatch DEBUG] POST /api/chatbot/questions body={"project_id":"proj_sst-general","rag_variant_id":"ragv_local-bge","rag_release_id":"ragr_1d2f9c1a4f444da0","question":"Que establece la politica de seguridad y salud en el trabajo?","conversation_id":"conv_chunks_20260828172002","message_id":"msg_chunks_20260828172002_01","top_k":8}
info: System.Net.Http.HttpClient.IChatbotDispatchClient.LogicalHandler[100]
      Start processing HTTP request POST http://127.0.0.1:8765/api/chatbot/questions
info: System.Net.Http.HttpClient.IChatbotDispatchClient.ClientHandler[100]
      Sending HTTP request POST http://127.0.0.1:8765/api/chatbot/questions
info: System.Net.Http.HttpClient.ILlmProvider.LogicalHandler[100]
      Start processing HTTP request POST http://127.0.0.1:8001/v1/chat/completions
info: System.Net.Http.HttpClient.ILlmProvider.ClientHandler[100]
      Sending HTTP request POST http://127.0.0.1:8001/v1/chat/completions
info: System.Net.Http.HttpClient.ILlmProvider.ClientHandler[104]
      HTTP request failed after 2041.2272ms
      System.Net.Http.HttpRequestException: No se puede establecer una conexión ya que el equipo de destino denegó expresamente dicha conexión. (127.0.0.1:8001)
       ---> System.Net.Sockets.SocketException (10061): No se puede establecer una conexión ya que el equipo de destino denegó expresamente dicha conexión.
         at System.Net.Sockets.Socket.AwaitableSocketAsyncEventArgs.ThrowException(SocketError error, CancellationToken cancellationToken)
         at System.Net.Sockets.Socket.AwaitableSocketAsyncEventArgs.System.Threading.Tasks.Sources.IValueTaskSource.GetResult(Int16 token)
         at System.Net.Http.HttpConnectionPool.ConnectToTcpHostAsync(String host, Int32 port, HttpRequestMessage initialRequest, Boolean async, CancellationToken cancellationToken)
         --- End of inner exception stack trace ---
         at System.Net.Http.HttpConnectionPool.ConnectToTcpHostAsync(String host, Int32 port, HttpRequestMessage initialRequest, Boolean async, CancellationToken cancellationToken)
         at System.Net.Http.HttpConnectionPool.ConnectAsync(HttpRequestMessage request, Boolean async, CancellationToken cancellationToken)
         at System.Net.Http.HttpConnectionPool.CreateHttp11ConnectionAsync(HttpRequestMessage request, Boolean async, CancellationToken cancellationToken)
         at System.Net.Http.HttpConnectionPool.InjectNewHttp11ConnectionAsync(QueueItem queueItem)
         at System.Threading.Tasks.TaskCompletionSourceWithCancellation`1.WaitWithCancellationAsync(CancellationToken cancellationToken)
         at System.Net.Http.HttpConnectionPool.SendWithVersionDetectionAndRetryAsync(HttpRequestMessage request, Boolean async, Boolean doRequestAuth, CancellationToken cancellationToken)
         at System.Net.Http.DiagnosticsHandler.SendAsyncCore(HttpRequestMessage request, Boolean async, CancellationToken cancellationToken)
         at System.Net.Http.RedirectHandler.SendAsync(HttpRequestMessage request, Boolean async, CancellationToken cancellationToken)
         at System.Net.Http.SocketsHttpHandler.<SendAsync>g__CreateHandlerAndSendAsync|115_0(HttpRequestMessage request, CancellationToken cancellationToken)
         at Microsoft.Extensions.Http.Logging.LoggingHttpMessageHandler.<SendCoreAsync>g__Core|4_0(HttpRequestMessage request, Boolean useAsync, CancellationToken cancellationToken)
info: System.Net.Http.HttpClient.ILlmProvider.LogicalHandler[104]
      HTTP request failed after 2046.6313ms
      System.Net.Http.HttpRequestException: No se puede establecer una conexión ya que el equipo de destino denegó expresamente dicha conexión. (127.0.0.1:8001)
       ---> System.Net.Sockets.SocketException (10061): No se puede establecer una conexión ya que el equipo de destino denegó expresamente dicha conexión.
         at System.Net.Sockets.Socket.AwaitableSocketAsyncEventArgs.ThrowException(SocketError error, CancellationToken cancellationToken)
         at System.Net.Sockets.Socket.AwaitableSocketAsyncEventArgs.System.Threading.Tasks.Sources.IValueTaskSource.GetResult(Int16 token)
         at System.Net.Http.HttpConnectionPool.ConnectToTcpHostAsync(String host, Int32 port, HttpRequestMessage initialRequest, Boolean async, CancellationToken cancellationToken)
         --- End of inner exception stack trace ---
         at System.Net.Http.HttpConnectionPool.ConnectToTcpHostAsync(String host, Int32 port, HttpRequestMessage initialRequest, Boolean async, CancellationToken cancellationToken)
         at System.Net.Http.HttpConnectionPool.ConnectAsync(HttpRequestMessage request, Boolean async, CancellationToken cancellationToken)
         at System.Net.Http.HttpConnectionPool.CreateHttp11ConnectionAsync(HttpRequestMessage request, Boolean async, CancellationToken cancellationToken)
         at System.Net.Http.HttpConnectionPool.InjectNewHttp11ConnectionAsync(QueueItem queueItem)
         at System.Threading.Tasks.TaskCompletionSourceWithCancellation`1.WaitWithCancellationAsync(CancellationToken cancellationToken)
         at System.Net.Http.HttpConnectionPool.SendWithVersionDetectionAndRetryAsync(HttpRequestMessage request, Boolean async, Boolean doRequestAuth, CancellationToken cancellationToken)
         at System.Net.Http.DiagnosticsHandler.SendAsyncCore(HttpRequestMessage request, Boolean async, CancellationToken cancellationToken)
         at System.Net.Http.RedirectHandler.SendAsync(HttpRequestMessage request, Boolean async, CancellationToken cancellationToken)
         at System.Net.Http.SocketsHttpHandler.<SendAsync>g__CreateHandlerAndSendAsync|115_0(HttpRequestMessage request, CancellationToken cancellationToken)
         at Microsoft.Extensions.Http.Logging.LoggingHttpMessageHandler.<SendCoreAsync>g__Core|4_0(HttpRequestMessage request, Boolean useAsync, CancellationToken cancellationToken)
         at Microsoft.Extensions.Http.Logging.LoggingScopeHttpMessageHandler.<SendCoreAsync>g__Core|4_0(HttpRequestMessage request, Boolean useAsync, CancellationToken cancellationToken)
info: System.Net.Http.HttpClient.IChatbotDispatchClient.ClientHandler[101]
      Received HTTP response headers after 13544.8235ms - 502
info: System.Net.Http.HttpClient.IChatbotDispatchClient.LogicalHandler[101]
      End processing HTTP request after 13544.9282ms - 502
info: System.Net.Http.HttpClient.IChatbotDispatchClient.LogicalHandler[100]
      Start processing HTTP request GET http://127.0.0.1:8765/api/platform/projects/proj_sst-general/releases?*
info: System.Net.Http.HttpClient.IChatbotDispatchClient.ClientHandler[100]
      Sending HTTP request GET http://127.0.0.1:8765/api/platform/projects/proj_sst-general/releases?*
info: System.Net.Http.HttpClient.IChatbotDispatchClient.ClientHandler[101]
      Received HTTP response headers after 100.921ms - 200
info: System.Net.Http.HttpClient.IChatbotDispatchClient.LogicalHandler[101]
      End processing HTTP request after 101.0455ms - 200
[ChatbotDispatch DEBUG] POST /api/chatbot/questions body={"project_id":"proj_sst-general","rag_variant_id":"ragv_local-bge","rag_release_id":"ragr_1d2f9c1a4f444da0","question":"Cuales son los objetivos del SG-SST?","conversation_id":"conv_chunks_20260828172002","message_id":"msg_chunks_20260828172016_02","top_k":8}
info: System.Net.Http.HttpClient.IChatbotDispatchClient.LogicalHandler[100]
      Start processing HTTP request POST http://127.0.0.1:8765/api/chatbot/questions
info: System.Net.Http.HttpClient.IChatbotDispatchClient.ClientHandler[100]
      Sending HTTP request POST http://127.0.0.1:8765/api/chatbot/questions
info: System.Net.Http.HttpClient.ILlmProvider.LogicalHandler[100]
      Start processing HTTP request POST http://127.0.0.1:8001/v1/chat/completions
info: System.Net.Http.HttpClient.ILlmProvider.ClientHandler[100]
      Sending HTTP request POST http://127.0.0.1:8001/v1/chat/completions
info: System.Net.Http.HttpClient.ILlmProvider.ClientHandler[104]
      HTTP request failed after 2033.5477ms
      System.Net.Http.HttpRequestException: No se puede establecer una conexión ya que el equipo de destino denegó expresamente dicha conexión. (127.0.0.1:8001)
       ---> System.Net.Sockets.SocketException (10061): No se puede establecer una conexión ya que el equipo de destino denegó expresamente dicha conexión.
         at System.Net.Sockets.Socket.AwaitableSocketAsyncEventArgs.ThrowException(SocketError error, CancellationToken cancellationToken)
         at System.Net.Sockets.Socket.AwaitableSocketAsyncEventArgs.System.Threading.Tasks.Sources.IValueTaskSource.GetResult(Int16 token)
         at System.Net.Http.HttpConnectionPool.ConnectToTcpHostAsync(String host, Int32 port, HttpRequestMessage initialRequest, Boolean async, CancellationToken cancellationToken)
         --- End of inner exception stack trace ---
         at System.Net.Http.HttpConnectionPool.ConnectToTcpHostAsync(String host, Int32 port, HttpRequestMessage initialRequest, Boolean async, CancellationToken cancellationToken)
         at System.Net.Http.HttpConnectionPool.ConnectAsync(HttpRequestMessage request, Boolean async, CancellationToken cancellationToken)
         at System.Net.Http.HttpConnectionPool.CreateHttp11ConnectionAsync(HttpRequestMessage request, Boolean async, CancellationToken cancellationToken)
         at System.Net.Http.HttpConnectionPool.InjectNewHttp11ConnectionAsync(QueueItem queueItem)
         at System.Threading.Tasks.TaskCompletionSourceWithCancellation`1.WaitWithCancellationAsync(CancellationToken cancellationToken)
         at System.Net.Http.HttpConnectionPool.SendWithVersionDetectionAndRetryAsync(HttpRequestMessage request, Boolean async, Boolean doRequestAuth, CancellationToken cancellationToken)
         at System.Net.Http.DiagnosticsHandler.SendAsyncCore(HttpRequestMessage request, Boolean async, CancellationToken cancellationToken)
         at System.Net.Http.RedirectHandler.SendAsync(HttpRequestMessage request, Boolean async, CancellationToken cancellationToken)
         at Microsoft.Extensions.Http.Logging.LoggingHttpMessageHandler.<SendCoreAsync>g__Core|4_0(HttpRequestMessage request, Boolean useAsync, CancellationToken cancellationToken)
info: System.Net.Http.HttpClient.ILlmProvider.LogicalHandler[104]
      HTTP request failed after 2034.0373ms
      System.Net.Http.HttpRequestException: No se puede establecer una conexión ya que el equipo de destino denegó expresamente dicha conexión. (127.0.0.1:8001)
       ---> System.Net.Sockets.SocketException (10061): No se puede establecer una conexión ya que el equipo de destino denegó expresamente dicha conexión.
         at System.Net.Sockets.Socket.AwaitableSocketAsyncEventArgs.ThrowException(SocketError error, CancellationToken cancellationToken)
         at System.Net.Sockets.Socket.AwaitableSocketAsyncEventArgs.System.Threading.Tasks.Sources.IValueTaskSource.GetResult(Int16 token)
         at System.Net.Http.HttpConnectionPool.ConnectToTcpHostAsync(String host, Int32 port, HttpRequestMessage initialRequest, Boolean async, CancellationToken cancellationToken)
         --- End of inner exception stack trace ---
         at System.Net.Http.HttpConnectionPool.ConnectToTcpHostAsync(String host, Int32 port, HttpRequestMessage initialRequest, Boolean async, CancellationToken cancellationToken)
         at System.Net.Http.HttpConnectionPool.ConnectAsync(HttpRequestMessage request, Boolean async, CancellationToken cancellationToken)
         at System.Net.Http.HttpConnectionPool.CreateHttp11ConnectionAsync(HttpRequestMessage request, Boolean async, CancellationToken cancellationToken)
         at System.Net.Http.HttpConnectionPool.InjectNewHttp11ConnectionAsync(QueueItem queueItem)
         at System.Threading.Tasks.TaskCompletionSourceWithCancellation`1.WaitWithCancellationAsync(CancellationToken cancellationToken)
         at System.Net.Http.HttpConnectionPool.SendWithVersionDetectionAndRetryAsync(HttpRequestMessage request, Boolean async, Boolean doRequestAuth, CancellationToken cancellationToken)
         at System.Net.Http.DiagnosticsHandler.SendAsyncCore(HttpRequestMessage request, Boolean async, CancellationToken cancellationToken)
         at System.Net.Http.RedirectHandler.SendAsync(HttpRequestMessage request, Boolean async, CancellationToken cancellationToken)
         at Microsoft.Extensions.Http.Logging.LoggingHttpMessageHandler.<SendCoreAsync>g__Core|4_0(HttpRequestMessage request, Boolean useAsync, CancellationToken cancellationToken)
         at Microsoft.Extensions.Http.Logging.LoggingScopeHttpMessageHandler.<SendCoreAsync>g__Core|4_0(HttpRequestMessage request, Boolean useAsync, CancellationToken cancellationToken)
info: System.Net.Http.HttpClient.IChatbotDispatchClient.ClientHandler[101]
      Received HTTP response headers after 7556.0735ms - 502
info: System.Net.Http.HttpClient.IChatbotDispatchClient.LogicalHandler[101]
      End processing HTTP request after 7556.1463ms - 502
info: System.Net.Http.HttpClient.IChatbotDispatchClient.LogicalHandler[100]
      Start processing HTTP request GET http://127.0.0.1:8765/api/platform/projects/proj_sst-general/releases?*
info: System.Net.Http.HttpClient.IChatbotDispatchClient.ClientHandler[100]
      Sending HTTP request GET http://127.0.0.1:8765/api/platform/projects/proj_sst-general/releases?*
info: System.Net.Http.HttpClient.IChatbotDispatchClient.ClientHandler[101]
      Received HTTP response headers after 14.6992ms - 200
info: System.Net.Http.HttpClient.IChatbotDispatchClient.LogicalHandler[101]
      End processing HTTP request after 14.8255ms - 200
[ChatbotDispatch DEBUG] POST /api/chatbot/questions body={"project_id":"proj_sst-general","rag_variant_id":"ragv_local-bge","rag_release_id":"ragr_1d2f9c1a4f444da0","question":"Como identifica la empresa los peligros y valora los riesgos?","conversation_id":"conv_chunks_20260828172002","message_id":"msg_chunks_20260828172024_03","top_k":8}
info: System.Net.Http.HttpClient.IChatbotDispatchClient.LogicalHandler[100]
      Start processing HTTP request POST http://127.0.0.1:8765/api/chatbot/questions
info: System.Net.Http.HttpClient.IChatbotDispatchClient.ClientHandler[100]
      Sending HTTP request POST http://127.0.0.1:8765/api/chatbot/questions
info: System.Net.Http.HttpClient.ILlmProvider.LogicalHandler[100]
      Start processing HTTP request POST http://127.0.0.1:8001/v1/chat/completions
info: System.Net.Http.HttpClient.ILlmProvider.ClientHandler[100]
      Sending HTTP request POST http://127.0.0.1:8001/v1/chat/completions
info: System.Net.Http.HttpClient.ILlmProvider.ClientHandler[104]
      HTTP request failed after 2028.1464ms
      System.Net.Http.HttpRequestException: No se puede establecer una conexión ya que el equipo de destino denegó expresamente dicha conexión. (127.0.0.1:8001)
       ---> System.Net.Sockets.SocketException (10061): No se puede establecer una conexión ya que el equipo de destino denegó expresamente dicha conexión.
         at System.Net.Sockets.Socket.AwaitableSocketAsyncEventArgs.ThrowException(SocketError error, CancellationToken cancellationToken)
         at System.Net.Sockets.Socket.AwaitableSocketAsyncEventArgs.System.Threading.Tasks.Sources.IValueTaskSource.GetResult(Int16 token)
         at System.Net.Http.HttpConnectionPool.ConnectToTcpHostAsync(String host, Int32 port, HttpRequestMessage initialRequest, Boolean async, CancellationToken cancellationToken)
         --- End of inner exception stack trace ---
         at System.Net.Http.HttpConnectionPool.ConnectToTcpHostAsync(String host, Int32 port, HttpRequestMessage initialRequest, Boolean async, CancellationToken cancellationToken)
         at System.Net.Http.HttpConnectionPool.ConnectAsync(HttpRequestMessage request, Boolean async, CancellationToken cancellationToken)
         at System.Net.Http.HttpConnectionPool.CreateHttp11ConnectionAsync(HttpRequestMessage request, Boolean async, CancellationToken cancellationToken)
         at System.Net.Http.HttpConnectionPool.InjectNewHttp11ConnectionAsync(QueueItem queueItem)
         at System.Threading.Tasks.TaskCompletionSourceWithCancellation`1.WaitWithCancellationAsync(CancellationToken cancellationToken)
         at System.Net.Http.HttpConnectionPool.SendWithVersionDetectionAndRetryAsync(HttpRequestMessage request, Boolean async, Boolean doRequestAuth, CancellationToken cancellationToken)
         at System.Net.Http.DiagnosticsHandler.SendAsyncCore(HttpRequestMessage request, Boolean async, CancellationToken cancellationToken)
         at System.Net.Http.RedirectHandler.SendAsync(HttpRequestMessage request, Boolean async, CancellationToken cancellationToken)
         at Microsoft.Extensions.Http.Logging.LoggingHttpMessageHandler.<SendCoreAsync>g__Core|4_0(HttpRequestMessage request, Boolean useAsync, CancellationToken cancellationToken)
info: System.Net.Http.HttpClient.ILlmProvider.LogicalHandler[104]
      HTTP request failed after 2028.6395ms
      System.Net.Http.HttpRequestException: No se puede establecer una conexión ya que el equipo de destino denegó expresamente dicha conexión. (127.0.0.1:8001)
       ---> System.Net.Sockets.SocketException (10061): No se puede establecer una conexión ya que el equipo de destino denegó expresamente dicha conexión.
         at System.Net.Sockets.Socket.AwaitableSocketAsyncEventArgs.ThrowException(SocketError error, CancellationToken cancellationToken)
         at System.Net.Sockets.Socket.AwaitableSocketAsyncEventArgs.System.Threading.Tasks.Sources.IValueTaskSource.GetResult(Int16 token)
         at System.Net.Http.HttpConnectionPool.ConnectToTcpHostAsync(String host, Int32 port, HttpRequestMessage initialRequest, Boolean async, CancellationToken cancellationToken)
         --- End of inner exception stack trace ---
         at System.Net.Http.HttpConnectionPool.ConnectToTcpHostAsync(String host, Int32 port, HttpRequestMessage initialRequest, Boolean async, CancellationToken cancellationToken)
         at System.Net.Http.HttpConnectionPool.ConnectAsync(HttpRequestMessage request, Boolean async, CancellationToken cancellationToken)
         at System.Net.Http.HttpConnectionPool.CreateHttp11ConnectionAsync(HttpRequestMessage request, Boolean async, CancellationToken cancellationToken)
         at System.Net.Http.HttpConnectionPool.InjectNewHttp11ConnectionAsync(QueueItem queueItem)
         at System.Threading.Tasks.TaskCompletionSourceWithCancellation`1.WaitWithCancellationAsync(CancellationToken cancellationToken)
         at System.Net.Http.HttpConnectionPool.SendWithVersionDetectionAndRetryAsync(HttpRequestMessage request, Boolean async, Boolean doRequestAuth, CancellationToken cancellationToken)
         at System.Net.Http.DiagnosticsHandler.SendAsyncCore(HttpRequestMessage request, Boolean async, CancellationToken cancellationToken)
         at System.Net.Http.RedirectHandler.SendAsync(HttpRequestMessage request, Boolean async, CancellationToken cancellationToken)
         at Microsoft.Extensions.Http.Logging.LoggingHttpMessageHandler.<SendCoreAsync>g__Core|4_0(HttpRequestMessage request, Boolean useAsync, CancellationToken cancellationToken)
         at Microsoft.Extensions.Http.Logging.LoggingScopeHttpMessageHandler.<SendCoreAsync>g__Core|4_0(HttpRequestMessage request, Boolean useAsync, CancellationToken cancellationToken)
info: System.Net.Http.HttpClient.IChatbotDispatchClient.ClientHandler[101]
      Received HTTP response headers after 9593.1326ms - 502
info: System.Net.Http.HttpClient.IChatbotDispatchClient.LogicalHandler[101]
      End processing HTTP request after 9593.2912ms - 502
info: System.Net.Http.HttpClient.IChatbotDispatchClient.LogicalHandler[100]
      Start processing HTTP request GET http://127.0.0.1:8765/api/platform/projects/proj_sst-general/releases?*
info: System.Net.Http.HttpClient.IChatbotDispatchClient.ClientHandler[100]
      Sending HTTP request GET http://127.0.0.1:8765/api/platform/projects/proj_sst-general/releases?*
info: System.Net.Http.HttpClient.IChatbotDispatchClient.ClientHandler[101]
      Received HTTP response headers after 97.7011ms - 200
info: System.Net.Http.HttpClient.IChatbotDispatchClient.LogicalHandler[101]
      End processing HTTP request after 97.8984ms - 200
[ChatbotDispatch DEBUG] POST /api/chatbot/questions body={"project_id":"proj_sst-general","rag_variant_id":"ragv_local-bge","rag_release_id":"ragr_1d2f9c1a4f444da0","question":"Que programas conforman la planificacion del SG-SST?","conversation_id":"conv_chunks_20260828172002","message_id":"msg_chunks_20260828172033_04","top_k":8}
info: System.Net.Http.HttpClient.IChatbotDispatchClient.LogicalHandler[100]
      Start processing HTTP request POST http://127.0.0.1:8765/api/chatbot/questions
info: System.Net.Http.HttpClient.IChatbotDispatchClient.ClientHandler[100]
      Sending HTTP request POST http://127.0.0.1:8765/api/chatbot/questions
info: System.Net.Http.HttpClient.ILlmProvider.LogicalHandler[100]
      Start processing HTTP request POST http://127.0.0.1:8001/v1/chat/completions
info: System.Net.Http.HttpClient.ILlmProvider.ClientHandler[100]
      Sending HTTP request POST http://127.0.0.1:8001/v1/chat/completions
info: System.Net.Http.HttpClient.ILlmProvider.ClientHandler[104]
      HTTP request failed after 2044.7821ms
      System.Net.Http.HttpRequestException: No se puede establecer una conexión ya que el equipo de destino denegó expresamente dicha conexión. (127.0.0.1:8001)
       ---> System.Net.Sockets.SocketException (10061): No se puede establecer una conexión ya que el equipo de destino denegó expresamente dicha conexión.
         at System.Net.Sockets.Socket.AwaitableSocketAsyncEventArgs.ThrowException(SocketError error, CancellationToken cancellationToken)
         at System.Net.Sockets.Socket.AwaitableSocketAsyncEventArgs.System.Threading.Tasks.Sources.IValueTaskSource.GetResult(Int16 token)
         at System.Net.Http.HttpConnectionPool.ConnectToTcpHostAsync(String host, Int32 port, HttpRequestMessage initialRequest, Boolean async, CancellationToken cancellationToken)
         --- End of inner exception stack trace ---
         at System.Net.Http.HttpConnectionPool.ConnectToTcpHostAsync(String host, Int32 port, HttpRequestMessage initialRequest, Boolean async, CancellationToken cancellationToken)
         at System.Net.Http.HttpConnectionPool.ConnectAsync(HttpRequestMessage request, Boolean async, CancellationToken cancellationToken)
         at System.Net.Http.HttpConnectionPool.CreateHttp11ConnectionAsync(HttpRequestMessage request, Boolean async, CancellationToken cancellationToken)
         at System.Net.Http.HttpConnectionPool.InjectNewHttp11ConnectionAsync(QueueItem queueItem)
         at System.Threading.Tasks.TaskCompletionSourceWithCancellation`1.WaitWithCancellationAsync(CancellationToken cancellationToken)
         at System.Net.Http.HttpConnectionPool.SendWithVersionDetectionAndRetryAsync(HttpRequestMessage request, Boolean async, Boolean doRequestAuth, CancellationToken cancellationToken)
         at System.Net.Http.DiagnosticsHandler.SendAsyncCore(HttpRequestMessage request, Boolean async, CancellationToken cancellationToken)
         at System.Net.Http.RedirectHandler.SendAsync(HttpRequestMessage request, Boolean async, CancellationToken cancellationToken)
         at Microsoft.Extensions.Http.Logging.LoggingHttpMessageHandler.<SendCoreAsync>g__Core|4_0(HttpRequestMessage request, Boolean useAsync, CancellationToken cancellationToken)
info: System.Net.Http.HttpClient.ILlmProvider.LogicalHandler[104]
      HTTP request failed after 2045.2697ms
      System.Net.Http.HttpRequestException: No se puede establecer una conexión ya que el equipo de destino denegó expresamente dicha conexión. (127.0.0.1:8001)
       ---> System.Net.Sockets.SocketException (10061): No se puede establecer una conexión ya que el equipo de destino denegó expresamente dicha conexión.
         at System.Net.Sockets.Socket.AwaitableSocketAsyncEventArgs.ThrowException(SocketError error, CancellationToken cancellationToken)
         at System.Net.Sockets.Socket.AwaitableSocketAsyncEventArgs.System.Threading.Tasks.Sources.IValueTaskSource.GetResult(Int16 token)
         at System.Net.Http.HttpConnectionPool.ConnectToTcpHostAsync(String host, Int32 port, HttpRequestMessage initialRequest, Boolean async, CancellationToken cancellationToken)
         --- End of inner exception stack trace ---
         at System.Net.Http.HttpConnectionPool.ConnectToTcpHostAsync(String host, Int32 port, HttpRequestMessage initialRequest, Boolean async, CancellationToken cancellationToken)
         at System.Net.Http.HttpConnectionPool.ConnectAsync(HttpRequestMessage request, Boolean async, CancellationToken cancellationToken)
         at System.Net.Http.HttpConnectionPool.CreateHttp11ConnectionAsync(HttpRequestMessage request, Boolean async, CancellationToken cancellationToken)
         at System.Net.Http.HttpConnectionPool.InjectNewHttp11ConnectionAsync(QueueItem queueItem)
         at System.Threading.Tasks.TaskCompletionSourceWithCancellation`1.WaitWithCancellationAsync(CancellationToken cancellationToken)
         at System.Net.Http.HttpConnectionPool.SendWithVersionDetectionAndRetryAsync(HttpRequestMessage request, Boolean async, Boolean doRequestAuth, CancellationToken cancellationToken)
         at System.Net.Http.DiagnosticsHandler.SendAsyncCore(HttpRequestMessage request, Boolean async, CancellationToken cancellationToken)
         at System.Net.Http.RedirectHandler.SendAsync(HttpRequestMessage request, Boolean async, CancellationToken cancellationToken)
         at Microsoft.Extensions.Http.Logging.LoggingHttpMessageHandler.<SendCoreAsync>g__Core|4_0(HttpRequestMessage request, Boolean useAsync, CancellationToken cancellationToken)
         at Microsoft.Extensions.Http.Logging.LoggingScopeHttpMessageHandler.<SendCoreAsync>g__Core|4_0(HttpRequestMessage request, Boolean useAsync, CancellationToken cancellationToken)
info: System.Net.Http.HttpClient.IChatbotDispatchClient.ClientHandler[101]
      Received HTTP response headers after 9998.9022ms - 502
info: System.Net.Http.HttpClient.IChatbotDispatchClient.LogicalHandler[101]
      End processing HTTP request after 9998.9683ms - 502
info: System.Net.Http.HttpClient.IChatbotDispatchClient.LogicalHandler[100]
      Start processing HTTP request GET http://127.0.0.1:8765/api/platform/projects/proj_sst-general/releases?*
info: System.Net.Http.HttpClient.IChatbotDispatchClient.ClientHandler[100]
      Sending HTTP request GET http://127.0.0.1:8765/api/platform/projects/proj_sst-general/releases?*
info: System.Net.Http.HttpClient.IChatbotDispatchClient.ClientHandler[101]
      Received HTTP response headers after 109.3493ms - 200
info: System.Net.Http.HttpClient.IChatbotDispatchClient.LogicalHandler[101]
      End processing HTTP request after 109.4245ms - 200
[ChatbotDispatch DEBUG] POST /api/chatbot/questions body={"project_id":"proj_sst-general","rag_variant_id":"ragv_local-bge","rag_release_id":"ragr_1d2f9c1a4f444da0","question":"Como se gestionan los requisitos legales en SST?","conversation_id":"conv_chunks_20260828172002","message_id":"msg_chunks_20260828172043_05","top_k":8}
info: System.Net.Http.HttpClient.IChatbotDispatchClient.LogicalHandler[100]
      Start processing HTTP request POST http://127.0.0.1:8765/api/chatbot/questions
info: System.Net.Http.HttpClient.IChatbotDispatchClient.ClientHandler[100]
      Sending HTTP request POST http://127.0.0.1:8765/api/chatbot/questions
info: System.Net.Http.HttpClient.ILlmProvider.LogicalHandler[100]
      Start processing HTTP request POST http://127.0.0.1:8001/v1/chat/completions
info: System.Net.Http.HttpClient.ILlmProvider.ClientHandler[100]
      Sending HTTP request POST http://127.0.0.1:8001/v1/chat/completions
info: System.Net.Http.HttpClient.ILlmProvider.ClientHandler[104]
      HTTP request failed after 2046.2739ms
      System.Net.Http.HttpRequestException: No se puede establecer una conexión ya que el equipo de destino denegó expresamente dicha conexión. (127.0.0.1:8001)
       ---> System.Net.Sockets.SocketException (10061): No se puede establecer una conexión ya que el equipo de destino denegó expresamente dicha conexión.
         at System.Net.Sockets.Socket.AwaitableSocketAsyncEventArgs.ThrowException(SocketError error, CancellationToken cancellationToken)
         at System.Net.Sockets.Socket.AwaitableSocketAsyncEventArgs.System.Threading.Tasks.Sources.IValueTaskSource.GetResult(Int16 token)
         at System.Net.Http.HttpConnectionPool.ConnectToTcpHostAsync(String host, Int32 port, HttpRequestMessage initialRequest, Boolean async, CancellationToken cancellationToken)
         --- End of inner exception stack trace ---
         at System.Net.Http.HttpConnectionPool.ConnectToTcpHostAsync(String host, Int32 port, HttpRequestMessage initialRequest, Boolean async, CancellationToken cancellationToken)
         at System.Net.Http.HttpConnectionPool.ConnectAsync(HttpRequestMessage request, Boolean async, CancellationToken cancellationToken)
         at System.Net.Http.HttpConnectionPool.CreateHttp11ConnectionAsync(HttpRequestMessage request, Boolean async, CancellationToken cancellationToken)
         at System.Net.Http.HttpConnectionPool.InjectNewHttp11ConnectionAsync(QueueItem queueItem)
         at System.Threading.Tasks.TaskCompletionSourceWithCancellation`1.WaitWithCancellationAsync(CancellationToken cancellationToken)
         at System.Net.Http.HttpConnectionPool.SendWithVersionDetectionAndRetryAsync(HttpRequestMessage request, Boolean async, Boolean doRequestAuth, CancellationToken cancellationToken)
         at System.Net.Http.DiagnosticsHandler.SendAsyncCore(HttpRequestMessage request, Boolean async, CancellationToken cancellationToken)
         at System.Net.Http.RedirectHandler.SendAsync(HttpRequestMessage request, Boolean async, CancellationToken cancellationToken)
         at Microsoft.Extensions.Http.Logging.LoggingHttpMessageHandler.<SendCoreAsync>g__Core|4_0(HttpRequestMessage request, Boolean useAsync, CancellationToken cancellationToken)
info: System.Net.Http.HttpClient.ILlmProvider.LogicalHandler[104]
      HTTP request failed after 2046.5864ms
      System.Net.Http.HttpRequestException: No se puede establecer una conexión ya que el equipo de destino denegó expresamente dicha conexión. (127.0.0.1:8001)
       ---> System.Net.Sockets.SocketException (10061): No se puede establecer una conexión ya que el equipo de destino denegó expresamente dicha conexión.
         at System.Net.Sockets.Socket.AwaitableSocketAsyncEventArgs.ThrowException(SocketError error, CancellationToken cancellationToken)
         at System.Net.Sockets.Socket.AwaitableSocketAsyncEventArgs.System.Threading.Tasks.Sources.IValueTaskSource.GetResult(Int16 token)
         at System.Net.Http.HttpConnectionPool.ConnectToTcpHostAsync(String host, Int32 port, HttpRequestMessage initialRequest, Boolean async, CancellationToken cancellationToken)
         --- End of inner exception stack trace ---
         at System.Net.Http.HttpConnectionPool.ConnectToTcpHostAsync(String host, Int32 port, HttpRequestMessage initialRequest, Boolean async, CancellationToken cancellationToken)
         at System.Net.Http.HttpConnectionPool.ConnectAsync(HttpRequestMessage request, Boolean async, CancellationToken cancellationToken)
         at System.Net.Http.HttpConnectionPool.CreateHttp11ConnectionAsync(HttpRequestMessage request, Boolean async, CancellationToken cancellationToken)
         at System.Net.Http.HttpConnectionPool.InjectNewHttp11ConnectionAsync(QueueItem queueItem)
         at System.Threading.Tasks.TaskCompletionSourceWithCancellation`1.WaitWithCancellationAsync(CancellationToken cancellationToken)
         at System.Net.Http.HttpConnectionPool.SendWithVersionDetectionAndRetryAsync(HttpRequestMessage request, Boolean async, Boolean doRequestAuth, CancellationToken cancellationToken)
         at System.Net.Http.DiagnosticsHandler.SendAsyncCore(HttpRequestMessage request, Boolean async, CancellationToken cancellationToken)
         at System.Net.Http.RedirectHandler.SendAsync(HttpRequestMessage request, Boolean async, CancellationToken cancellationToken)
         at Microsoft.Extensions.Http.Logging.LoggingHttpMessageHandler.<SendCoreAsync>g__Core|4_0(HttpRequestMessage request, Boolean useAsync, CancellationToken cancellationToken)
         at Microsoft.Extensions.Http.Logging.LoggingScopeHttpMessageHandler.<SendCoreAsync>g__Core|4_0(HttpRequestMessage request, Boolean useAsync, CancellationToken cancellationToken)
info: System.Net.Http.HttpClient.IChatbotDispatchClient.ClientHandler[101]
      Received HTTP response headers after 7868.4731ms - 502
info: System.Net.Http.HttpClient.IChatbotDispatchClient.LogicalHandler[101]
      End processing HTTP request after 7868.5453ms - 502
info: System.Net.Http.HttpClient.IChatbotDispatchClient.LogicalHandler[100]
      Start processing HTTP request GET http://127.0.0.1:8765/api/platform/projects/proj_sst-general/releases?*
info: System.Net.Http.HttpClient.IChatbotDispatchClient.ClientHandler[100]
      Sending HTTP request GET http://127.0.0.1:8765/api/platform/projects/proj_sst-general/releases?*
info: System.Net.Http.HttpClient.IChatbotDispatchClient.ClientHandler[101]
      Received HTTP response headers after 23.4119ms - 200
info: System.Net.Http.HttpClient.IChatbotDispatchClient.LogicalHandler[101]
      End processing HTTP request after 23.4965ms - 200
[ChatbotDispatch DEBUG] POST /api/chatbot/questions body={"project_id":"proj_sst-general","rag_variant_id":"ragv_local-bge","rag_release_id":"ragr_1d2f9c1a4f444da0","question":"Que contempla la gestion del cambio en seguridad y salud?","conversation_id":"conv_chunks_20260828172002","message_id":"msg_chunks_20260828172051_06","top_k":8}
info: System.Net.Http.HttpClient.IChatbotDispatchClient.LogicalHandler[100]
      Start processing HTTP request POST http://127.0.0.1:8765/api/chatbot/questions
info: System.Net.Http.HttpClient.IChatbotDispatchClient.ClientHandler[100]
      Sending HTTP request POST http://127.0.0.1:8765/api/chatbot/questions
info: System.Net.Http.HttpClient.IChatbotDispatchClient.ClientHandler[104]
      HTTP request failed after 4.5605ms
      System.Net.Http.HttpRequestException: An error occurred while sending the request.
       ---> System.Net.Http.HttpIOException: The response ended prematurely. (ResponseEnded)
         at System.Net.Http.HttpConnection.SendAsync(HttpRequestMessage request, Boolean async, CancellationToken cancellationToken)
         --- End of inner exception stack trace ---
         at System.Net.Http.HttpConnection.SendAsync(HttpRequestMessage request, Boolean async, CancellationToken cancellationToken)
         at System.Net.Http.HttpConnectionPool.SendWithVersionDetectionAndRetryAsync(HttpRequestMessage request, Boolean async, Boolean doRequestAuth, CancellationToken cancellationToken)
         at System.Net.Http.DiagnosticsHandler.SendAsyncCore(HttpRequestMessage request, Boolean async, CancellationToken cancellationToken)
         at System.Net.Http.RedirectHandler.SendAsync(HttpRequestMessage request, Boolean async, CancellationToken cancellationToken)
         at Microsoft.Extensions.Http.Logging.LoggingHttpMessageHandler.<SendCoreAsync>g__Core|4_0(HttpRequestMessage request, Boolean useAsync, CancellationToken cancellationToken)
info: System.Net.Http.HttpClient.IChatbotDispatchClient.LogicalHandler[104]
      HTTP request failed after 4.7236ms
      System.Net.Http.HttpRequestException: An error occurred while sending the request.
       ---> System.Net.Http.HttpIOException: The response ended prematurely. (ResponseEnded)
         at System.Net.Http.HttpConnection.SendAsync(HttpRequestMessage request, Boolean async, CancellationToken cancellationToken)
         --- End of inner exception stack trace ---
         at System.Net.Http.HttpConnection.SendAsync(HttpRequestMessage request, Boolean async, CancellationToken cancellationToken)
         at System.Net.Http.HttpConnectionPool.SendWithVersionDetectionAndRetryAsync(HttpRequestMessage request, Boolean async, Boolean doRequestAuth, CancellationToken cancellationToken)
         at System.Net.Http.DiagnosticsHandler.SendAsyncCore(HttpRequestMessage request, Boolean async, CancellationToken cancellationToken)
         at System.Net.Http.RedirectHandler.SendAsync(HttpRequestMessage request, Boolean async, CancellationToken cancellationToken)
         at Microsoft.Extensions.Http.Logging.LoggingHttpMessageHandler.<SendCoreAsync>g__Core|4_0(HttpRequestMessage request, Boolean useAsync, CancellationToken cancellationToken)
         at Microsoft.Extensions.Http.Logging.LoggingScopeHttpMessageHandler.<SendCoreAsync>g__Core|4_0(HttpRequestMessage request, Boolean useAsync, CancellationToken cancellationToken)
fail: Microsoft.AspNetCore.Diagnostics.DeveloperExceptionPageMiddleware[1]
      An unhandled exception has occurred while executing the request.
      System.Net.Http.HttpRequestException: An error occurred while sending the request.
       ---> System.Net.Http.HttpIOException: The response ended prematurely. (ResponseEnded)
         at System.Net.Http.HttpConnection.SendAsync(HttpRequestMessage request, Boolean async, CancellationToken cancellationToken)
         --- End of inner exception stack trace ---
         at System.Net.Http.HttpConnection.SendAsync(HttpRequestMessage request, Boolean async, CancellationToken cancellationToken)
         at System.Net.Http.HttpConnectionPool.SendWithVersionDetectionAndRetryAsync(HttpRequestMessage request, Boolean async, Boolean doRequestAuth, CancellationToken cancellationToken)
         at System.Net.Http.DiagnosticsHandler.SendAsyncCore(HttpRequestMessage request, Boolean async, CancellationToken cancellationToken)
         at System.Net.Http.RedirectHandler.SendAsync(HttpRequestMessage request, Boolean async, CancellationToken cancellationToken)
         at Microsoft.Extensions.Http.Logging.LoggingHttpMessageHandler.<SendCoreAsync>g__Core|4_0(HttpRequestMessage request, Boolean useAsync, CancellationToken cancellationToken)
         at Microsoft.Extensions.Http.Logging.LoggingScopeHttpMessageHandler.<SendCoreAsync>g__Core|4_0(HttpRequestMessage request, Boolean useAsync, CancellationToken cancellationToken)
         at System.Net.Http.HttpClient.<SendAsync>g__Core|83_0(HttpRequestMessage request, HttpCompletionOption completionOption, CancellationTokenSource cts, Boolean disposeCts, CancellationTokenSource pendingRequestsCts, CancellationToken originalCancellationToken)
         at Chatbot.Sst.Infrastructure.Dispatch.HttpChatbotDispatchClient.DispatchAsync(ChatQuestionSubmission submission, CancellationToken cancellationToken) in C:\Users\jvrincon\Documents\chatbot_aplicado_sst\app\back\src\Chatbot.Sst.Infrastructure\Dispatch\HttpChatbotDispatchClient.cs:line 53
         at Chatbot.Sst.Application.ChatDispatchCoordinator.SubmitAsync(ChatQuestionSubmission submission, CancellationToken cancellationToken) in C:\Users\jvrincon\Documents\chatbot_aplicado_sst\app\back\src\Chatbot.Sst.Application\ChatDispatchCoordinator.cs:line 38
         at Program.<>c.<<<Main>$>b__0_1>d.MoveNext() in C:\Users\jvrincon\Documents\chatbot_aplicado_sst\app\back\src\Chatbot.Sst.Api\Program.cs:line 62
      --- End of stack trace from previous location ---
         at Microsoft.AspNetCore.Http.RequestDelegateFactory.ExecuteTaskResult[T](Task`1 task, HttpContext httpContext)
         at Microsoft.AspNetCore.Http.RequestDelegateFactory.<>c__DisplayClass102_2.<<HandleRequestBodyAndCompileRequestDelegateForJson>b__2>d.MoveNext()
      --- End of stack trace from previous location ---
         at Microsoft.AspNetCore.Diagnostics.DeveloperExceptionPageMiddlewareImpl.Invoke(HttpContext context)
info: System.Net.Http.HttpClient.IChatbotDispatchClient.LogicalHandler[100]
      Start processing HTTP request GET http://127.0.0.1:8765/api/platform/projects/proj_sst-general/releases?*
info: System.Net.Http.HttpClient.IChatbotDispatchClient.ClientHandler[100]
      Sending HTTP request GET http://127.0.0.1:8765/api/platform/projects/proj_sst-general/releases?*
info: System.Net.Http.HttpClient.IChatbotDispatchClient.ClientHandler[101]
      Received HTTP response headers after 13.4305ms - 200
info: System.Net.Http.HttpClient.IChatbotDispatchClient.LogicalHandler[101]
      End processing HTTP request after 13.4981ms - 200
[ChatbotDispatch DEBUG] POST /api/chatbot/questions body={"project_id":"proj_sst-general","rag_variant_id":"ragv_local-bge","rag_release_id":"ragr_1d2f9c1a4f444da0","question":"Como se prepara la empresa para emergencias?","conversation_id":"conv_chunks_20260828172002","message_id":"msg_chunks_20260828172051_07","top_k":8}
info: System.Net.Http.HttpClient.IChatbotDispatchClient.LogicalHandler[100]
      Start processing HTTP request POST http://127.0.0.1:8765/api/chatbot/questions
info: System.Net.Http.HttpClient.IChatbotDispatchClient.ClientHandler[100]
      Sending HTTP request POST http://127.0.0.1:8765/api/chatbot/questions
info: System.Net.Http.HttpClient.ILlmProvider.LogicalHandler[100]
      Start processing HTTP request POST http://127.0.0.1:8001/v1/chat/completions
info: System.Net.Http.HttpClient.ILlmProvider.ClientHandler[100]
      Sending HTTP request POST http://127.0.0.1:8001/v1/chat/completions
info: System.Net.Http.HttpClient.ILlmProvider.ClientHandler[104]
      HTTP request failed after 2046.8892ms
      System.Net.Http.HttpRequestException: No se puede establecer una conexión ya que el equipo de destino denegó expresamente dicha conexión. (127.0.0.1:8001)
       ---> System.Net.Sockets.SocketException (10061): No se puede establecer una conexión ya que el equipo de destino denegó expresamente dicha conexión.
         at System.Net.Sockets.Socket.AwaitableSocketAsyncEventArgs.ThrowException(SocketError error, CancellationToken cancellationToken)
         at System.Net.Sockets.Socket.AwaitableSocketAsyncEventArgs.System.Threading.Tasks.Sources.IValueTaskSource.GetResult(Int16 token)
         at System.Net.Http.HttpConnectionPool.ConnectToTcpHostAsync(String host, Int32 port, HttpRequestMessage initialRequest, Boolean async, CancellationToken cancellationToken)
         --- End of inner exception stack trace ---
         at System.Net.Http.HttpConnectionPool.ConnectToTcpHostAsync(String host, Int32 port, HttpRequestMessage initialRequest, Boolean async, CancellationToken cancellationToken)
         at System.Net.Http.HttpConnectionPool.ConnectAsync(HttpRequestMessage request, Boolean async, CancellationToken cancellationToken)
         at System.Net.Http.HttpConnectionPool.CreateHttp11ConnectionAsync(HttpRequestMessage request, Boolean async, CancellationToken cancellationToken)
         at System.Net.Http.HttpConnectionPool.InjectNewHttp11ConnectionAsync(QueueItem queueItem)
         at System.Threading.Tasks.TaskCompletionSourceWithCancellation`1.WaitWithCancellationAsync(CancellationToken cancellationToken)
         at System.Net.Http.HttpConnectionPool.SendWithVersionDetectionAndRetryAsync(HttpRequestMessage request, Boolean async, Boolean doRequestAuth, CancellationToken cancellationToken)
         at System.Net.Http.DiagnosticsHandler.SendAsyncCore(HttpRequestMessage request, Boolean async, CancellationToken cancellationToken)
         at System.Net.Http.RedirectHandler.SendAsync(HttpRequestMessage request, Boolean async, CancellationToken cancellationToken)
         at Microsoft.Extensions.Http.Logging.LoggingHttpMessageHandler.<SendCoreAsync>g__Core|4_0(HttpRequestMessage request, Boolean useAsync, CancellationToken cancellationToken)
info: System.Net.Http.HttpClient.ILlmProvider.LogicalHandler[104]
      HTTP request failed after 2047.8471ms
      System.Net.Http.HttpRequestException: No se puede establecer una conexión ya que el equipo de destino denegó expresamente dicha conexión. (127.0.0.1:8001)
       ---> System.Net.Sockets.SocketException (10061): No se puede establecer una conexión ya que el equipo de destino denegó expresamente dicha conexión.
         at System.Net.Sockets.Socket.AwaitableSocketAsyncEventArgs.ThrowException(SocketError error, CancellationToken cancellationToken)
         at System.Net.Sockets.Socket.AwaitableSocketAsyncEventArgs.System.Threading.Tasks.Sources.IValueTaskSource.GetResult(Int16 token)
         at System.Net.Http.HttpConnectionPool.ConnectToTcpHostAsync(String host, Int32 port, HttpRequestMessage initialRequest, Boolean async, CancellationToken cancellationToken)
         --- End of inner exception stack trace ---
         at System.Net.Http.HttpConnectionPool.ConnectToTcpHostAsync(String host, Int32 port, HttpRequestMessage initialRequest, Boolean async, CancellationToken cancellationToken)
         at System.Net.Http.HttpConnectionPool.ConnectAsync(HttpRequestMessage request, Boolean async, CancellationToken cancellationToken)
         at System.Net.Http.HttpConnectionPool.CreateHttp11ConnectionAsync(HttpRequestMessage request, Boolean async, CancellationToken cancellationToken)
         at System.Net.Http.HttpConnectionPool.InjectNewHttp11ConnectionAsync(QueueItem queueItem)
         at System.Threading.Tasks.TaskCompletionSourceWithCancellation`1.WaitWithCancellationAsync(CancellationToken cancellationToken)
         at System.Net.Http.HttpConnectionPool.SendWithVersionDetectionAndRetryAsync(HttpRequestMessage request, Boolean async, Boolean doRequestAuth, CancellationToken cancellationToken)
         at System.Net.Http.DiagnosticsHandler.SendAsyncCore(HttpRequestMessage request, Boolean async, CancellationToken cancellationToken)
         at System.Net.Http.RedirectHandler.SendAsync(HttpRequestMessage request, Boolean async, CancellationToken cancellationToken)
         at Microsoft.Extensions.Http.Logging.LoggingHttpMessageHandler.<SendCoreAsync>g__Core|4_0(HttpRequestMessage request, Boolean useAsync, CancellationToken cancellationToken)
         at Microsoft.Extensions.Http.Logging.LoggingScopeHttpMessageHandler.<SendCoreAsync>g__Core|4_0(HttpRequestMessage request, Boolean useAsync, CancellationToken cancellationToken)
info: System.Net.Http.HttpClient.IChatbotDispatchClient.ClientHandler[101]
      Received HTTP response headers after 8432.9465ms - 502
info: System.Net.Http.HttpClient.IChatbotDispatchClient.LogicalHandler[101]
      End processing HTTP request after 8433.0446ms - 502
info: System.Net.Http.HttpClient.IChatbotDispatchClient.LogicalHandler[100]
      Start processing HTTP request GET http://127.0.0.1:8765/api/platform/projects/proj_sst-general/releases?*
info: System.Net.Http.HttpClient.IChatbotDispatchClient.ClientHandler[100]
      Sending HTTP request GET http://127.0.0.1:8765/api/platform/projects/proj_sst-general/releases?*
info: System.Net.Http.HttpClient.IChatbotDispatchClient.ClientHandler[101]
      Received HTTP response headers after 11.5558ms - 200
info: System.Net.Http.HttpClient.IChatbotDispatchClient.LogicalHandler[101]
      End processing HTTP request after 11.6952ms - 200
[ChatbotDispatch DEBUG] POST /api/chatbot/questions body={"project_id":"proj_sst-general","rag_variant_id":"ragv_local-bge","rag_release_id":"ragr_1d2f9c1a4f444da0","question":"Que lineamientos aplican a proveedores y contratistas en SST?","conversation_id":"conv_chunks_20260828172002","message_id":"msg_chunks_20260828172100_08","top_k":8}
info: System.Net.Http.HttpClient.IChatbotDispatchClient.LogicalHandler[100]
      Start processing HTTP request POST http://127.0.0.1:8765/api/chatbot/questions
info: System.Net.Http.HttpClient.IChatbotDispatchClient.ClientHandler[100]
      Sending HTTP request POST http://127.0.0.1:8765/api/chatbot/questions
info: System.Net.Http.HttpClient.ILlmProvider.LogicalHandler[100]
      Start processing HTTP request POST http://127.0.0.1:8001/v1/chat/completions
info: System.Net.Http.HttpClient.ILlmProvider.ClientHandler[100]
      Sending HTTP request POST http://127.0.0.1:8001/v1/chat/completions
info: System.Net.Http.HttpClient.ILlmProvider.ClientHandler[104]
      HTTP request failed after 2036.0286ms
      System.Net.Http.HttpRequestException: No se puede establecer una conexión ya que el equipo de destino denegó expresamente dicha conexión. (127.0.0.1:8001)
       ---> System.Net.Sockets.SocketException (10061): No se puede establecer una conexión ya que el equipo de destino denegó expresamente dicha conexión.
         at System.Net.Sockets.Socket.AwaitableSocketAsyncEventArgs.ThrowException(SocketError error, CancellationToken cancellationToken)
         at System.Net.Sockets.Socket.AwaitableSocketAsyncEventArgs.System.Threading.Tasks.Sources.IValueTaskSource.GetResult(Int16 token)
         at System.Net.Http.HttpConnectionPool.ConnectToTcpHostAsync(String host, Int32 port, HttpRequestMessage initialRequest, Boolean async, CancellationToken cancellationToken)
         --- End of inner exception stack trace ---
         at System.Net.Http.HttpConnectionPool.ConnectToTcpHostAsync(String host, Int32 port, HttpRequestMessage initialRequest, Boolean async, CancellationToken cancellationToken)
         at System.Net.Http.HttpConnectionPool.ConnectAsync(HttpRequestMessage request, Boolean async, CancellationToken cancellationToken)
         at System.Net.Http.HttpConnectionPool.CreateHttp11ConnectionAsync(HttpRequestMessage request, Boolean async, CancellationToken cancellationToken)
         at System.Net.Http.HttpConnectionPool.InjectNewHttp11ConnectionAsync(QueueItem queueItem)
         at System.Threading.Tasks.TaskCompletionSourceWithCancellation`1.WaitWithCancellationAsync(CancellationToken cancellationToken)
         at System.Net.Http.HttpConnectionPool.SendWithVersionDetectionAndRetryAsync(HttpRequestMessage request, Boolean async, Boolean doRequestAuth, CancellationToken cancellationToken)
         at System.Net.Http.DiagnosticsHandler.SendAsyncCore(HttpRequestMessage request, Boolean async, CancellationToken cancellationToken)
         at System.Net.Http.RedirectHandler.SendAsync(HttpRequestMessage request, Boolean async, CancellationToken cancellationToken)
         at Microsoft.Extensions.Http.Logging.LoggingHttpMessageHandler.<SendCoreAsync>g__Core|4_0(HttpRequestMessage request, Boolean useAsync, CancellationToken cancellationToken)
info: System.Net.Http.HttpClient.ILlmProvider.LogicalHandler[104]
      HTTP request failed after 2036.4256ms
      System.Net.Http.HttpRequestException: No se puede establecer una conexión ya que el equipo de destino denegó expresamente dicha conexión. (127.0.0.1:8001)
       ---> System.Net.Sockets.SocketException (10061): No se puede establecer una conexión ya que el equipo de destino denegó expresamente dicha conexión.
         at System.Net.Sockets.Socket.AwaitableSocketAsyncEventArgs.ThrowException(SocketError error, CancellationToken cancellationToken)
         at System.Net.Sockets.Socket.AwaitableSocketAsyncEventArgs.System.Threading.Tasks.Sources.IValueTaskSource.GetResult(Int16 token)
         at System.Net.Http.HttpConnectionPool.ConnectToTcpHostAsync(String host, Int32 port, HttpRequestMessage initialRequest, Boolean async, CancellationToken cancellationToken)
         --- End of inner exception stack trace ---
         at System.Net.Http.HttpConnectionPool.ConnectToTcpHostAsync(String host, Int32 port, HttpRequestMessage initialRequest, Boolean async, CancellationToken cancellationToken)
         at System.Net.Http.HttpConnectionPool.ConnectAsync(HttpRequestMessage request, Boolean async, CancellationToken cancellationToken)
         at System.Net.Http.HttpConnectionPool.CreateHttp11ConnectionAsync(HttpRequestMessage request, Boolean async, CancellationToken cancellationToken)
         at System.Net.Http.HttpConnectionPool.InjectNewHttp11ConnectionAsync(QueueItem queueItem)
         at System.Threading.Tasks.TaskCompletionSourceWithCancellation`1.WaitWithCancellationAsync(CancellationToken cancellationToken)
         at System.Net.Http.HttpConnectionPool.SendWithVersionDetectionAndRetryAsync(HttpRequestMessage request, Boolean async, Boolean doRequestAuth, CancellationToken cancellationToken)
         at System.Net.Http.DiagnosticsHandler.SendAsyncCore(HttpRequestMessage request, Boolean async, CancellationToken cancellationToken)
         at System.Net.Http.RedirectHandler.SendAsync(HttpRequestMessage request, Boolean async, CancellationToken cancellationToken)
         at Microsoft.Extensions.Http.Logging.LoggingHttpMessageHandler.<SendCoreAsync>g__Core|4_0(HttpRequestMessage request, Boolean useAsync, CancellationToken cancellationToken)
         at Microsoft.Extensions.Http.Logging.LoggingScopeHttpMessageHandler.<SendCoreAsync>g__Core|4_0(HttpRequestMessage request, Boolean useAsync, CancellationToken cancellationToken)
info: System.Net.Http.HttpClient.IChatbotDispatchClient.ClientHandler[101]
      Received HTTP response headers after 7449.7863ms - 502
info: System.Net.Http.HttpClient.IChatbotDispatchClient.LogicalHandler[101]
      End processing HTTP request after 7449.8679ms - 502
info: System.Net.Http.HttpClient.IChatbotDispatchClient.LogicalHandler[100]
      Start processing HTTP request GET http://127.0.0.1:8765/api/platform/projects/proj_sst-general/releases?*
info: System.Net.Http.HttpClient.IChatbotDispatchClient.ClientHandler[100]
      Sending HTTP request GET http://127.0.0.1:8765/api/platform/projects/proj_sst-general/releases?*
info: System.Net.Http.HttpClient.IChatbotDispatchClient.ClientHandler[101]
      Received HTTP response headers after 173.0457ms - 200
info: System.Net.Http.HttpClient.IChatbotDispatchClient.LogicalHandler[101]
      End processing HTTP request after 173.1606ms - 200
[ChatbotDispatch DEBUG] POST /api/chatbot/questions body={"project_id":"proj_sst-general","rag_variant_id":"ragv_local-bge","rag_release_id":"ragr_1d2f9c1a4f444da0","question":"Como se hacen auditorias internas del SG-SST?","conversation_id":"conv_chunks_20260828172002","message_id":"msg_chunks_20260828172107_09","top_k":8}
info: System.Net.Http.HttpClient.IChatbotDispatchClient.LogicalHandler[100]
      Start processing HTTP request POST http://127.0.0.1:8765/api/chatbot/questions
info: System.Net.Http.HttpClient.IChatbotDispatchClient.ClientHandler[100]
      Sending HTTP request POST http://127.0.0.1:8765/api/chatbot/questions
info: System.Net.Http.HttpClient.ILlmProvider.LogicalHandler[100]
      Start processing HTTP request POST http://127.0.0.1:8001/v1/chat/completions
info: System.Net.Http.HttpClient.ILlmProvider.ClientHandler[100]
      Sending HTTP request POST http://127.0.0.1:8001/v1/chat/completions
info: System.Net.Http.HttpClient.ILlmProvider.ClientHandler[104]
      HTTP request failed after 2024.3507ms
      System.Net.Http.HttpRequestException: No se puede establecer una conexión ya que el equipo de destino denegó expresamente dicha conexión. (127.0.0.1:8001)
       ---> System.Net.Sockets.SocketException (10061): No se puede establecer una conexión ya que el equipo de destino denegó expresamente dicha conexión.
         at System.Net.Sockets.Socket.AwaitableSocketAsyncEventArgs.ThrowException(SocketError error, CancellationToken cancellationToken)
         at System.Net.Sockets.Socket.AwaitableSocketAsyncEventArgs.System.Threading.Tasks.Sources.IValueTaskSource.GetResult(Int16 token)
         at System.Net.Http.HttpConnectionPool.ConnectToTcpHostAsync(String host, Int32 port, HttpRequestMessage initialRequest, Boolean async, CancellationToken cancellationToken)
         --- End of inner exception stack trace ---
         at System.Net.Http.HttpConnectionPool.ConnectToTcpHostAsync(String host, Int32 port, HttpRequestMessage initialRequest, Boolean async, CancellationToken cancellationToken)
         at System.Net.Http.HttpConnectionPool.ConnectAsync(HttpRequestMessage request, Boolean async, CancellationToken cancellationToken)
         at System.Net.Http.HttpConnectionPool.CreateHttp11ConnectionAsync(HttpRequestMessage request, Boolean async, CancellationToken cancellationToken)
         at System.Net.Http.HttpConnectionPool.InjectNewHttp11ConnectionAsync(QueueItem queueItem)
         at System.Threading.Tasks.TaskCompletionSourceWithCancellation`1.WaitWithCancellationAsync(CancellationToken cancellationToken)
         at System.Net.Http.HttpConnectionPool.SendWithVersionDetectionAndRetryAsync(HttpRequestMessage request, Boolean async, Boolean doRequestAuth, CancellationToken cancellationToken)
         at System.Net.Http.DiagnosticsHandler.SendAsyncCore(HttpRequestMessage request, Boolean async, CancellationToken cancellationToken)
         at System.Net.Http.RedirectHandler.SendAsync(HttpRequestMessage request, Boolean async, CancellationToken cancellationToken)
         at Microsoft.Extensions.Http.Logging.LoggingHttpMessageHandler.<SendCoreAsync>g__Core|4_0(HttpRequestMessage request, Boolean useAsync, CancellationToken cancellationToken)
info: System.Net.Http.HttpClient.ILlmProvider.LogicalHandler[104]
      HTTP request failed after 2024.7029ms
      System.Net.Http.HttpRequestException: No se puede establecer una conexión ya que el equipo de destino denegó expresamente dicha conexión. (127.0.0.1:8001)
       ---> System.Net.Sockets.SocketException (10061): No se puede establecer una conexión ya que el equipo de destino denegó expresamente dicha conexión.
         at System.Net.Sockets.Socket.AwaitableSocketAsyncEventArgs.ThrowException(SocketError error, CancellationToken cancellationToken)
         at System.Net.Sockets.Socket.AwaitableSocketAsyncEventArgs.System.Threading.Tasks.Sources.IValueTaskSource.GetResult(Int16 token)
         at System.Net.Http.HttpConnectionPool.ConnectToTcpHostAsync(String host, Int32 port, HttpRequestMessage initialRequest, Boolean async, CancellationToken cancellationToken)
         --- End of inner exception stack trace ---
         at System.Net.Http.HttpConnectionPool.ConnectToTcpHostAsync(String host, Int32 port, HttpRequestMessage initialRequest, Boolean async, CancellationToken cancellationToken)
         at System.Net.Http.HttpConnectionPool.ConnectAsync(HttpRequestMessage request, Boolean async, CancellationToken cancellationToken)
         at System.Net.Http.HttpConnectionPool.CreateHttp11ConnectionAsync(HttpRequestMessage request, Boolean async, CancellationToken cancellationToken)
         at System.Net.Http.HttpConnectionPool.InjectNewHttp11ConnectionAsync(QueueItem queueItem)
         at System.Threading.Tasks.TaskCompletionSourceWithCancellation`1.WaitWithCancellationAsync(CancellationToken cancellationToken)
         at System.Net.Http.HttpConnectionPool.SendWithVersionDetectionAndRetryAsync(HttpRequestMessage request, Boolean async, Boolean doRequestAuth, CancellationToken cancellationToken)
         at System.Net.Http.DiagnosticsHandler.SendAsyncCore(HttpRequestMessage request, Boolean async, CancellationToken cancellationToken)
         at System.Net.Http.RedirectHandler.SendAsync(HttpRequestMessage request, Boolean async, CancellationToken cancellationToken)
         at Microsoft.Extensions.Http.Logging.LoggingHttpMessageHandler.<SendCoreAsync>g__Core|4_0(HttpRequestMessage request, Boolean useAsync, CancellationToken cancellationToken)
         at Microsoft.Extensions.Http.Logging.LoggingScopeHttpMessageHandler.<SendCoreAsync>g__Core|4_0(HttpRequestMessage request, Boolean useAsync, CancellationToken cancellationToken)
info: System.Net.Http.HttpClient.IChatbotDispatchClient.ClientHandler[101]
      Received HTTP response headers after 8905.6115ms - 502
info: System.Net.Http.HttpClient.IChatbotDispatchClient.LogicalHandler[101]
      End processing HTTP request after 8905.6984ms - 502
info: System.Net.Http.HttpClient.IChatbotDispatchClient.LogicalHandler[100]
      Start processing HTTP request GET http://127.0.0.1:8765/api/platform/projects/proj_sst-general/releases?*
info: System.Net.Http.HttpClient.IChatbotDispatchClient.ClientHandler[100]
      Sending HTTP request GET http://127.0.0.1:8765/api/platform/projects/proj_sst-general/releases?*
info: System.Net.Http.HttpClient.IChatbotDispatchClient.ClientHandler[101]
      Received HTTP response headers after 123.5982ms - 200
info: System.Net.Http.HttpClient.IChatbotDispatchClient.LogicalHandler[101]
      End processing HTTP request after 123.6622ms - 200
[ChatbotDispatch DEBUG] POST /api/chatbot/questions body={"project_id":"proj_sst-general","rag_variant_id":"ragv_local-bge","rag_release_id":"ragr_1d2f9c1a4f444da0","question":"Como se revisa el SG-SST por la alta direccion?","conversation_id":"conv_chunks_20260828172002","message_id":"msg_chunks_20260828172116_10","top_k":8}
info: System.Net.Http.HttpClient.IChatbotDispatchClient.LogicalHandler[100]
      Start processing HTTP request POST http://127.0.0.1:8765/api/chatbot/questions
info: System.Net.Http.HttpClient.IChatbotDispatchClient.ClientHandler[100]
      Sending HTTP request POST http://127.0.0.1:8765/api/chatbot/questions
info: System.Net.Http.HttpClient.IChatbotDispatchClient.ClientHandler[104]
      HTTP request failed after 1.351ms
      System.Net.Http.HttpRequestException: An error occurred while sending the request.
       ---> System.Net.Http.HttpIOException: The response ended prematurely. (ResponseEnded)
         at System.Net.Http.HttpConnection.SendAsync(HttpRequestMessage request, Boolean async, CancellationToken cancellationToken)
         --- End of inner exception stack trace ---
         at System.Net.Http.HttpConnection.SendAsync(HttpRequestMessage request, Boolean async, CancellationToken cancellationToken)
         at System.Net.Http.HttpConnectionPool.SendWithVersionDetectionAndRetryAsync(HttpRequestMessage request, Boolean async, Boolean doRequestAuth, CancellationToken cancellationToken)
         at System.Net.Http.DiagnosticsHandler.SendAsyncCore(HttpRequestMessage request, Boolean async, CancellationToken cancellationToken)
         at System.Net.Http.RedirectHandler.SendAsync(HttpRequestMessage request, Boolean async, CancellationToken cancellationToken)
         at Microsoft.Extensions.Http.Logging.LoggingHttpMessageHandler.<SendCoreAsync>g__Core|4_0(HttpRequestMessage request, Boolean useAsync, CancellationToken cancellationToken)
info: System.Net.Http.HttpClient.IChatbotDispatchClient.LogicalHandler[104]
      HTTP request failed after 1.487ms
      System.Net.Http.HttpRequestException: An error occurred while sending the request.
       ---> System.Net.Http.HttpIOException: The response ended prematurely. (ResponseEnded)
         at System.Net.Http.HttpConnection.SendAsync(HttpRequestMessage request, Boolean async, CancellationToken cancellationToken)
         --- End of inner exception stack trace ---
         at System.Net.Http.HttpConnection.SendAsync(HttpRequestMessage request, Boolean async, CancellationToken cancellationToken)
         at System.Net.Http.HttpConnectionPool.SendWithVersionDetectionAndRetryAsync(HttpRequestMessage request, Boolean async, Boolean doRequestAuth, CancellationToken cancellationToken)
         at System.Net.Http.DiagnosticsHandler.SendAsyncCore(HttpRequestMessage request, Boolean async, CancellationToken cancellationToken)
         at System.Net.Http.RedirectHandler.SendAsync(HttpRequestMessage request, Boolean async, CancellationToken cancellationToken)
         at Microsoft.Extensions.Http.Logging.LoggingHttpMessageHandler.<SendCoreAsync>g__Core|4_0(HttpRequestMessage request, Boolean useAsync, CancellationToken cancellationToken)
         at Microsoft.Extensions.Http.Logging.LoggingScopeHttpMessageHandler.<SendCoreAsync>g__Core|4_0(HttpRequestMessage request, Boolean useAsync, CancellationToken cancellationToken)
fail: Microsoft.AspNetCore.Diagnostics.DeveloperExceptionPageMiddleware[1]
      An unhandled exception has occurred while executing the request.
      System.Net.Http.HttpRequestException: An error occurred while sending the request.
       ---> System.Net.Http.HttpIOException: The response ended prematurely. (ResponseEnded)
         at System.Net.Http.HttpConnection.SendAsync(HttpRequestMessage request, Boolean async, CancellationToken cancellationToken)
         --- End of inner exception stack trace ---
         at System.Net.Http.HttpConnection.SendAsync(HttpRequestMessage request, Boolean async, CancellationToken cancellationToken)
         at System.Net.Http.HttpConnectionPool.SendWithVersionDetectionAndRetryAsync(HttpRequestMessage request, Boolean async, Boolean doRequestAuth, CancellationToken cancellationToken)
         at System.Net.Http.DiagnosticsHandler.SendAsyncCore(HttpRequestMessage request, Boolean async, CancellationToken cancellationToken)
         at System.Net.Http.RedirectHandler.SendAsync(HttpRequestMessage request, Boolean async, CancellationToken cancellationToken)
         at Microsoft.Extensions.Http.Logging.LoggingHttpMessageHandler.<SendCoreAsync>g__Core|4_0(HttpRequestMessage request, Boolean useAsync, CancellationToken cancellationToken)
         at Microsoft.Extensions.Http.Logging.LoggingScopeHttpMessageHandler.<SendCoreAsync>g__Core|4_0(HttpRequestMessage request, Boolean useAsync, CancellationToken cancellationToken)
         at System.Net.Http.HttpClient.<SendAsync>g__Core|83_0(HttpRequestMessage request, HttpCompletionOption completionOption, CancellationTokenSource cts, Boolean disposeCts, CancellationTokenSource pendingRequestsCts, CancellationToken originalCancellationToken)
         at Chatbot.Sst.Infrastructure.Dispatch.HttpChatbotDispatchClient.DispatchAsync(ChatQuestionSubmission submission, CancellationToken cancellationToken) in C:\Users\jvrincon\Documents\chatbot_aplicado_sst\app\back\src\Chatbot.Sst.Infrastructure\Dispatch\HttpChatbotDispatchClient.cs:line 53
         at Chatbot.Sst.Application.ChatDispatchCoordinator.SubmitAsync(ChatQuestionSubmission submission, CancellationToken cancellationToken) in C:\Users\jvrincon\Documents\chatbot_aplicado_sst\app\back\src\Chatbot.Sst.Application\ChatDispatchCoordinator.cs:line 38
         at Program.<>c.<<<Main>$>b__0_1>d.MoveNext() in C:\Users\jvrincon\Documents\chatbot_aplicado_sst\app\back\src\Chatbot.Sst.Api\Program.cs:line 62
      --- End of stack trace from previous location ---
         at Microsoft.AspNetCore.Http.RequestDelegateFactory.ExecuteTaskResult[T](Task`1 task, HttpContext httpContext)
         at Microsoft.AspNetCore.Http.RequestDelegateFactory.<>c__DisplayClass102_2.<<HandleRequestBodyAndCompileRequestDelegateForJson>b__2>d.MoveNext()
      --- End of stack trace from previous location ---
         at Microsoft.AspNetCore.Diagnostics.DeveloperExceptionPageMiddlewareImpl.Invoke(HttpContext context)
info: System.Net.Http.HttpClient.IChatbotDispatchClient.LogicalHandler[100]
      Start processing HTTP request GET http://127.0.0.1:8765/api/platform/projects/proj_sst-general/releases?*
info: System.Net.Http.HttpClient.IChatbotDispatchClient.ClientHandler[100]
      Sending HTTP request GET http://127.0.0.1:8765/api/platform/projects/proj_sst-general/releases?*
info: System.Net.Http.HttpClient.IChatbotDispatchClient.ClientHandler[101]
      Received HTTP response headers after 16.5222ms - 200
info: System.Net.Http.HttpClient.IChatbotDispatchClient.LogicalHandler[101]
      End processing HTTP request after 16.622ms - 200
[ChatbotDispatch DEBUG] POST /api/chatbot/questions body={"project_id":"proj_sst-general","rag_variant_id":"ragv_local-bge","rag_release_id":"ragr_1d2f9c1a4f444da0","question":"Que fuentes se usan para identificar oportunidades de mejora continua?","conversation_id":"conv_chunks_20260828172002","message_id":"msg_chunks_20260828172117_11","top_k":8}
info: System.Net.Http.HttpClient.IChatbotDispatchClient.LogicalHandler[100]
      Start processing HTTP request POST http://127.0.0.1:8765/api/chatbot/questions
info: System.Net.Http.HttpClient.IChatbotDispatchClient.ClientHandler[100]
      Sending HTTP request POST http://127.0.0.1:8765/api/chatbot/questions
info: System.Net.Http.HttpClient.ILlmProvider.LogicalHandler[100]
      Start processing HTTP request POST http://127.0.0.1:8001/v1/chat/completions
info: System.Net.Http.HttpClient.ILlmProvider.ClientHandler[100]
      Sending HTTP request POST http://127.0.0.1:8001/v1/chat/completions
info: System.Net.Http.HttpClient.ILlmProvider.ClientHandler[104]
      HTTP request failed after 2047.0816ms
      System.Net.Http.HttpRequestException: No se puede establecer una conexión ya que el equipo de destino denegó expresamente dicha conexión. (127.0.0.1:8001)
       ---> System.Net.Sockets.SocketException (10061): No se puede establecer una conexión ya que el equipo de destino denegó expresamente dicha conexión.
         at System.Net.Sockets.Socket.AwaitableSocketAsyncEventArgs.ThrowException(SocketError error, CancellationToken cancellationToken)
         at System.Net.Sockets.Socket.AwaitableSocketAsyncEventArgs.System.Threading.Tasks.Sources.IValueTaskSource.GetResult(Int16 token)
         at System.Net.Http.HttpConnectionPool.ConnectToTcpHostAsync(String host, Int32 port, HttpRequestMessage initialRequest, Boolean async, CancellationToken cancellationToken)
         --- End of inner exception stack trace ---
         at System.Net.Http.HttpConnectionPool.ConnectToTcpHostAsync(String host, Int32 port, HttpRequestMessage initialRequest, Boolean async, CancellationToken cancellationToken)
         at System.Net.Http.HttpConnectionPool.ConnectAsync(HttpRequestMessage request, Boolean async, CancellationToken cancellationToken)
         at System.Net.Http.HttpConnectionPool.CreateHttp11ConnectionAsync(HttpRequestMessage request, Boolean async, CancellationToken cancellationToken)
         at System.Net.Http.HttpConnectionPool.InjectNewHttp11ConnectionAsync(QueueItem queueItem)
         at System.Threading.Tasks.TaskCompletionSourceWithCancellation`1.WaitWithCancellationAsync(CancellationToken cancellationToken)
         at System.Net.Http.HttpConnectionPool.SendWithVersionDetectionAndRetryAsync(HttpRequestMessage request, Boolean async, Boolean doRequestAuth, CancellationToken cancellationToken)
         at System.Net.Http.DiagnosticsHandler.SendAsyncCore(HttpRequestMessage request, Boolean async, CancellationToken cancellationToken)
         at System.Net.Http.RedirectHandler.SendAsync(HttpRequestMessage request, Boolean async, CancellationToken cancellationToken)
         at Microsoft.Extensions.Http.Logging.LoggingHttpMessageHandler.<SendCoreAsync>g__Core|4_0(HttpRequestMessage request, Boolean useAsync, CancellationToken cancellationToken)
info: System.Net.Http.HttpClient.ILlmProvider.LogicalHandler[104]
      HTTP request failed after 2047.3046ms
      System.Net.Http.HttpRequestException: No se puede establecer una conexión ya que el equipo de destino denegó expresamente dicha conexión. (127.0.0.1:8001)
       ---> System.Net.Sockets.SocketException (10061): No se puede establecer una conexión ya que el equipo de destino denegó expresamente dicha conexión.
         at System.Net.Sockets.Socket.AwaitableSocketAsyncEventArgs.ThrowException(SocketError error, CancellationToken cancellationToken)
         at System.Net.Sockets.Socket.AwaitableSocketAsyncEventArgs.System.Threading.Tasks.Sources.IValueTaskSource.GetResult(Int16 token)
         at System.Net.Http.HttpConnectionPool.ConnectToTcpHostAsync(String host, Int32 port, HttpRequestMessage initialRequest, Boolean async, CancellationToken cancellationToken)
         --- End of inner exception stack trace ---
         at System.Net.Http.HttpConnectionPool.ConnectToTcpHostAsync(String host, Int32 port, HttpRequestMessage initialRequest, Boolean async, CancellationToken cancellationToken)
         at System.Net.Http.HttpConnectionPool.ConnectAsync(HttpRequestMessage request, Boolean async, CancellationToken cancellationToken)
         at System.Net.Http.HttpConnectionPool.CreateHttp11ConnectionAsync(HttpRequestMessage request, Boolean async, CancellationToken cancellationToken)
         at System.Net.Http.HttpConnectionPool.InjectNewHttp11ConnectionAsync(QueueItem queueItem)
         at System.Threading.Tasks.TaskCompletionSourceWithCancellation`1.WaitWithCancellationAsync(CancellationToken cancellationToken)
         at System.Net.Http.HttpConnectionPool.SendWithVersionDetectionAndRetryAsync(HttpRequestMessage request, Boolean async, Boolean doRequestAuth, CancellationToken cancellationToken)
         at System.Net.Http.DiagnosticsHandler.SendAsyncCore(HttpRequestMessage request, Boolean async, CancellationToken cancellationToken)
         at System.Net.Http.RedirectHandler.SendAsync(HttpRequestMessage request, Boolean async, CancellationToken cancellationToken)
         at Microsoft.Extensions.Http.Logging.LoggingHttpMessageHandler.<SendCoreAsync>g__Core|4_0(HttpRequestMessage request, Boolean useAsync, CancellationToken cancellationToken)
         at Microsoft.Extensions.Http.Logging.LoggingScopeHttpMessageHandler.<SendCoreAsync>g__Core|4_0(HttpRequestMessage request, Boolean useAsync, CancellationToken cancellationToken)
info: System.Net.Http.HttpClient.IChatbotDispatchClient.ClientHandler[101]
      Received HTTP response headers after 8047.6414ms - 502
info: System.Net.Http.HttpClient.IChatbotDispatchClient.LogicalHandler[101]
      End processing HTTP request after 8047.7644ms - 502
info: System.Net.Http.HttpClient.IChatbotDispatchClient.LogicalHandler[100]
      Start processing HTTP request GET http://127.0.0.1:8765/api/platform/projects/proj_sst-general/releases?*
info: System.Net.Http.HttpClient.IChatbotDispatchClient.ClientHandler[100]
      Sending HTTP request GET http://127.0.0.1:8765/api/platform/projects/proj_sst-general/releases?*
info: System.Net.Http.HttpClient.IChatbotDispatchClient.ClientHandler[101]
      Received HTTP response headers after 107.2024ms - 200
info: System.Net.Http.HttpClient.IChatbotDispatchClient.LogicalHandler[101]
      End processing HTTP request after 107.2947ms - 200
[ChatbotDispatch DEBUG] POST /api/chatbot/questions body={"project_id":"proj_sst-general","rag_variant_id":"ragv_local-bge","rag_release_id":"ragr_1d2f9c1a4f444da0","question":"Como se gestionan las acciones correctivas y preventivas?","conversation_id":"conv_chunks_20260828172002","message_id":"msg_chunks_20260828172125_12","top_k":8}
info: System.Net.Http.HttpClient.IChatbotDispatchClient.LogicalHandler[100]
      Start processing HTTP request POST http://127.0.0.1:8765/api/chatbot/questions
info: System.Net.Http.HttpClient.IChatbotDispatchClient.ClientHandler[100]
      Sending HTTP request POST http://127.0.0.1:8765/api/chatbot/questions
info: System.Net.Http.HttpClient.IChatbotDispatchClient.ClientHandler[104]
      HTTP request failed after 0.4748ms
      System.Net.Http.HttpRequestException: An error occurred while sending the request.
       ---> System.Net.Http.HttpIOException: The response ended prematurely. (ResponseEnded)
         at System.Net.Http.HttpConnection.SendAsync(HttpRequestMessage request, Boolean async, CancellationToken cancellationToken)
         --- End of inner exception stack trace ---
         at System.Net.Http.HttpConnection.SendAsync(HttpRequestMessage request, Boolean async, CancellationToken cancellationToken)
         at System.Net.Http.HttpConnectionPool.SendWithVersionDetectionAndRetryAsync(HttpRequestMessage request, Boolean async, Boolean doRequestAuth, CancellationToken cancellationToken)
         at System.Net.Http.DiagnosticsHandler.SendAsyncCore(HttpRequestMessage request, Boolean async, CancellationToken cancellationToken)
         at System.Net.Http.RedirectHandler.SendAsync(HttpRequestMessage request, Boolean async, CancellationToken cancellationToken)
         at Microsoft.Extensions.Http.Logging.LoggingHttpMessageHandler.<SendCoreAsync>g__Core|4_0(HttpRequestMessage request, Boolean useAsync, CancellationToken cancellationToken)
info: System.Net.Http.HttpClient.IChatbotDispatchClient.LogicalHandler[104]
      HTTP request failed after 0.6547ms
      System.Net.Http.HttpRequestException: An error occurred while sending the request.
       ---> System.Net.Http.HttpIOException: The response ended prematurely. (ResponseEnded)
         at System.Net.Http.HttpConnection.SendAsync(HttpRequestMessage request, Boolean async, CancellationToken cancellationToken)
         --- End of inner exception stack trace ---
         at System.Net.Http.HttpConnection.SendAsync(HttpRequestMessage request, Boolean async, CancellationToken cancellationToken)
         at System.Net.Http.HttpConnectionPool.SendWithVersionDetectionAndRetryAsync(HttpRequestMessage request, Boolean async, Boolean doRequestAuth, CancellationToken cancellationToken)
         at System.Net.Http.DiagnosticsHandler.SendAsyncCore(HttpRequestMessage request, Boolean async, CancellationToken cancellationToken)
         at System.Net.Http.RedirectHandler.SendAsync(HttpRequestMessage request, Boolean async, CancellationToken cancellationToken)
         at Microsoft.Extensions.Http.Logging.LoggingHttpMessageHandler.<SendCoreAsync>g__Core|4_0(HttpRequestMessage request, Boolean useAsync, CancellationToken cancellationToken)
         at Microsoft.Extensions.Http.Logging.LoggingScopeHttpMessageHandler.<SendCoreAsync>g__Core|4_0(HttpRequestMessage request, Boolean useAsync, CancellationToken cancellationToken)
fail: Microsoft.AspNetCore.Diagnostics.DeveloperExceptionPageMiddleware[1]
      An unhandled exception has occurred while executing the request.
      System.Net.Http.HttpRequestException: An error occurred while sending the request.
       ---> System.Net.Http.HttpIOException: The response ended prematurely. (ResponseEnded)
         at System.Net.Http.HttpConnection.SendAsync(HttpRequestMessage request, Boolean async, CancellationToken cancellationToken)
         --- End of inner exception stack trace ---
         at System.Net.Http.HttpConnection.SendAsync(HttpRequestMessage request, Boolean async, CancellationToken cancellationToken)
         at System.Net.Http.HttpConnectionPool.SendWithVersionDetectionAndRetryAsync(HttpRequestMessage request, Boolean async, Boolean doRequestAuth, CancellationToken cancellationToken)
         at System.Net.Http.DiagnosticsHandler.SendAsyncCore(HttpRequestMessage request, Boolean async, CancellationToken cancellationToken)
         at System.Net.Http.RedirectHandler.SendAsync(HttpRequestMessage request, Boolean async, CancellationToken cancellationToken)
         at Microsoft.Extensions.Http.Logging.LoggingHttpMessageHandler.<SendCoreAsync>g__Core|4_0(HttpRequestMessage request, Boolean useAsync, CancellationToken cancellationToken)
         at Microsoft.Extensions.Http.Logging.LoggingScopeHttpMessageHandler.<SendCoreAsync>g__Core|4_0(HttpRequestMessage request, Boolean useAsync, CancellationToken cancellationToken)
         at System.Net.Http.HttpClient.<SendAsync>g__Core|83_0(HttpRequestMessage request, HttpCompletionOption completionOption, CancellationTokenSource cts, Boolean disposeCts, CancellationTokenSource pendingRequestsCts, CancellationToken originalCancellationToken)
         at Chatbot.Sst.Infrastructure.Dispatch.HttpChatbotDispatchClient.DispatchAsync(ChatQuestionSubmission submission, CancellationToken cancellationToken) in C:\Users\jvrincon\Documents\chatbot_aplicado_sst\app\back\src\Chatbot.Sst.Infrastructure\Dispatch\HttpChatbotDispatchClient.cs:line 53
         at Chatbot.Sst.Application.ChatDispatchCoordinator.SubmitAsync(ChatQuestionSubmission submission, CancellationToken cancellationToken) in C:\Users\jvrincon\Documents\chatbot_aplicado_sst\app\back\src\Chatbot.Sst.Application\ChatDispatchCoordinator.cs:line 38
         at Program.<>c.<<<Main>$>b__0_1>d.MoveNext() in C:\Users\jvrincon\Documents\chatbot_aplicado_sst\app\back\src\Chatbot.Sst.Api\Program.cs:line 62
      --- End of stack trace from previous location ---
         at Microsoft.AspNetCore.Http.RequestDelegateFactory.ExecuteTaskResult[T](Task`1 task, HttpContext httpContext)
         at Microsoft.AspNetCore.Http.RequestDelegateFactory.<>c__DisplayClass102_2.<<HandleRequestBodyAndCompileRequestDelegateForJson>b__2>d.MoveNext()
      --- End of stack trace from previous location ---
         at Microsoft.AspNetCore.Diagnostics.DeveloperExceptionPageMiddlewareImpl.Invoke(HttpContext context)
info: System.Net.Http.HttpClient.IChatbotDispatchClient.LogicalHandler[100]
      Start processing HTTP request GET http://127.0.0.1:8765/api/platform/projects/proj_sst-general/releases?*
info: System.Net.Http.HttpClient.IChatbotDispatchClient.ClientHandler[100]
      Sending HTTP request GET http://127.0.0.1:8765/api/platform/projects/proj_sst-general/releases?*
info: System.Net.Http.HttpClient.IChatbotDispatchClient.ClientHandler[101]
      Received HTTP response headers after 13.4769ms - 200
info: System.Net.Http.HttpClient.IChatbotDispatchClient.LogicalHandler[101]
      End processing HTTP request after 13.5517ms - 200
[ChatbotDispatch DEBUG] POST /api/chatbot/questions body={"project_id":"proj_sst-general","rag_variant_id":"ragv_local-bge","rag_release_id":"ragr_1d2f9c1a4f444da0","question":"Como se investigan incidentes accidentes y enfermedades laborales?","conversation_id":"conv_chunks_20260828172002","message_id":"msg_chunks_20260828172125_13","top_k":8}
info: System.Net.Http.HttpClient.IChatbotDispatchClient.LogicalHandler[100]
      Start processing HTTP request POST http://127.0.0.1:8765/api/chatbot/questions
info: System.Net.Http.HttpClient.IChatbotDispatchClient.ClientHandler[100]
      Sending HTTP request POST http://127.0.0.1:8765/api/chatbot/questions
info: System.Net.Http.HttpClient.ILlmProvider.LogicalHandler[100]
      Start processing HTTP request POST http://127.0.0.1:8001/v1/chat/completions
info: System.Net.Http.HttpClient.ILlmProvider.ClientHandler[100]
      Sending HTTP request POST http://127.0.0.1:8001/v1/chat/completions
info: System.Net.Http.HttpClient.ILlmProvider.ClientHandler[104]
      HTTP request failed after 2045.6992ms
      System.Net.Http.HttpRequestException: No se puede establecer una conexión ya que el equipo de destino denegó expresamente dicha conexión. (127.0.0.1:8001)
       ---> System.Net.Sockets.SocketException (10061): No se puede establecer una conexión ya que el equipo de destino denegó expresamente dicha conexión.
         at System.Net.Sockets.Socket.AwaitableSocketAsyncEventArgs.ThrowException(SocketError error, CancellationToken cancellationToken)
         at System.Net.Sockets.Socket.AwaitableSocketAsyncEventArgs.System.Threading.Tasks.Sources.IValueTaskSource.GetResult(Int16 token)
         at System.Net.Http.HttpConnectionPool.ConnectToTcpHostAsync(String host, Int32 port, HttpRequestMessage initialRequest, Boolean async, CancellationToken cancellationToken)
         --- End of inner exception stack trace ---
         at System.Net.Http.HttpConnectionPool.ConnectToTcpHostAsync(String host, Int32 port, HttpRequestMessage initialRequest, Boolean async, CancellationToken cancellationToken)
         at System.Net.Http.HttpConnectionPool.ConnectAsync(HttpRequestMessage request, Boolean async, CancellationToken cancellationToken)
         at System.Net.Http.HttpConnectionPool.CreateHttp11ConnectionAsync(HttpRequestMessage request, Boolean async, CancellationToken cancellationToken)
         at System.Net.Http.HttpConnectionPool.InjectNewHttp11ConnectionAsync(QueueItem queueItem)
         at System.Threading.Tasks.TaskCompletionSourceWithCancellation`1.WaitWithCancellationAsync(CancellationToken cancellationToken)
         at System.Net.Http.HttpConnectionPool.SendWithVersionDetectionAndRetryAsync(HttpRequestMessage request, Boolean async, Boolean doRequestAuth, CancellationToken cancellationToken)
         at System.Net.Http.DiagnosticsHandler.SendAsyncCore(HttpRequestMessage request, Boolean async, CancellationToken cancellationToken)
         at System.Net.Http.RedirectHandler.SendAsync(HttpRequestMessage request, Boolean async, CancellationToken cancellationToken)
         at Microsoft.Extensions.Http.Logging.LoggingHttpMessageHandler.<SendCoreAsync>g__Core|4_0(HttpRequestMessage request, Boolean useAsync, CancellationToken cancellationToken)
info: System.Net.Http.HttpClient.ILlmProvider.LogicalHandler[104]
      HTTP request failed after 2045.9363ms
      System.Net.Http.HttpRequestException: No se puede establecer una conexión ya que el equipo de destino denegó expresamente dicha conexión. (127.0.0.1:8001)
       ---> System.Net.Sockets.SocketException (10061): No se puede establecer una conexión ya que el equipo de destino denegó expresamente dicha conexión.
         at System.Net.Sockets.Socket.AwaitableSocketAsyncEventArgs.ThrowException(SocketError error, CancellationToken cancellationToken)
         at System.Net.Sockets.Socket.AwaitableSocketAsyncEventArgs.System.Threading.Tasks.Sources.IValueTaskSource.GetResult(Int16 token)
         at System.Net.Http.HttpConnectionPool.ConnectToTcpHostAsync(String host, Int32 port, HttpRequestMessage initialRequest, Boolean async, CancellationToken cancellationToken)
         --- End of inner exception stack trace ---
         at System.Net.Http.HttpConnectionPool.ConnectToTcpHostAsync(String host, Int32 port, HttpRequestMessage initialRequest, Boolean async, CancellationToken cancellationToken)
         at System.Net.Http.HttpConnectionPool.ConnectAsync(HttpRequestMessage request, Boolean async, CancellationToken cancellationToken)
         at System.Net.Http.HttpConnectionPool.CreateHttp11ConnectionAsync(HttpRequestMessage request, Boolean async, CancellationToken cancellationToken)
         at System.Net.Http.HttpConnectionPool.InjectNewHttp11ConnectionAsync(QueueItem queueItem)
         at System.Threading.Tasks.TaskCompletionSourceWithCancellation`1.WaitWithCancellationAsync(CancellationToken cancellationToken)
         at System.Net.Http.HttpConnectionPool.SendWithVersionDetectionAndRetryAsync(HttpRequestMessage request, Boolean async, Boolean doRequestAuth, CancellationToken cancellationToken)
         at System.Net.Http.DiagnosticsHandler.SendAsyncCore(HttpRequestMessage request, Boolean async, CancellationToken cancellationToken)
         at System.Net.Http.RedirectHandler.SendAsync(HttpRequestMessage request, Boolean async, CancellationToken cancellationToken)
         at Microsoft.Extensions.Http.Logging.LoggingHttpMessageHandler.<SendCoreAsync>g__Core|4_0(HttpRequestMessage request, Boolean useAsync, CancellationToken cancellationToken)
         at Microsoft.Extensions.Http.Logging.LoggingScopeHttpMessageHandler.<SendCoreAsync>g__Core|4_0(HttpRequestMessage request, Boolean useAsync, CancellationToken cancellationToken)
info: System.Net.Http.HttpClient.IChatbotDispatchClient.ClientHandler[101]
      Received HTTP response headers after 9434.2792ms - 502
info: System.Net.Http.HttpClient.IChatbotDispatchClient.LogicalHandler[101]
      End processing HTTP request after 9434.4048ms - 502
info: System.Net.Http.HttpClient.IChatbotDispatchClient.LogicalHandler[100]
      Start processing HTTP request GET http://127.0.0.1:8765/api/platform/projects/proj_sst-general/releases?*
info: System.Net.Http.HttpClient.IChatbotDispatchClient.ClientHandler[100]
      Sending HTTP request GET http://127.0.0.1:8765/api/platform/projects/proj_sst-general/releases?*
info: System.Net.Http.HttpClient.IChatbotDispatchClient.ClientHandler[101]
      Received HTTP response headers after 65.2331ms - 200
info: System.Net.Http.HttpClient.IChatbotDispatchClient.LogicalHandler[101]
      End processing HTTP request after 65.3016ms - 200
[ChatbotDispatch DEBUG] POST /api/chatbot/questions body={"project_id":"proj_sst-general","rag_variant_id":"ragv_local-bge","rag_release_id":"ragr_1d2f9c1a4f444da0","question":"Que debe comunicarse al COPASST sobre investigaciones de accidentes?","conversation_id":"conv_chunks_20260828172002","message_id":"msg_chunks_20260828172134_14","top_k":8}
info: System.Net.Http.HttpClient.IChatbotDispatchClient.LogicalHandler[100]
      Start processing HTTP request POST http://127.0.0.1:8765/api/chatbot/questions
info: System.Net.Http.HttpClient.IChatbotDispatchClient.ClientHandler[100]
      Sending HTTP request POST http://127.0.0.1:8765/api/chatbot/questions
info: System.Net.Http.HttpClient.IChatbotDispatchClient.ClientHandler[104]
      HTTP request failed after 0.5995ms
      System.Net.Http.HttpRequestException: An error occurred while sending the request.
       ---> System.Net.Http.HttpIOException: The response ended prematurely. (ResponseEnded)
         at System.Net.Http.HttpConnection.SendAsync(HttpRequestMessage request, Boolean async, CancellationToken cancellationToken)
         --- End of inner exception stack trace ---
         at System.Net.Http.HttpConnection.SendAsync(HttpRequestMessage request, Boolean async, CancellationToken cancellationToken)
         at System.Net.Http.HttpConnectionPool.SendWithVersionDetectionAndRetryAsync(HttpRequestMessage request, Boolean async, Boolean doRequestAuth, CancellationToken cancellationToken)
         at System.Net.Http.DiagnosticsHandler.SendAsyncCore(HttpRequestMessage request, Boolean async, CancellationToken cancellationToken)
         at System.Net.Http.RedirectHandler.SendAsync(HttpRequestMessage request, Boolean async, CancellationToken cancellationToken)
         at Microsoft.Extensions.Http.Logging.LoggingHttpMessageHandler.<SendCoreAsync>g__Core|4_0(HttpRequestMessage request, Boolean useAsync, CancellationToken cancellationToken)
info: System.Net.Http.HttpClient.IChatbotDispatchClient.LogicalHandler[104]
      HTTP request failed after 0.7823ms
      System.Net.Http.HttpRequestException: An error occurred while sending the request.
       ---> System.Net.Http.HttpIOException: The response ended prematurely. (ResponseEnded)
         at System.Net.Http.HttpConnection.SendAsync(HttpRequestMessage request, Boolean async, CancellationToken cancellationToken)
         --- End of inner exception stack trace ---
         at System.Net.Http.HttpConnection.SendAsync(HttpRequestMessage request, Boolean async, CancellationToken cancellationToken)
         at System.Net.Http.HttpConnectionPool.SendWithVersionDetectionAndRetryAsync(HttpRequestMessage request, Boolean async, Boolean doRequestAuth, CancellationToken cancellationToken)
         at System.Net.Http.DiagnosticsHandler.SendAsyncCore(HttpRequestMessage request, Boolean async, CancellationToken cancellationToken)
         at System.Net.Http.RedirectHandler.SendAsync(HttpRequestMessage request, Boolean async, CancellationToken cancellationToken)
         at Microsoft.Extensions.Http.Logging.LoggingHttpMessageHandler.<SendCoreAsync>g__Core|4_0(HttpRequestMessage request, Boolean useAsync, CancellationToken cancellationToken)
         at Microsoft.Extensions.Http.Logging.LoggingScopeHttpMessageHandler.<SendCoreAsync>g__Core|4_0(HttpRequestMessage request, Boolean useAsync, CancellationToken cancellationToken)
fail: Microsoft.AspNetCore.Diagnostics.DeveloperExceptionPageMiddleware[1]
      An unhandled exception has occurred while executing the request.
      System.Net.Http.HttpRequestException: An error occurred while sending the request.
       ---> System.Net.Http.HttpIOException: The response ended prematurely. (ResponseEnded)
         at System.Net.Http.HttpConnection.SendAsync(HttpRequestMessage request, Boolean async, CancellationToken cancellationToken)
         --- End of inner exception stack trace ---
         at System.Net.Http.HttpConnection.SendAsync(HttpRequestMessage request, Boolean async, CancellationToken cancellationToken)
         at System.Net.Http.HttpConnectionPool.SendWithVersionDetectionAndRetryAsync(HttpRequestMessage request, Boolean async, Boolean doRequestAuth, CancellationToken cancellationToken)
         at System.Net.Http.DiagnosticsHandler.SendAsyncCore(HttpRequestMessage request, Boolean async, CancellationToken cancellationToken)
         at System.Net.Http.RedirectHandler.SendAsync(HttpRequestMessage request, Boolean async, CancellationToken cancellationToken)
         at Microsoft.Extensions.Http.Logging.LoggingHttpMessageHandler.<SendCoreAsync>g__Core|4_0(HttpRequestMessage request, Boolean useAsync, CancellationToken cancellationToken)
         at Microsoft.Extensions.Http.Logging.LoggingScopeHttpMessageHandler.<SendCoreAsync>g__Core|4_0(HttpRequestMessage request, Boolean useAsync, CancellationToken cancellationToken)
         at System.Net.Http.HttpClient.<SendAsync>g__Core|83_0(HttpRequestMessage request, HttpCompletionOption completionOption, CancellationTokenSource cts, Boolean disposeCts, CancellationTokenSource pendingRequestsCts, CancellationToken originalCancellationToken)
         at Chatbot.Sst.Infrastructure.Dispatch.HttpChatbotDispatchClient.DispatchAsync(ChatQuestionSubmission submission, CancellationToken cancellationToken) in C:\Users\jvrincon\Documents\chatbot_aplicado_sst\app\back\src\Chatbot.Sst.Infrastructure\Dispatch\HttpChatbotDispatchClient.cs:line 53
         at Chatbot.Sst.Application.ChatDispatchCoordinator.SubmitAsync(ChatQuestionSubmission submission, CancellationToken cancellationToken) in C:\Users\jvrincon\Documents\chatbot_aplicado_sst\app\back\src\Chatbot.Sst.Application\ChatDispatchCoordinator.cs:line 38
         at Program.<>c.<<<Main>$>b__0_1>d.MoveNext() in C:\Users\jvrincon\Documents\chatbot_aplicado_sst\app\back\src\Chatbot.Sst.Api\Program.cs:line 62
      --- End of stack trace from previous location ---
         at Microsoft.AspNetCore.Http.RequestDelegateFactory.ExecuteTaskResult[T](Task`1 task, HttpContext httpContext)
         at Microsoft.AspNetCore.Http.RequestDelegateFactory.<>c__DisplayClass102_2.<<HandleRequestBodyAndCompileRequestDelegateForJson>b__2>d.MoveNext()
      --- End of stack trace from previous location ---
         at Microsoft.AspNetCore.Diagnostics.DeveloperExceptionPageMiddlewareImpl.Invoke(HttpContext context)
info: System.Net.Http.HttpClient.IChatbotDispatchClient.LogicalHandler[100]
      Start processing HTTP request GET http://127.0.0.1:8765/api/platform/projects/proj_sst-general/releases?*
info: System.Net.Http.HttpClient.IChatbotDispatchClient.ClientHandler[100]
      Sending HTTP request GET http://127.0.0.1:8765/api/platform/projects/proj_sst-general/releases?*
info: System.Net.Http.HttpClient.IChatbotDispatchClient.ClientHandler[101]
      Received HTTP response headers after 11.5337ms - 200
info: System.Net.Http.HttpClient.IChatbotDispatchClient.LogicalHandler[101]
      End processing HTTP request after 11.7375ms - 200
[ChatbotDispatch DEBUG] POST /api/chatbot/questions body={"project_id":"proj_sst-general","rag_variant_id":"ragv_local-bge","rag_release_id":"ragr_1d2f9c1a4f444da0","question":"Que responsabilidades tiene la ARL en seguridad y salud en el trabajo?","conversation_id":"conv_chunks_20260828172002","message_id":"msg_chunks_20260828172134_15","top_k":8}
info: System.Net.Http.HttpClient.IChatbotDispatchClient.LogicalHandler[100]
      Start processing HTTP request POST http://127.0.0.1:8765/api/chatbot/questions
info: System.Net.Http.HttpClient.IChatbotDispatchClient.ClientHandler[100]
      Sending HTTP request POST http://127.0.0.1:8765/api/chatbot/questions
info: System.Net.Http.HttpClient.IChatbotDispatchClient.ClientHandler[104]
      HTTP request failed after 0.68ms
      System.Net.Http.HttpRequestException: An error occurred while sending the request.
       ---> System.Net.Http.HttpIOException: The response ended prematurely. (ResponseEnded)
         at System.Net.Http.HttpConnection.SendAsync(HttpRequestMessage request, Boolean async, CancellationToken cancellationToken)
         --- End of inner exception stack trace ---
         at System.Net.Http.HttpConnection.SendAsync(HttpRequestMessage request, Boolean async, CancellationToken cancellationToken)
         at System.Net.Http.HttpConnectionPool.SendWithVersionDetectionAndRetryAsync(HttpRequestMessage request, Boolean async, Boolean doRequestAuth, CancellationToken cancellationToken)
         at System.Net.Http.DiagnosticsHandler.SendAsyncCore(HttpRequestMessage request, Boolean async, CancellationToken cancellationToken)
         at System.Net.Http.RedirectHandler.SendAsync(HttpRequestMessage request, Boolean async, CancellationToken cancellationToken)
         at Microsoft.Extensions.Http.Logging.LoggingHttpMessageHandler.<SendCoreAsync>g__Core|4_0(HttpRequestMessage request, Boolean useAsync, CancellationToken cancellationToken)
info: System.Net.Http.HttpClient.IChatbotDispatchClient.LogicalHandler[104]
      HTTP request failed after 0.8169ms
      System.Net.Http.HttpRequestException: An error occurred while sending the request.
       ---> System.Net.Http.HttpIOException: The response ended prematurely. (ResponseEnded)
         at System.Net.Http.HttpConnection.SendAsync(HttpRequestMessage request, Boolean async, CancellationToken cancellationToken)
         --- End of inner exception stack trace ---
         at System.Net.Http.HttpConnection.SendAsync(HttpRequestMessage request, Boolean async, CancellationToken cancellationToken)
         at System.Net.Http.HttpConnectionPool.SendWithVersionDetectionAndRetryAsync(HttpRequestMessage request, Boolean async, Boolean doRequestAuth, CancellationToken cancellationToken)
         at System.Net.Http.DiagnosticsHandler.SendAsyncCore(HttpRequestMessage request, Boolean async, CancellationToken cancellationToken)
         at System.Net.Http.RedirectHandler.SendAsync(HttpRequestMessage request, Boolean async, CancellationToken cancellationToken)
         at Microsoft.Extensions.Http.Logging.LoggingHttpMessageHandler.<SendCoreAsync>g__Core|4_0(HttpRequestMessage request, Boolean useAsync, CancellationToken cancellationToken)
         at Microsoft.Extensions.Http.Logging.LoggingScopeHttpMessageHandler.<SendCoreAsync>g__Core|4_0(HttpRequestMessage request, Boolean useAsync, CancellationToken cancellationToken)
fail: Microsoft.AspNetCore.Diagnostics.DeveloperExceptionPageMiddleware[1]
      An unhandled exception has occurred while executing the request.
      System.Net.Http.HttpRequestException: An error occurred while sending the request.
       ---> System.Net.Http.HttpIOException: The response ended prematurely. (ResponseEnded)
         at System.Net.Http.HttpConnection.SendAsync(HttpRequestMessage request, Boolean async, CancellationToken cancellationToken)
         --- End of inner exception stack trace ---
         at System.Net.Http.HttpConnection.SendAsync(HttpRequestMessage request, Boolean async, CancellationToken cancellationToken)
         at System.Net.Http.HttpConnectionPool.SendWithVersionDetectionAndRetryAsync(HttpRequestMessage request, Boolean async, Boolean doRequestAuth, CancellationToken cancellationToken)
         at System.Net.Http.DiagnosticsHandler.SendAsyncCore(HttpRequestMessage request, Boolean async, CancellationToken cancellationToken)
         at System.Net.Http.RedirectHandler.SendAsync(HttpRequestMessage request, Boolean async, CancellationToken cancellationToken)
         at Microsoft.Extensions.Http.Logging.LoggingHttpMessageHandler.<SendCoreAsync>g__Core|4_0(HttpRequestMessage request, Boolean useAsync, CancellationToken cancellationToken)
         at Microsoft.Extensions.Http.Logging.LoggingScopeHttpMessageHandler.<SendCoreAsync>g__Core|4_0(HttpRequestMessage request, Boolean useAsync, CancellationToken cancellationToken)
         at System.Net.Http.HttpClient.<SendAsync>g__Core|83_0(HttpRequestMessage request, HttpCompletionOption completionOption, CancellationTokenSource cts, Boolean disposeCts, CancellationTokenSource pendingRequestsCts, CancellationToken originalCancellationToken)
         at Chatbot.Sst.Infrastructure.Dispatch.HttpChatbotDispatchClient.DispatchAsync(ChatQuestionSubmission submission, CancellationToken cancellationToken) in C:\Users\jvrincon\Documents\chatbot_aplicado_sst\app\back\src\Chatbot.Sst.Infrastructure\Dispatch\HttpChatbotDispatchClient.cs:line 53
         at Chatbot.Sst.Application.ChatDispatchCoordinator.SubmitAsync(ChatQuestionSubmission submission, CancellationToken cancellationToken) in C:\Users\jvrincon\Documents\chatbot_aplicado_sst\app\back\src\Chatbot.Sst.Application\ChatDispatchCoordinator.cs:line 38
         at Program.<>c.<<<Main>$>b__0_1>d.MoveNext() in C:\Users\jvrincon\Documents\chatbot_aplicado_sst\app\back\src\Chatbot.Sst.Api\Program.cs:line 62
      --- End of stack trace from previous location ---
         at Microsoft.AspNetCore.Http.RequestDelegateFactory.ExecuteTaskResult[T](Task`1 task, HttpContext httpContext)
         at Microsoft.AspNetCore.Http.RequestDelegateFactory.<>c__DisplayClass102_2.<<HandleRequestBodyAndCompileRequestDelegateForJson>b__2>d.MoveNext()
      --- End of stack trace from previous location ---
         at Microsoft.AspNetCore.Diagnostics.DeveloperExceptionPageMiddlewareImpl.Invoke(HttpContext context)
info: System.Net.Http.HttpClient.IChatbotDispatchClient.LogicalHandler[100]
      Start processing HTTP request GET http://127.0.0.1:8765/api/platform/projects/proj_sst-general/releases?*
info: System.Net.Http.HttpClient.IChatbotDispatchClient.ClientHandler[100]
      Sending HTTP request GET http://127.0.0.1:8765/api/platform/projects/proj_sst-general/releases?*
info: System.Net.Http.HttpClient.IChatbotDispatchClient.ClientHandler[101]
      Received HTTP response headers after 9.9956ms - 200
info: System.Net.Http.HttpClient.IChatbotDispatchClient.LogicalHandler[101]
      End processing HTTP request after 10.0471ms - 200
[ChatbotDispatch DEBUG] POST /api/chatbot/questions body={"project_id":"proj_sst-general","rag_variant_id":"ragv_local-bge","rag_release_id":"ragr_1d2f9c1a4f444da0","question":"Que responsabilidades de SST tiene la organizacion?","conversation_id":"conv_chunks_20260828172002","message_id":"msg_chunks_20260828172134_16","top_k":8}
info: System.Net.Http.HttpClient.IChatbotDispatchClient.LogicalHandler[100]
      Start processing HTTP request POST http://127.0.0.1:8765/api/chatbot/questions
info: System.Net.Http.HttpClient.IChatbotDispatchClient.ClientHandler[100]
      Sending HTTP request POST http://127.0.0.1:8765/api/chatbot/questions
info: System.Net.Http.HttpClient.IChatbotDispatchClient.ClientHandler[104]
      HTTP request failed after 0.6508ms
      System.Net.Http.HttpRequestException: An error occurred while sending the request.
       ---> System.Net.Http.HttpIOException: The response ended prematurely. (ResponseEnded)
         at System.Net.Http.HttpConnection.SendAsync(HttpRequestMessage request, Boolean async, CancellationToken cancellationToken)
         --- End of inner exception stack trace ---
         at System.Net.Http.HttpConnection.SendAsync(HttpRequestMessage request, Boolean async, CancellationToken cancellationToken)
         at System.Net.Http.HttpConnectionPool.SendWithVersionDetectionAndRetryAsync(HttpRequestMessage request, Boolean async, Boolean doRequestAuth, CancellationToken cancellationToken)
         at System.Net.Http.DiagnosticsHandler.SendAsyncCore(HttpRequestMessage request, Boolean async, CancellationToken cancellationToken)
         at System.Net.Http.RedirectHandler.SendAsync(HttpRequestMessage request, Boolean async, CancellationToken cancellationToken)
         at Microsoft.Extensions.Http.Logging.LoggingHttpMessageHandler.<SendCoreAsync>g__Core|4_0(HttpRequestMessage request, Boolean useAsync, CancellationToken cancellationToken)
info: System.Net.Http.HttpClient.IChatbotDispatchClient.LogicalHandler[104]
      HTTP request failed after 0.8973ms
      System.Net.Http.HttpRequestException: An error occurred while sending the request.
       ---> System.Net.Http.HttpIOException: The response ended prematurely. (ResponseEnded)
         at System.Net.Http.HttpConnection.SendAsync(HttpRequestMessage request, Boolean async, CancellationToken cancellationToken)
         --- End of inner exception stack trace ---
         at System.Net.Http.HttpConnection.SendAsync(HttpRequestMessage request, Boolean async, CancellationToken cancellationToken)
         at System.Net.Http.HttpConnectionPool.SendWithVersionDetectionAndRetryAsync(HttpRequestMessage request, Boolean async, Boolean doRequestAuth, CancellationToken cancellationToken)
         at System.Net.Http.DiagnosticsHandler.SendAsyncCore(HttpRequestMessage request, Boolean async, CancellationToken cancellationToken)
         at System.Net.Http.RedirectHandler.SendAsync(HttpRequestMessage request, Boolean async, CancellationToken cancellationToken)
         at Microsoft.Extensions.Http.Logging.LoggingHttpMessageHandler.<SendCoreAsync>g__Core|4_0(HttpRequestMessage request, Boolean useAsync, CancellationToken cancellationToken)
         at Microsoft.Extensions.Http.Logging.LoggingScopeHttpMessageHandler.<SendCoreAsync>g__Core|4_0(HttpRequestMessage request, Boolean useAsync, CancellationToken cancellationToken)
fail: Microsoft.AspNetCore.Diagnostics.DeveloperExceptionPageMiddleware[1]
      An unhandled exception has occurred while executing the request.
      System.Net.Http.HttpRequestException: An error occurred while sending the request.
       ---> System.Net.Http.HttpIOException: The response ended prematurely. (ResponseEnded)
         at System.Net.Http.HttpConnection.SendAsync(HttpRequestMessage request, Boolean async, CancellationToken cancellationToken)
         --- End of inner exception stack trace ---
         at System.Net.Http.HttpConnection.SendAsync(HttpRequestMessage request, Boolean async, CancellationToken cancellationToken)
         at System.Net.Http.HttpConnectionPool.SendWithVersionDetectionAndRetryAsync(HttpRequestMessage request, Boolean async, Boolean doRequestAuth, CancellationToken cancellationToken)
         at System.Net.Http.DiagnosticsHandler.SendAsyncCore(HttpRequestMessage request, Boolean async, CancellationToken cancellationToken)
         at System.Net.Http.RedirectHandler.SendAsync(HttpRequestMessage request, Boolean async, CancellationToken cancellationToken)
         at Microsoft.Extensions.Http.Logging.LoggingHttpMessageHandler.<SendCoreAsync>g__Core|4_0(HttpRequestMessage request, Boolean useAsync, CancellationToken cancellationToken)
         at Microsoft.Extensions.Http.Logging.LoggingScopeHttpMessageHandler.<SendCoreAsync>g__Core|4_0(HttpRequestMessage request, Boolean useAsync, CancellationToken cancellationToken)
         at System.Net.Http.HttpClient.<SendAsync>g__Core|83_0(HttpRequestMessage request, HttpCompletionOption completionOption, CancellationTokenSource cts, Boolean disposeCts, CancellationTokenSource pendingRequestsCts, CancellationToken originalCancellationToken)
         at Chatbot.Sst.Infrastructure.Dispatch.HttpChatbotDispatchClient.DispatchAsync(ChatQuestionSubmission submission, CancellationToken cancellationToken) in C:\Users\jvrincon\Documents\chatbot_aplicado_sst\app\back\src\Chatbot.Sst.Infrastructure\Dispatch\HttpChatbotDispatchClient.cs:line 53
         at Chatbot.Sst.Application.ChatDispatchCoordinator.SubmitAsync(ChatQuestionSubmission submission, CancellationToken cancellationToken) in C:\Users\jvrincon\Documents\chatbot_aplicado_sst\app\back\src\Chatbot.Sst.Application\ChatDispatchCoordinator.cs:line 38
         at Program.<>c.<<<Main>$>b__0_1>d.MoveNext() in C:\Users\jvrincon\Documents\chatbot_aplicado_sst\app\back\src\Chatbot.Sst.Api\Program.cs:line 62
      --- End of stack trace from previous location ---
         at Microsoft.AspNetCore.Http.RequestDelegateFactory.ExecuteTaskResult[T](Task`1 task, HttpContext httpContext)
         at Microsoft.AspNetCore.Http.RequestDelegateFactory.<>c__DisplayClass102_2.<<HandleRequestBodyAndCompileRequestDelegateForJson>b__2>d.MoveNext()
      --- End of stack trace from previous location ---
         at Microsoft.AspNetCore.Diagnostics.DeveloperExceptionPageMiddlewareImpl.Invoke(HttpContext context)
info: System.Net.Http.HttpClient.IChatbotDispatchClient.LogicalHandler[100]
      Start processing HTTP request GET http://127.0.0.1:8765/api/platform/projects/proj_sst-general/releases?*
info: System.Net.Http.HttpClient.IChatbotDispatchClient.ClientHandler[100]
      Sending HTTP request GET http://127.0.0.1:8765/api/platform/projects/proj_sst-general/releases?*
info: System.Net.Http.HttpClient.IChatbotDispatchClient.ClientHandler[101]
      Received HTTP response headers after 11.615ms - 200
info: System.Net.Http.HttpClient.IChatbotDispatchClient.LogicalHandler[101]
      End processing HTTP request after 11.6701ms - 200
[ChatbotDispatch DEBUG] POST /api/chatbot/questions body={"project_id":"proj_sst-general","rag_variant_id":"ragv_local-bge","rag_release_id":"ragr_1d2f9c1a4f444da0","question":"Como funciona la induccion y capacitacion anual en SST?","conversation_id":"conv_chunks_20260828172002","message_id":"msg_chunks_20260828172134_17","top_k":8}
info: System.Net.Http.HttpClient.IChatbotDispatchClient.LogicalHandler[100]
      Start processing HTTP request POST http://127.0.0.1:8765/api/chatbot/questions
info: System.Net.Http.HttpClient.IChatbotDispatchClient.ClientHandler[100]
      Sending HTTP request POST http://127.0.0.1:8765/api/chatbot/questions
info: System.Net.Http.HttpClient.IChatbotDispatchClient.ClientHandler[104]
      HTTP request failed after 0.531ms
      System.Net.Http.HttpRequestException: An error occurred while sending the request.
       ---> System.Net.Http.HttpIOException: The response ended prematurely. (ResponseEnded)
         at System.Net.Http.HttpConnection.SendAsync(HttpRequestMessage request, Boolean async, CancellationToken cancellationToken)
         --- End of inner exception stack trace ---
         at System.Net.Http.HttpConnection.SendAsync(HttpRequestMessage request, Boolean async, CancellationToken cancellationToken)
         at System.Net.Http.HttpConnectionPool.SendWithVersionDetectionAndRetryAsync(HttpRequestMessage request, Boolean async, Boolean doRequestAuth, CancellationToken cancellationToken)
         at System.Net.Http.DiagnosticsHandler.SendAsyncCore(HttpRequestMessage request, Boolean async, CancellationToken cancellationToken)
         at System.Net.Http.RedirectHandler.SendAsync(HttpRequestMessage request, Boolean async, CancellationToken cancellationToken)
         at Microsoft.Extensions.Http.Logging.LoggingHttpMessageHandler.<SendCoreAsync>g__Core|4_0(HttpRequestMessage request, Boolean useAsync, CancellationToken cancellationToken)
info: System.Net.Http.HttpClient.IChatbotDispatchClient.LogicalHandler[104]
      HTTP request failed after 0.7782ms
      System.Net.Http.HttpRequestException: An error occurred while sending the request.
       ---> System.Net.Http.HttpIOException: The response ended prematurely. (ResponseEnded)
         at System.Net.Http.HttpConnection.SendAsync(HttpRequestMessage request, Boolean async, CancellationToken cancellationToken)
         --- End of inner exception stack trace ---
         at System.Net.Http.HttpConnection.SendAsync(HttpRequestMessage request, Boolean async, CancellationToken cancellationToken)
         at System.Net.Http.HttpConnectionPool.SendWithVersionDetectionAndRetryAsync(HttpRequestMessage request, Boolean async, Boolean doRequestAuth, CancellationToken cancellationToken)
         at System.Net.Http.DiagnosticsHandler.SendAsyncCore(HttpRequestMessage request, Boolean async, CancellationToken cancellationToken)
         at System.Net.Http.RedirectHandler.SendAsync(HttpRequestMessage request, Boolean async, CancellationToken cancellationToken)
         at Microsoft.Extensions.Http.Logging.LoggingHttpMessageHandler.<SendCoreAsync>g__Core|4_0(HttpRequestMessage request, Boolean useAsync, CancellationToken cancellationToken)
         at Microsoft.Extensions.Http.Logging.LoggingScopeHttpMessageHandler.<SendCoreAsync>g__Core|4_0(HttpRequestMessage request, Boolean useAsync, CancellationToken cancellationToken)
fail: Microsoft.AspNetCore.Diagnostics.DeveloperExceptionPageMiddleware[1]
      An unhandled exception has occurred while executing the request.
      System.Net.Http.HttpRequestException: An error occurred while sending the request.
       ---> System.Net.Http.HttpIOException: The response ended prematurely. (ResponseEnded)
         at System.Net.Http.HttpConnection.SendAsync(HttpRequestMessage request, Boolean async, CancellationToken cancellationToken)
         --- End of inner exception stack trace ---
         at System.Net.Http.HttpConnection.SendAsync(HttpRequestMessage request, Boolean async, CancellationToken cancellationToken)
         at System.Net.Http.HttpConnectionPool.SendWithVersionDetectionAndRetryAsync(HttpRequestMessage request, Boolean async, Boolean doRequestAuth, CancellationToken cancellationToken)
         at System.Net.Http.DiagnosticsHandler.SendAsyncCore(HttpRequestMessage request, Boolean async, CancellationToken cancellationToken)
         at System.Net.Http.RedirectHandler.SendAsync(HttpRequestMessage request, Boolean async, CancellationToken cancellationToken)
         at Microsoft.Extensions.Http.Logging.LoggingHttpMessageHandler.<SendCoreAsync>g__Core|4_0(HttpRequestMessage request, Boolean useAsync, CancellationToken cancellationToken)
         at Microsoft.Extensions.Http.Logging.LoggingScopeHttpMessageHandler.<SendCoreAsync>g__Core|4_0(HttpRequestMessage request, Boolean useAsync, CancellationToken cancellationToken)
         at System.Net.Http.HttpClient.<SendAsync>g__Core|83_0(HttpRequestMessage request, HttpCompletionOption completionOption, CancellationTokenSource cts, Boolean disposeCts, CancellationTokenSource pendingRequestsCts, CancellationToken originalCancellationToken)
         at Chatbot.Sst.Infrastructure.Dispatch.HttpChatbotDispatchClient.DispatchAsync(ChatQuestionSubmission submission, CancellationToken cancellationToken) in C:\Users\jvrincon\Documents\chatbot_aplicado_sst\app\back\src\Chatbot.Sst.Infrastructure\Dispatch\HttpChatbotDispatchClient.cs:line 53
         at Chatbot.Sst.Application.ChatDispatchCoordinator.SubmitAsync(ChatQuestionSubmission submission, CancellationToken cancellationToken) in C:\Users\jvrincon\Documents\chatbot_aplicado_sst\app\back\src\Chatbot.Sst.Application\ChatDispatchCoordinator.cs:line 38
         at Program.<>c.<<<Main>$>b__0_1>d.MoveNext() in C:\Users\jvrincon\Documents\chatbot_aplicado_sst\app\back\src\Chatbot.Sst.Api\Program.cs:line 62
      --- End of stack trace from previous location ---
         at Microsoft.AspNetCore.Http.RequestDelegateFactory.ExecuteTaskResult[T](Task`1 task, HttpContext httpContext)
         at Microsoft.AspNetCore.Http.RequestDelegateFactory.<>c__DisplayClass102_2.<<HandleRequestBodyAndCompileRequestDelegateForJson>b__2>d.MoveNext()
      --- End of stack trace from previous location ---
         at Microsoft.AspNetCore.Diagnostics.DeveloperExceptionPageMiddlewareImpl.Invoke(HttpContext context)
info: System.Net.Http.HttpClient.IChatbotDispatchClient.LogicalHandler[100]
      Start processing HTTP request GET http://127.0.0.1:8765/api/platform/projects/proj_sst-general/releases?*
info: System.Net.Http.HttpClient.IChatbotDispatchClient.ClientHandler[100]
      Sending HTTP request GET http://127.0.0.1:8765/api/platform/projects/proj_sst-general/releases?*
info: System.Net.Http.HttpClient.IChatbotDispatchClient.ClientHandler[101]
      Received HTTP response headers after 7.7011ms - 200
info: System.Net.Http.HttpClient.IChatbotDispatchClient.LogicalHandler[101]
      End processing HTTP request after 7.7459ms - 200
[ChatbotDispatch DEBUG] POST /api/chatbot/questions body={"project_id":"proj_sst-general","rag_variant_id":"ragv_local-bge","rag_release_id":"ragr_1d2f9c1a4f444da0","question":"Cuales son las funciones del COPASST?","conversation_id":"conv_chunks_20260828172002","message_id":"msg_chunks_20260828172134_18","top_k":8}
info: System.Net.Http.HttpClient.IChatbotDispatchClient.LogicalHandler[100]
      Start processing HTTP request POST http://127.0.0.1:8765/api/chatbot/questions
info: System.Net.Http.HttpClient.IChatbotDispatchClient.ClientHandler[100]
      Sending HTTP request POST http://127.0.0.1:8765/api/chatbot/questions
info: System.Net.Http.HttpClient.IChatbotDispatchClient.ClientHandler[104]
      HTTP request failed after 0.5425ms
      System.Net.Http.HttpRequestException: An error occurred while sending the request.
       ---> System.Net.Http.HttpIOException: The response ended prematurely. (ResponseEnded)
         at System.Net.Http.HttpConnection.SendAsync(HttpRequestMessage request, Boolean async, CancellationToken cancellationToken)
         --- End of inner exception stack trace ---
         at System.Net.Http.HttpConnection.SendAsync(HttpRequestMessage request, Boolean async, CancellationToken cancellationToken)
         at System.Net.Http.HttpConnectionPool.SendWithVersionDetectionAndRetryAsync(HttpRequestMessage request, Boolean async, Boolean doRequestAuth, CancellationToken cancellationToken)
         at System.Net.Http.DiagnosticsHandler.SendAsyncCore(HttpRequestMessage request, Boolean async, CancellationToken cancellationToken)
         at System.Net.Http.RedirectHandler.SendAsync(HttpRequestMessage request, Boolean async, CancellationToken cancellationToken)
         at Microsoft.Extensions.Http.Logging.LoggingHttpMessageHandler.<SendCoreAsync>g__Core|4_0(HttpRequestMessage request, Boolean useAsync, CancellationToken cancellationToken)
info: System.Net.Http.HttpClient.IChatbotDispatchClient.LogicalHandler[104]
      HTTP request failed after 0.6619ms
      System.Net.Http.HttpRequestException: An error occurred while sending the request.
       ---> System.Net.Http.HttpIOException: The response ended prematurely. (ResponseEnded)
         at System.Net.Http.HttpConnection.SendAsync(HttpRequestMessage request, Boolean async, CancellationToken cancellationToken)
         --- End of inner exception stack trace ---
         at System.Net.Http.HttpConnection.SendAsync(HttpRequestMessage request, Boolean async, CancellationToken cancellationToken)
         at System.Net.Http.HttpConnectionPool.SendWithVersionDetectionAndRetryAsync(HttpRequestMessage request, Boolean async, Boolean doRequestAuth, CancellationToken cancellationToken)
         at System.Net.Http.DiagnosticsHandler.SendAsyncCore(HttpRequestMessage request, Boolean async, CancellationToken cancellationToken)
         at System.Net.Http.RedirectHandler.SendAsync(HttpRequestMessage request, Boolean async, CancellationToken cancellationToken)
         at Microsoft.Extensions.Http.Logging.LoggingHttpMessageHandler.<SendCoreAsync>g__Core|4_0(HttpRequestMessage request, Boolean useAsync, CancellationToken cancellationToken)
         at Microsoft.Extensions.Http.Logging.LoggingScopeHttpMessageHandler.<SendCoreAsync>g__Core|4_0(HttpRequestMessage request, Boolean useAsync, CancellationToken cancellationToken)
fail: Microsoft.AspNetCore.Diagnostics.DeveloperExceptionPageMiddleware[1]
      An unhandled exception has occurred while executing the request.
      System.Net.Http.HttpRequestException: An error occurred while sending the request.
       ---> System.Net.Http.HttpIOException: The response ended prematurely. (ResponseEnded)
         at System.Net.Http.HttpConnection.SendAsync(HttpRequestMessage request, Boolean async, CancellationToken cancellationToken)
         --- End of inner exception stack trace ---
         at System.Net.Http.HttpConnection.SendAsync(HttpRequestMessage request, Boolean async, CancellationToken cancellationToken)
         at System.Net.Http.HttpConnectionPool.SendWithVersionDetectionAndRetryAsync(HttpRequestMessage request, Boolean async, Boolean doRequestAuth, CancellationToken cancellationToken)
         at System.Net.Http.DiagnosticsHandler.SendAsyncCore(HttpRequestMessage request, Boolean async, CancellationToken cancellationToken)
         at System.Net.Http.RedirectHandler.SendAsync(HttpRequestMessage request, Boolean async, CancellationToken cancellationToken)
         at Microsoft.Extensions.Http.Logging.LoggingHttpMessageHandler.<SendCoreAsync>g__Core|4_0(HttpRequestMessage request, Boolean useAsync, CancellationToken cancellationToken)
         at Microsoft.Extensions.Http.Logging.LoggingScopeHttpMessageHandler.<SendCoreAsync>g__Core|4_0(HttpRequestMessage request, Boolean useAsync, CancellationToken cancellationToken)
         at System.Net.Http.HttpClient.<SendAsync>g__Core|83_0(HttpRequestMessage request, HttpCompletionOption completionOption, CancellationTokenSource cts, Boolean disposeCts, CancellationTokenSource pendingRequestsCts, CancellationToken originalCancellationToken)
         at Chatbot.Sst.Infrastructure.Dispatch.HttpChatbotDispatchClient.DispatchAsync(ChatQuestionSubmission submission, CancellationToken cancellationToken) in C:\Users\jvrincon\Documents\chatbot_aplicado_sst\app\back\src\Chatbot.Sst.Infrastructure\Dispatch\HttpChatbotDispatchClient.cs:line 53
         at Chatbot.Sst.Application.ChatDispatchCoordinator.SubmitAsync(ChatQuestionSubmission submission, CancellationToken cancellationToken) in C:\Users\jvrincon\Documents\chatbot_aplicado_sst\app\back\src\Chatbot.Sst.Application\ChatDispatchCoordinator.cs:line 38
         at Program.<>c.<<<Main>$>b__0_1>d.MoveNext() in C:\Users\jvrincon\Documents\chatbot_aplicado_sst\app\back\src\Chatbot.Sst.Api\Program.cs:line 62
      --- End of stack trace from previous location ---
         at Microsoft.AspNetCore.Http.RequestDelegateFactory.ExecuteTaskResult[T](Task`1 task, HttpContext httpContext)
         at Microsoft.AspNetCore.Http.RequestDelegateFactory.<>c__DisplayClass102_2.<<HandleRequestBodyAndCompileRequestDelegateForJson>b__2>d.MoveNext()
      --- End of stack trace from previous location ---
         at Microsoft.AspNetCore.Diagnostics.DeveloperExceptionPageMiddlewareImpl.Invoke(HttpContext context)
info: System.Net.Http.HttpClient.IChatbotDispatchClient.LogicalHandler[100]
      Start processing HTTP request GET http://127.0.0.1:8765/api/platform/projects/proj_sst-general/releases?*
info: System.Net.Http.HttpClient.IChatbotDispatchClient.ClientHandler[100]
      Sending HTTP request GET http://127.0.0.1:8765/api/platform/projects/proj_sst-general/releases?*
info: System.Net.Http.HttpClient.IChatbotDispatchClient.ClientHandler[101]
      Received HTTP response headers after 9.4002ms - 200
info: System.Net.Http.HttpClient.IChatbotDispatchClient.LogicalHandler[101]
      End processing HTTP request after 9.4626ms - 200
[ChatbotDispatch DEBUG] POST /api/chatbot/questions body={"project_id":"proj_sst-general","rag_variant_id":"ragv_local-bge","rag_release_id":"ragr_1d2f9c1a4f444da0","question":"Que funciones tiene el presidente del COPASST?","conversation_id":"conv_chunks_20260828172002","message_id":"msg_chunks_20260828172134_19","top_k":8}
info: System.Net.Http.HttpClient.IChatbotDispatchClient.LogicalHandler[100]
      Start processing HTTP request POST http://127.0.0.1:8765/api/chatbot/questions
info: System.Net.Http.HttpClient.IChatbotDispatchClient.ClientHandler[100]
      Sending HTTP request POST http://127.0.0.1:8765/api/chatbot/questions
info: System.Net.Http.HttpClient.IChatbotDispatchClient.ClientHandler[104]
      HTTP request failed after 0.5284ms
      System.Net.Http.HttpRequestException: An error occurred while sending the request.
       ---> System.Net.Http.HttpIOException: The response ended prematurely. (ResponseEnded)
         at System.Net.Http.HttpConnection.SendAsync(HttpRequestMessage request, Boolean async, CancellationToken cancellationToken)
         --- End of inner exception stack trace ---
         at System.Net.Http.HttpConnection.SendAsync(HttpRequestMessage request, Boolean async, CancellationToken cancellationToken)
         at System.Net.Http.HttpConnectionPool.SendWithVersionDetectionAndRetryAsync(HttpRequestMessage request, Boolean async, Boolean doRequestAuth, CancellationToken cancellationToken)
         at System.Net.Http.DiagnosticsHandler.SendAsyncCore(HttpRequestMessage request, Boolean async, CancellationToken cancellationToken)
         at System.Net.Http.RedirectHandler.SendAsync(HttpRequestMessage request, Boolean async, CancellationToken cancellationToken)
         at Microsoft.Extensions.Http.Logging.LoggingHttpMessageHandler.<SendCoreAsync>g__Core|4_0(HttpRequestMessage request, Boolean useAsync, CancellationToken cancellationToken)
info: System.Net.Http.HttpClient.IChatbotDispatchClient.LogicalHandler[104]
      HTTP request failed after 0.7039ms
      System.Net.Http.HttpRequestException: An error occurred while sending the request.
       ---> System.Net.Http.HttpIOException: The response ended prematurely. (ResponseEnded)
         at System.Net.Http.HttpConnection.SendAsync(HttpRequestMessage request, Boolean async, CancellationToken cancellationToken)
         --- End of inner exception stack trace ---
         at System.Net.Http.HttpConnection.SendAsync(HttpRequestMessage request, Boolean async, CancellationToken cancellationToken)
         at System.Net.Http.HttpConnectionPool.SendWithVersionDetectionAndRetryAsync(HttpRequestMessage request, Boolean async, Boolean doRequestAuth, CancellationToken cancellationToken)
         at System.Net.Http.DiagnosticsHandler.SendAsyncCore(HttpRequestMessage request, Boolean async, CancellationToken cancellationToken)
         at System.Net.Http.RedirectHandler.SendAsync(HttpRequestMessage request, Boolean async, CancellationToken cancellationToken)
         at Microsoft.Extensions.Http.Logging.LoggingHttpMessageHandler.<SendCoreAsync>g__Core|4_0(HttpRequestMessage request, Boolean useAsync, CancellationToken cancellationToken)
         at Microsoft.Extensions.Http.Logging.LoggingScopeHttpMessageHandler.<SendCoreAsync>g__Core|4_0(HttpRequestMessage request, Boolean useAsync, CancellationToken cancellationToken)
fail: Microsoft.AspNetCore.Diagnostics.DeveloperExceptionPageMiddleware[1]
      An unhandled exception has occurred while executing the request.
      System.Net.Http.HttpRequestException: An error occurred while sending the request.
       ---> System.Net.Http.HttpIOException: The response ended prematurely. (ResponseEnded)
         at System.Net.Http.HttpConnection.SendAsync(HttpRequestMessage request, Boolean async, CancellationToken cancellationToken)
         --- End of inner exception stack trace ---
         at System.Net.Http.HttpConnection.SendAsync(HttpRequestMessage request, Boolean async, CancellationToken cancellationToken)
         at System.Net.Http.HttpConnectionPool.SendWithVersionDetectionAndRetryAsync(HttpRequestMessage request, Boolean async, Boolean doRequestAuth, CancellationToken cancellationToken)
         at System.Net.Http.DiagnosticsHandler.SendAsyncCore(HttpRequestMessage request, Boolean async, CancellationToken cancellationToken)
         at System.Net.Http.RedirectHandler.SendAsync(HttpRequestMessage request, Boolean async, CancellationToken cancellationToken)
         at Microsoft.Extensions.Http.Logging.LoggingHttpMessageHandler.<SendCoreAsync>g__Core|4_0(HttpRequestMessage request, Boolean useAsync, CancellationToken cancellationToken)
         at Microsoft.Extensions.Http.Logging.LoggingScopeHttpMessageHandler.<SendCoreAsync>g__Core|4_0(HttpRequestMessage request, Boolean useAsync, CancellationToken cancellationToken)
         at System.Net.Http.HttpClient.<SendAsync>g__Core|83_0(HttpRequestMessage request, HttpCompletionOption completionOption, CancellationTokenSource cts, Boolean disposeCts, CancellationTokenSource pendingRequestsCts, CancellationToken originalCancellationToken)
         at Chatbot.Sst.Infrastructure.Dispatch.HttpChatbotDispatchClient.DispatchAsync(ChatQuestionSubmission submission, CancellationToken cancellationToken) in C:\Users\jvrincon\Documents\chatbot_aplicado_sst\app\back\src\Chatbot.Sst.Infrastructure\Dispatch\HttpChatbotDispatchClient.cs:line 53
         at Chatbot.Sst.Application.ChatDispatchCoordinator.SubmitAsync(ChatQuestionSubmission submission, CancellationToken cancellationToken) in C:\Users\jvrincon\Documents\chatbot_aplicado_sst\app\back\src\Chatbot.Sst.Application\ChatDispatchCoordinator.cs:line 38
         at Program.<>c.<<<Main>$>b__0_1>d.MoveNext() in C:\Users\jvrincon\Documents\chatbot_aplicado_sst\app\back\src\Chatbot.Sst.Api\Program.cs:line 62
      --- End of stack trace from previous location ---
         at Microsoft.AspNetCore.Http.RequestDelegateFactory.ExecuteTaskResult[T](Task`1 task, HttpContext httpContext)
         at Microsoft.AspNetCore.Http.RequestDelegateFactory.<>c__DisplayClass102_2.<<HandleRequestBodyAndCompileRequestDelegateForJson>b__2>d.MoveNext()
      --- End of stack trace from previous location ---
         at Microsoft.AspNetCore.Diagnostics.DeveloperExceptionPageMiddlewareImpl.Invoke(HttpContext context)
info: System.Net.Http.HttpClient.IChatbotDispatchClient.LogicalHandler[100]
      Start processing HTTP request GET http://127.0.0.1:8765/api/platform/projects/proj_sst-general/releases?*
info: System.Net.Http.HttpClient.IChatbotDispatchClient.ClientHandler[100]
      Sending HTTP request GET http://127.0.0.1:8765/api/platform/projects/proj_sst-general/releases?*
info: System.Net.Http.HttpClient.IChatbotDispatchClient.ClientHandler[101]
      Received HTTP response headers after 8.6896ms - 200
info: System.Net.Http.HttpClient.IChatbotDispatchClient.LogicalHandler[101]
      End processing HTTP request after 8.7415ms - 200
[ChatbotDispatch DEBUG] POST /api/chatbot/questions body={"project_id":"proj_sst-general","rag_variant_id":"ragv_local-bge","rag_release_id":"ragr_1d2f9c1a4f444da0","question":"Que funciones tiene la secretaria del COPASST?","conversation_id":"conv_chunks_20260828172002","message_id":"msg_chunks_20260828172134_20","top_k":8}
info: System.Net.Http.HttpClient.IChatbotDispatchClient.LogicalHandler[100]
      Start processing HTTP request POST http://127.0.0.1:8765/api/chatbot/questions
info: System.Net.Http.HttpClient.IChatbotDispatchClient.ClientHandler[100]
      Sending HTTP request POST http://127.0.0.1:8765/api/chatbot/questions
info: System.Net.Http.HttpClient.IChatbotDispatchClient.ClientHandler[104]
      HTTP request failed after 0.4195ms
      System.Net.Http.HttpRequestException: An error occurred while sending the request.
       ---> System.Net.Http.HttpIOException: The response ended prematurely. (ResponseEnded)
         at System.Net.Http.HttpConnection.SendAsync(HttpRequestMessage request, Boolean async, CancellationToken cancellationToken)
         --- End of inner exception stack trace ---
         at System.Net.Http.HttpConnection.SendAsync(HttpRequestMessage request, Boolean async, CancellationToken cancellationToken)
         at System.Net.Http.HttpConnectionPool.SendWithVersionDetectionAndRetryAsync(HttpRequestMessage request, Boolean async, Boolean doRequestAuth, CancellationToken cancellationToken)
         at System.Net.Http.DiagnosticsHandler.SendAsyncCore(HttpRequestMessage request, Boolean async, CancellationToken cancellationToken)
         at System.Net.Http.RedirectHandler.SendAsync(HttpRequestMessage request, Boolean async, CancellationToken cancellationToken)
         at Microsoft.Extensions.Http.Logging.LoggingHttpMessageHandler.<SendCoreAsync>g__Core|4_0(HttpRequestMessage request, Boolean useAsync, CancellationToken cancellationToken)
info: System.Net.Http.HttpClient.IChatbotDispatchClient.LogicalHandler[104]
      HTTP request failed after 0.5149ms
      System.Net.Http.HttpRequestException: An error occurred while sending the request.
       ---> System.Net.Http.HttpIOException: The response ended prematurely. (ResponseEnded)
         at System.Net.Http.HttpConnection.SendAsync(HttpRequestMessage request, Boolean async, CancellationToken cancellationToken)
         --- End of inner exception stack trace ---
         at System.Net.Http.HttpConnection.SendAsync(HttpRequestMessage request, Boolean async, CancellationToken cancellationToken)
         at System.Net.Http.HttpConnectionPool.SendWithVersionDetectionAndRetryAsync(HttpRequestMessage request, Boolean async, Boolean doRequestAuth, CancellationToken cancellationToken)
         at System.Net.Http.DiagnosticsHandler.SendAsyncCore(HttpRequestMessage request, Boolean async, CancellationToken cancellationToken)
         at System.Net.Http.RedirectHandler.SendAsync(HttpRequestMessage request, Boolean async, CancellationToken cancellationToken)
         at Microsoft.Extensions.Http.Logging.LoggingHttpMessageHandler.<SendCoreAsync>g__Core|4_0(HttpRequestMessage request, Boolean useAsync, CancellationToken cancellationToken)
         at Microsoft.Extensions.Http.Logging.LoggingScopeHttpMessageHandler.<SendCoreAsync>g__Core|4_0(HttpRequestMessage request, Boolean useAsync, CancellationToken cancellationToken)
fail: Microsoft.AspNetCore.Diagnostics.DeveloperExceptionPageMiddleware[1]
      An unhandled exception has occurred while executing the request.
      System.Net.Http.HttpRequestException: An error occurred while sending the request.
       ---> System.Net.Http.HttpIOException: The response ended prematurely. (ResponseEnded)
         at System.Net.Http.HttpConnection.SendAsync(HttpRequestMessage request, Boolean async, CancellationToken cancellationToken)
         --- End of inner exception stack trace ---
         at System.Net.Http.HttpConnection.SendAsync(HttpRequestMessage request, Boolean async, CancellationToken cancellationToken)
         at System.Net.Http.HttpConnectionPool.SendWithVersionDetectionAndRetryAsync(HttpRequestMessage request, Boolean async, Boolean doRequestAuth, CancellationToken cancellationToken)
         at System.Net.Http.DiagnosticsHandler.SendAsyncCore(HttpRequestMessage request, Boolean async, CancellationToken cancellationToken)
         at System.Net.Http.RedirectHandler.SendAsync(HttpRequestMessage request, Boolean async, CancellationToken cancellationToken)
         at Microsoft.Extensions.Http.Logging.LoggingHttpMessageHandler.<SendCoreAsync>g__Core|4_0(HttpRequestMessage request, Boolean useAsync, CancellationToken cancellationToken)
         at Microsoft.Extensions.Http.Logging.LoggingScopeHttpMessageHandler.<SendCoreAsync>g__Core|4_0(HttpRequestMessage request, Boolean useAsync, CancellationToken cancellationToken)
         at System.Net.Http.HttpClient.<SendAsync>g__Core|83_0(HttpRequestMessage request, HttpCompletionOption completionOption, CancellationTokenSource cts, Boolean disposeCts, CancellationTokenSource pendingRequestsCts, CancellationToken originalCancellationToken)
         at Chatbot.Sst.Infrastructure.Dispatch.HttpChatbotDispatchClient.DispatchAsync(ChatQuestionSubmission submission, CancellationToken cancellationToken) in C:\Users\jvrincon\Documents\chatbot_aplicado_sst\app\back\src\Chatbot.Sst.Infrastructure\Dispatch\HttpChatbotDispatchClient.cs:line 53
         at Chatbot.Sst.Application.ChatDispatchCoordinator.SubmitAsync(ChatQuestionSubmission submission, CancellationToken cancellationToken) in C:\Users\jvrincon\Documents\chatbot_aplicado_sst\app\back\src\Chatbot.Sst.Application\ChatDispatchCoordinator.cs:line 38
         at Program.<>c.<<<Main>$>b__0_1>d.MoveNext() in C:\Users\jvrincon\Documents\chatbot_aplicado_sst\app\back\src\Chatbot.Sst.Api\Program.cs:line 62
      --- End of stack trace from previous location ---
         at Microsoft.AspNetCore.Http.RequestDelegateFactory.ExecuteTaskResult[T](Task`1 task, HttpContext httpContext)
         at Microsoft.AspNetCore.Http.RequestDelegateFactory.<>c__DisplayClass102_2.<<HandleRequestBodyAndCompileRequestDelegateForJson>b__2>d.MoveNext()
      --- End of stack trace from previous location ---
         at Microsoft.AspNetCore.Diagnostics.DeveloperExceptionPageMiddlewareImpl.Invoke(HttpContext context)
info: System.Net.Http.HttpClient.IChatbotDispatchClient.LogicalHandler[100]
      Start processing HTTP request GET http://127.0.0.1:8765/api/platform/projects/proj_sst-general/releases?*
info: System.Net.Http.HttpClient.IChatbotDispatchClient.ClientHandler[100]
      Sending HTTP request GET http://127.0.0.1:8765/api/platform/projects/proj_sst-general/releases?*
info: System.Net.Http.HttpClient.IChatbotDispatchClient.ClientHandler[101]
      Received HTTP response headers after 9.0932ms - 200
info: System.Net.Http.HttpClient.IChatbotDispatchClient.LogicalHandler[101]
      End processing HTTP request after 9.1465ms - 200
[ChatbotDispatch DEBUG] POST /api/chatbot/questions body={"project_id":"proj_sst-general","rag_variant_id":"ragv_local-bge","rag_release_id":"ragr_1d2f9c1a4f444da0","question":"Como se puede comunicar un trabajador con el COPASST?","conversation_id":"conv_chunks_20260828172002","message_id":"msg_chunks_20260828172134_21","top_k":8}
info: System.Net.Http.HttpClient.IChatbotDispatchClient.LogicalHandler[100]
      Start processing HTTP request POST http://127.0.0.1:8765/api/chatbot/questions
info: System.Net.Http.HttpClient.IChatbotDispatchClient.ClientHandler[100]
      Sending HTTP request POST http://127.0.0.1:8765/api/chatbot/questions
info: System.Net.Http.HttpClient.IChatbotDispatchClient.ClientHandler[104]
      HTTP request failed after 0.4979ms
      System.Net.Http.HttpRequestException: An error occurred while sending the request.
       ---> System.Net.Http.HttpIOException: The response ended prematurely. (ResponseEnded)
         at System.Net.Http.HttpConnection.SendAsync(HttpRequestMessage request, Boolean async, CancellationToken cancellationToken)
         --- End of inner exception stack trace ---
         at System.Net.Http.HttpConnection.SendAsync(HttpRequestMessage request, Boolean async, CancellationToken cancellationToken)
         at System.Net.Http.HttpConnectionPool.SendWithVersionDetectionAndRetryAsync(HttpRequestMessage request, Boolean async, Boolean doRequestAuth, CancellationToken cancellationToken)
         at System.Net.Http.DiagnosticsHandler.SendAsyncCore(HttpRequestMessage request, Boolean async, CancellationToken cancellationToken)
         at System.Net.Http.RedirectHandler.SendAsync(HttpRequestMessage request, Boolean async, CancellationToken cancellationToken)
         at Microsoft.Extensions.Http.Logging.LoggingHttpMessageHandler.<SendCoreAsync>g__Core|4_0(HttpRequestMessage request, Boolean useAsync, CancellationToken cancellationToken)
info: System.Net.Http.HttpClient.IChatbotDispatchClient.LogicalHandler[104]
      HTTP request failed after 0.5968ms
      System.Net.Http.HttpRequestException: An error occurred while sending the request.
       ---> System.Net.Http.HttpIOException: The response ended prematurely. (ResponseEnded)
         at System.Net.Http.HttpConnection.SendAsync(HttpRequestMessage request, Boolean async, CancellationToken cancellationToken)
         --- End of inner exception stack trace ---
         at System.Net.Http.HttpConnection.SendAsync(HttpRequestMessage request, Boolean async, CancellationToken cancellationToken)
         at System.Net.Http.HttpConnectionPool.SendWithVersionDetectionAndRetryAsync(HttpRequestMessage request, Boolean async, Boolean doRequestAuth, CancellationToken cancellationToken)
         at System.Net.Http.DiagnosticsHandler.SendAsyncCore(HttpRequestMessage request, Boolean async, CancellationToken cancellationToken)
         at System.Net.Http.RedirectHandler.SendAsync(HttpRequestMessage request, Boolean async, CancellationToken cancellationToken)
         at Microsoft.Extensions.Http.Logging.LoggingHttpMessageHandler.<SendCoreAsync>g__Core|4_0(HttpRequestMessage request, Boolean useAsync, CancellationToken cancellationToken)
         at Microsoft.Extensions.Http.Logging.LoggingScopeHttpMessageHandler.<SendCoreAsync>g__Core|4_0(HttpRequestMessage request, Boolean useAsync, CancellationToken cancellationToken)
fail: Microsoft.AspNetCore.Diagnostics.DeveloperExceptionPageMiddleware[1]
      An unhandled exception has occurred while executing the request.
      System.Net.Http.HttpRequestException: An error occurred while sending the request.
       ---> System.Net.Http.HttpIOException: The response ended prematurely. (ResponseEnded)
         at System.Net.Http.HttpConnection.SendAsync(HttpRequestMessage request, Boolean async, CancellationToken cancellationToken)
         --- End of inner exception stack trace ---
         at System.Net.Http.HttpConnection.SendAsync(HttpRequestMessage request, Boolean async, CancellationToken cancellationToken)
         at System.Net.Http.HttpConnectionPool.SendWithVersionDetectionAndRetryAsync(HttpRequestMessage request, Boolean async, Boolean doRequestAuth, CancellationToken cancellationToken)
         at System.Net.Http.DiagnosticsHandler.SendAsyncCore(HttpRequestMessage request, Boolean async, CancellationToken cancellationToken)
         at System.Net.Http.RedirectHandler.SendAsync(HttpRequestMessage request, Boolean async, CancellationToken cancellationToken)
         at Microsoft.Extensions.Http.Logging.LoggingHttpMessageHandler.<SendCoreAsync>g__Core|4_0(HttpRequestMessage request, Boolean useAsync, CancellationToken cancellationToken)
         at Microsoft.Extensions.Http.Logging.LoggingScopeHttpMessageHandler.<SendCoreAsync>g__Core|4_0(HttpRequestMessage request, Boolean useAsync, CancellationToken cancellationToken)
         at System.Net.Http.HttpClient.<SendAsync>g__Core|83_0(HttpRequestMessage request, HttpCompletionOption completionOption, CancellationTokenSource cts, Boolean disposeCts, CancellationTokenSource pendingRequestsCts, CancellationToken originalCancellationToken)
         at Chatbot.Sst.Infrastructure.Dispatch.HttpChatbotDispatchClient.DispatchAsync(ChatQuestionSubmission submission, CancellationToken cancellationToken) in C:\Users\jvrincon\Documents\chatbot_aplicado_sst\app\back\src\Chatbot.Sst.Infrastructure\Dispatch\HttpChatbotDispatchClient.cs:line 53
         at Chatbot.Sst.Application.ChatDispatchCoordinator.SubmitAsync(ChatQuestionSubmission submission, CancellationToken cancellationToken) in C:\Users\jvrincon\Documents\chatbot_aplicado_sst\app\back\src\Chatbot.Sst.Application\ChatDispatchCoordinator.cs:line 38
         at Program.<>c.<<<Main>$>b__0_1>d.MoveNext() in C:\Users\jvrincon\Documents\chatbot_aplicado_sst\app\back\src\Chatbot.Sst.Api\Program.cs:line 62
      --- End of stack trace from previous location ---
         at Microsoft.AspNetCore.Http.RequestDelegateFactory.ExecuteTaskResult[T](Task`1 task, HttpContext httpContext)
         at Microsoft.AspNetCore.Http.RequestDelegateFactory.<>c__DisplayClass102_2.<<HandleRequestBodyAndCompileRequestDelegateForJson>b__2>d.MoveNext()
      --- End of stack trace from previous location ---
         at Microsoft.AspNetCore.Diagnostics.DeveloperExceptionPageMiddlewareImpl.Invoke(HttpContext context)
info: System.Net.Http.HttpClient.IChatbotDispatchClient.LogicalHandler[100]
      Start processing HTTP request GET http://127.0.0.1:8765/api/platform/projects/proj_sst-general/releases?*
info: System.Net.Http.HttpClient.IChatbotDispatchClient.ClientHandler[100]
      Sending HTTP request GET http://127.0.0.1:8765/api/platform/projects/proj_sst-general/releases?*
info: System.Net.Http.HttpClient.IChatbotDispatchClient.ClientHandler[101]
      Received HTTP response headers after 8.0187ms - 200
info: System.Net.Http.HttpClient.IChatbotDispatchClient.LogicalHandler[101]
      End processing HTTP request after 8.0544ms - 200
[ChatbotDispatch DEBUG] POST /api/chatbot/questions body={"project_id":"proj_sst-general","rag_variant_id":"ragv_local-bge","rag_release_id":"ragr_1d2f9c1a4f444da0","question":"Quienes son los miembros principales y suplentes del COPASST 2025 a 2027?","conversation_id":"conv_chunks_20260828172002","message_id":"msg_chunks_20260828172134_22","top_k":8}
info: System.Net.Http.HttpClient.IChatbotDispatchClient.LogicalHandler[100]
      Start processing HTTP request POST http://127.0.0.1:8765/api/chatbot/questions
info: System.Net.Http.HttpClient.IChatbotDispatchClient.ClientHandler[100]
      Sending HTTP request POST http://127.0.0.1:8765/api/chatbot/questions
info: System.Net.Http.HttpClient.IChatbotDispatchClient.ClientHandler[104]
      HTTP request failed after 0.4511ms
      System.Net.Http.HttpRequestException: An error occurred while sending the request.
       ---> System.Net.Http.HttpIOException: The response ended prematurely. (ResponseEnded)
         at System.Net.Http.HttpConnection.SendAsync(HttpRequestMessage request, Boolean async, CancellationToken cancellationToken)
         --- End of inner exception stack trace ---
         at System.Net.Http.HttpConnection.SendAsync(HttpRequestMessage request, Boolean async, CancellationToken cancellationToken)
         at System.Net.Http.HttpConnectionPool.SendWithVersionDetectionAndRetryAsync(HttpRequestMessage request, Boolean async, Boolean doRequestAuth, CancellationToken cancellationToken)
         at System.Net.Http.DiagnosticsHandler.SendAsyncCore(HttpRequestMessage request, Boolean async, CancellationToken cancellationToken)
         at System.Net.Http.RedirectHandler.SendAsync(HttpRequestMessage request, Boolean async, CancellationToken cancellationToken)
         at Microsoft.Extensions.Http.Logging.LoggingHttpMessageHandler.<SendCoreAsync>g__Core|4_0(HttpRequestMessage request, Boolean useAsync, CancellationToken cancellationToken)
info: System.Net.Http.HttpClient.IChatbotDispatchClient.LogicalHandler[104]
      HTTP request failed after 0.5333ms
      System.Net.Http.HttpRequestException: An error occurred while sending the request.
       ---> System.Net.Http.HttpIOException: The response ended prematurely. (ResponseEnded)
         at System.Net.Http.HttpConnection.SendAsync(HttpRequestMessage request, Boolean async, CancellationToken cancellationToken)
         --- End of inner exception stack trace ---
         at System.Net.Http.HttpConnection.SendAsync(HttpRequestMessage request, Boolean async, CancellationToken cancellationToken)
         at System.Net.Http.HttpConnectionPool.SendWithVersionDetectionAndRetryAsync(HttpRequestMessage request, Boolean async, Boolean doRequestAuth, CancellationToken cancellationToken)
         at System.Net.Http.DiagnosticsHandler.SendAsyncCore(HttpRequestMessage request, Boolean async, CancellationToken cancellationToken)
         at System.Net.Http.RedirectHandler.SendAsync(HttpRequestMessage request, Boolean async, CancellationToken cancellationToken)
         at Microsoft.Extensions.Http.Logging.LoggingHttpMessageHandler.<SendCoreAsync>g__Core|4_0(HttpRequestMessage request, Boolean useAsync, CancellationToken cancellationToken)
         at Microsoft.Extensions.Http.Logging.LoggingScopeHttpMessageHandler.<SendCoreAsync>g__Core|4_0(HttpRequestMessage request, Boolean useAsync, CancellationToken cancellationToken)
fail: Microsoft.AspNetCore.Diagnostics.DeveloperExceptionPageMiddleware[1]
      An unhandled exception has occurred while executing the request.
      System.Net.Http.HttpRequestException: An error occurred while sending the request.
       ---> System.Net.Http.HttpIOException: The response ended prematurely. (ResponseEnded)
         at System.Net.Http.HttpConnection.SendAsync(HttpRequestMessage request, Boolean async, CancellationToken cancellationToken)
         --- End of inner exception stack trace ---
         at System.Net.Http.HttpConnection.SendAsync(HttpRequestMessage request, Boolean async, CancellationToken cancellationToken)
         at System.Net.Http.HttpConnectionPool.SendWithVersionDetectionAndRetryAsync(HttpRequestMessage request, Boolean async, Boolean doRequestAuth, CancellationToken cancellationToken)
         at System.Net.Http.DiagnosticsHandler.SendAsyncCore(HttpRequestMessage request, Boolean async, CancellationToken cancellationToken)
         at System.Net.Http.RedirectHandler.SendAsync(HttpRequestMessage request, Boolean async, CancellationToken cancellationToken)
         at Microsoft.Extensions.Http.Logging.LoggingHttpMessageHandler.<SendCoreAsync>g__Core|4_0(HttpRequestMessage request, Boolean useAsync, CancellationToken cancellationToken)
         at Microsoft.Extensions.Http.Logging.LoggingScopeHttpMessageHandler.<SendCoreAsync>g__Core|4_0(HttpRequestMessage request, Boolean useAsync, CancellationToken cancellationToken)
         at System.Net.Http.HttpClient.<SendAsync>g__Core|83_0(HttpRequestMessage request, HttpCompletionOption completionOption, CancellationTokenSource cts, Boolean disposeCts, CancellationTokenSource pendingRequestsCts, CancellationToken originalCancellationToken)
         at Chatbot.Sst.Infrastructure.Dispatch.HttpChatbotDispatchClient.DispatchAsync(ChatQuestionSubmission submission, CancellationToken cancellationToken) in C:\Users\jvrincon\Documents\chatbot_aplicado_sst\app\back\src\Chatbot.Sst.Infrastructure\Dispatch\HttpChatbotDispatchClient.cs:line 53
         at Chatbot.Sst.Application.ChatDispatchCoordinator.SubmitAsync(ChatQuestionSubmission submission, CancellationToken cancellationToken) in C:\Users\jvrincon\Documents\chatbot_aplicado_sst\app\back\src\Chatbot.Sst.Application\ChatDispatchCoordinator.cs:line 38
         at Program.<>c.<<<Main>$>b__0_1>d.MoveNext() in C:\Users\jvrincon\Documents\chatbot_aplicado_sst\app\back\src\Chatbot.Sst.Api\Program.cs:line 62
      --- End of stack trace from previous location ---
         at Microsoft.AspNetCore.Http.RequestDelegateFactory.ExecuteTaskResult[T](Task`1 task, HttpContext httpContext)
         at Microsoft.AspNetCore.Http.RequestDelegateFactory.<>c__DisplayClass102_2.<<HandleRequestBodyAndCompileRequestDelegateForJson>b__2>d.MoveNext()
      --- End of stack trace from previous location ---
         at Microsoft.AspNetCore.Diagnostics.DeveloperExceptionPageMiddlewareImpl.Invoke(HttpContext context)
info: System.Net.Http.HttpClient.IChatbotDispatchClient.LogicalHandler[100]
      Start processing HTTP request GET http://127.0.0.1:8765/api/platform/projects/proj_sst-general/releases?*
info: System.Net.Http.HttpClient.IChatbotDispatchClient.ClientHandler[100]
      Sending HTTP request GET http://127.0.0.1:8765/api/platform/projects/proj_sst-general/releases?*
info: System.Net.Http.HttpClient.IChatbotDispatchClient.ClientHandler[101]
      Received HTTP response headers after 6.779ms - 200
info: System.Net.Http.HttpClient.IChatbotDispatchClient.LogicalHandler[101]
      End processing HTTP request after 6.813ms - 200
[ChatbotDispatch DEBUG] POST /api/chatbot/questions body={"project_id":"proj_sst-general","rag_variant_id":"ragv_local-bge","rag_release_id":"ragr_1d2f9c1a4f444da0","question":"Quien fue nombrado presidente y secretaria del COPASST?","conversation_id":"conv_chunks_20260828172002","message_id":"msg_chunks_20260828172134_23","top_k":8}
info: System.Net.Http.HttpClient.IChatbotDispatchClient.LogicalHandler[100]
      Start processing HTTP request POST http://127.0.0.1:8765/api/chatbot/questions
info: System.Net.Http.HttpClient.IChatbotDispatchClient.ClientHandler[100]
      Sending HTTP request POST http://127.0.0.1:8765/api/chatbot/questions
info: System.Net.Http.HttpClient.IChatbotDispatchClient.ClientHandler[104]
      HTTP request failed after 0.4356ms
      System.Net.Http.HttpRequestException: An error occurred while sending the request.
       ---> System.Net.Http.HttpIOException: The response ended prematurely. (ResponseEnded)
         at System.Net.Http.HttpConnection.SendAsync(HttpRequestMessage request, Boolean async, CancellationToken cancellationToken)
         --- End of inner exception stack trace ---
         at System.Net.Http.HttpConnection.SendAsync(HttpRequestMessage request, Boolean async, CancellationToken cancellationToken)
         at System.Net.Http.HttpConnectionPool.SendWithVersionDetectionAndRetryAsync(HttpRequestMessage request, Boolean async, Boolean doRequestAuth, CancellationToken cancellationToken)
         at System.Net.Http.DiagnosticsHandler.SendAsyncCore(HttpRequestMessage request, Boolean async, CancellationToken cancellationToken)
         at System.Net.Http.RedirectHandler.SendAsync(HttpRequestMessage request, Boolean async, CancellationToken cancellationToken)
         at Microsoft.Extensions.Http.Logging.LoggingHttpMessageHandler.<SendCoreAsync>g__Core|4_0(HttpRequestMessage request, Boolean useAsync, CancellationToken cancellationToken)
info: System.Net.Http.HttpClient.IChatbotDispatchClient.LogicalHandler[104]
      HTTP request failed after 0.5443ms
      System.Net.Http.HttpRequestException: An error occurred while sending the request.
       ---> System.Net.Http.HttpIOException: The response ended prematurely. (ResponseEnded)
         at System.Net.Http.HttpConnection.SendAsync(HttpRequestMessage request, Boolean async, CancellationToken cancellationToken)
         --- End of inner exception stack trace ---
         at System.Net.Http.HttpConnection.SendAsync(HttpRequestMessage request, Boolean async, CancellationToken cancellationToken)
         at System.Net.Http.HttpConnectionPool.SendWithVersionDetectionAndRetryAsync(HttpRequestMessage request, Boolean async, Boolean doRequestAuth, CancellationToken cancellationToken)
         at System.Net.Http.DiagnosticsHandler.SendAsyncCore(HttpRequestMessage request, Boolean async, CancellationToken cancellationToken)
         at System.Net.Http.RedirectHandler.SendAsync(HttpRequestMessage request, Boolean async, CancellationToken cancellationToken)
         at Microsoft.Extensions.Http.Logging.LoggingHttpMessageHandler.<SendCoreAsync>g__Core|4_0(HttpRequestMessage request, Boolean useAsync, CancellationToken cancellationToken)
         at Microsoft.Extensions.Http.Logging.LoggingScopeHttpMessageHandler.<SendCoreAsync>g__Core|4_0(HttpRequestMessage request, Boolean useAsync, CancellationToken cancellationToken)
fail: Microsoft.AspNetCore.Diagnostics.DeveloperExceptionPageMiddleware[1]
      An unhandled exception has occurred while executing the request.
      System.Net.Http.HttpRequestException: An error occurred while sending the request.
       ---> System.Net.Http.HttpIOException: The response ended prematurely. (ResponseEnded)
         at System.Net.Http.HttpConnection.SendAsync(HttpRequestMessage request, Boolean async, CancellationToken cancellationToken)
         --- End of inner exception stack trace ---
         at System.Net.Http.HttpConnection.SendAsync(HttpRequestMessage request, Boolean async, CancellationToken cancellationToken)
         at System.Net.Http.HttpConnectionPool.SendWithVersionDetectionAndRetryAsync(HttpRequestMessage request, Boolean async, Boolean doRequestAuth, CancellationToken cancellationToken)
         at System.Net.Http.DiagnosticsHandler.SendAsyncCore(HttpRequestMessage request, Boolean async, CancellationToken cancellationToken)
         at System.Net.Http.RedirectHandler.SendAsync(HttpRequestMessage request, Boolean async, CancellationToken cancellationToken)
         at Microsoft.Extensions.Http.Logging.LoggingHttpMessageHandler.<SendCoreAsync>g__Core|4_0(HttpRequestMessage request, Boolean useAsync, CancellationToken cancellationToken)
         at Microsoft.Extensions.Http.Logging.LoggingScopeHttpMessageHandler.<SendCoreAsync>g__Core|4_0(HttpRequestMessage request, Boolean useAsync, CancellationToken cancellationToken)
         at System.Net.Http.HttpClient.<SendAsync>g__Core|83_0(HttpRequestMessage request, HttpCompletionOption completionOption, CancellationTokenSource cts, Boolean disposeCts, CancellationTokenSource pendingRequestsCts, CancellationToken originalCancellationToken)
         at Chatbot.Sst.Infrastructure.Dispatch.HttpChatbotDispatchClient.DispatchAsync(ChatQuestionSubmission submission, CancellationToken cancellationToken) in C:\Users\jvrincon\Documents\chatbot_aplicado_sst\app\back\src\Chatbot.Sst.Infrastructure\Dispatch\HttpChatbotDispatchClient.cs:line 53
         at Chatbot.Sst.Application.ChatDispatchCoordinator.SubmitAsync(ChatQuestionSubmission submission, CancellationToken cancellationToken) in C:\Users\jvrincon\Documents\chatbot_aplicado_sst\app\back\src\Chatbot.Sst.Application\ChatDispatchCoordinator.cs:line 38
         at Program.<>c.<<<Main>$>b__0_1>d.MoveNext() in C:\Users\jvrincon\Documents\chatbot_aplicado_sst\app\back\src\Chatbot.Sst.Api\Program.cs:line 62
      --- End of stack trace from previous location ---
         at Microsoft.AspNetCore.Http.RequestDelegateFactory.ExecuteTaskResult[T](Task`1 task, HttpContext httpContext)
         at Microsoft.AspNetCore.Http.RequestDelegateFactory.<>c__DisplayClass102_2.<<HandleRequestBodyAndCompileRequestDelegateForJson>b__2>d.MoveNext()
      --- End of stack trace from previous location ---
         at Microsoft.AspNetCore.Diagnostics.DeveloperExceptionPageMiddlewareImpl.Invoke(HttpContext context)
info: System.Net.Http.HttpClient.IChatbotDispatchClient.LogicalHandler[100]
      Start processing HTTP request GET http://127.0.0.1:8765/api/platform/projects/proj_sst-general/releases?*
info: System.Net.Http.HttpClient.IChatbotDispatchClient.ClientHandler[100]
      Sending HTTP request GET http://127.0.0.1:8765/api/platform/projects/proj_sst-general/releases?*
info: System.Net.Http.HttpClient.IChatbotDispatchClient.ClientHandler[101]
      Received HTTP response headers after 7.1351ms - 200
info: System.Net.Http.HttpClient.IChatbotDispatchClient.LogicalHandler[101]
      End processing HTTP request after 7.1796ms - 200
[ChatbotDispatch DEBUG] POST /api/chatbot/questions body={"project_id":"proj_sst-general","rag_variant_id":"ragv_local-bge","rag_release_id":"ragr_1d2f9c1a4f444da0","question":"Que es el comite de convivencia laboral?","conversation_id":"conv_chunks_20260828172002","message_id":"msg_chunks_20260828172134_24","top_k":8}
info: System.Net.Http.HttpClient.IChatbotDispatchClient.LogicalHandler[100]
      Start processing HTTP request POST http://127.0.0.1:8765/api/chatbot/questions
info: System.Net.Http.HttpClient.IChatbotDispatchClient.ClientHandler[100]
      Sending HTTP request POST http://127.0.0.1:8765/api/chatbot/questions
info: System.Net.Http.HttpClient.IChatbotDispatchClient.ClientHandler[104]
      HTTP request failed after 0.3845ms
      System.Net.Http.HttpRequestException: An error occurred while sending the request.
       ---> System.Net.Http.HttpIOException: The response ended prematurely. (ResponseEnded)
         at System.Net.Http.HttpConnection.SendAsync(HttpRequestMessage request, Boolean async, CancellationToken cancellationToken)
         --- End of inner exception stack trace ---
         at System.Net.Http.HttpConnection.SendAsync(HttpRequestMessage request, Boolean async, CancellationToken cancellationToken)
         at System.Net.Http.HttpConnectionPool.SendWithVersionDetectionAndRetryAsync(HttpRequestMessage request, Boolean async, Boolean doRequestAuth, CancellationToken cancellationToken)
         at System.Net.Http.DiagnosticsHandler.SendAsyncCore(HttpRequestMessage request, Boolean async, CancellationToken cancellationToken)
         at System.Net.Http.RedirectHandler.SendAsync(HttpRequestMessage request, Boolean async, CancellationToken cancellationToken)
         at Microsoft.Extensions.Http.Logging.LoggingHttpMessageHandler.<SendCoreAsync>g__Core|4_0(HttpRequestMessage request, Boolean useAsync, CancellationToken cancellationToken)
info: System.Net.Http.HttpClient.IChatbotDispatchClient.LogicalHandler[104]
      HTTP request failed after 0.492ms
      System.Net.Http.HttpRequestException: An error occurred while sending the request.
       ---> System.Net.Http.HttpIOException: The response ended prematurely. (ResponseEnded)
         at System.Net.Http.HttpConnection.SendAsync(HttpRequestMessage request, Boolean async, CancellationToken cancellationToken)
         --- End of inner exception stack trace ---
         at System.Net.Http.HttpConnection.SendAsync(HttpRequestMessage request, Boolean async, CancellationToken cancellationToken)
         at System.Net.Http.HttpConnectionPool.SendWithVersionDetectionAndRetryAsync(HttpRequestMessage request, Boolean async, Boolean doRequestAuth, CancellationToken cancellationToken)
         at System.Net.Http.DiagnosticsHandler.SendAsyncCore(HttpRequestMessage request, Boolean async, CancellationToken cancellationToken)
         at System.Net.Http.RedirectHandler.SendAsync(HttpRequestMessage request, Boolean async, CancellationToken cancellationToken)
         at Microsoft.Extensions.Http.Logging.LoggingHttpMessageHandler.<SendCoreAsync>g__Core|4_0(HttpRequestMessage request, Boolean useAsync, CancellationToken cancellationToken)
         at Microsoft.Extensions.Http.Logging.LoggingScopeHttpMessageHandler.<SendCoreAsync>g__Core|4_0(HttpRequestMessage request, Boolean useAsync, CancellationToken cancellationToken)
fail: Microsoft.AspNetCore.Diagnostics.DeveloperExceptionPageMiddleware[1]
      An unhandled exception has occurred while executing the request.
      System.Net.Http.HttpRequestException: An error occurred while sending the request.
       ---> System.Net.Http.HttpIOException: The response ended prematurely. (ResponseEnded)
         at System.Net.Http.HttpConnection.SendAsync(HttpRequestMessage request, Boolean async, CancellationToken cancellationToken)
         --- End of inner exception stack trace ---
         at System.Net.Http.HttpConnection.SendAsync(HttpRequestMessage request, Boolean async, CancellationToken cancellationToken)
         at System.Net.Http.HttpConnectionPool.SendWithVersionDetectionAndRetryAsync(HttpRequestMessage request, Boolean async, Boolean doRequestAuth, CancellationToken cancellationToken)
         at System.Net.Http.DiagnosticsHandler.SendAsyncCore(HttpRequestMessage request, Boolean async, CancellationToken cancellationToken)
         at System.Net.Http.RedirectHandler.SendAsync(HttpRequestMessage request, Boolean async, CancellationToken cancellationToken)
         at Microsoft.Extensions.Http.Logging.LoggingHttpMessageHandler.<SendCoreAsync>g__Core|4_0(HttpRequestMessage request, Boolean useAsync, CancellationToken cancellationToken)
         at Microsoft.Extensions.Http.Logging.LoggingScopeHttpMessageHandler.<SendCoreAsync>g__Core|4_0(HttpRequestMessage request, Boolean useAsync, CancellationToken cancellationToken)
         at System.Net.Http.HttpClient.<SendAsync>g__Core|83_0(HttpRequestMessage request, HttpCompletionOption completionOption, CancellationTokenSource cts, Boolean disposeCts, CancellationTokenSource pendingRequestsCts, CancellationToken originalCancellationToken)
         at Chatbot.Sst.Infrastructure.Dispatch.HttpChatbotDispatchClient.DispatchAsync(ChatQuestionSubmission submission, CancellationToken cancellationToken) in C:\Users\jvrincon\Documents\chatbot_aplicado_sst\app\back\src\Chatbot.Sst.Infrastructure\Dispatch\HttpChatbotDispatchClient.cs:line 53
         at Chatbot.Sst.Application.ChatDispatchCoordinator.SubmitAsync(ChatQuestionSubmission submission, CancellationToken cancellationToken) in C:\Users\jvrincon\Documents\chatbot_aplicado_sst\app\back\src\Chatbot.Sst.Application\ChatDispatchCoordinator.cs:line 38
         at Program.<>c.<<<Main>$>b__0_1>d.MoveNext() in C:\Users\jvrincon\Documents\chatbot_aplicado_sst\app\back\src\Chatbot.Sst.Api\Program.cs:line 62
      --- End of stack trace from previous location ---
         at Microsoft.AspNetCore.Http.RequestDelegateFactory.ExecuteTaskResult[T](Task`1 task, HttpContext httpContext)
         at Microsoft.AspNetCore.Http.RequestDelegateFactory.<>c__DisplayClass102_2.<<HandleRequestBodyAndCompileRequestDelegateForJson>b__2>d.MoveNext()
      --- End of stack trace from previous location ---
         at Microsoft.AspNetCore.Diagnostics.DeveloperExceptionPageMiddlewareImpl.Invoke(HttpContext context)
info: System.Net.Http.HttpClient.IChatbotDispatchClient.LogicalHandler[100]
      Start processing HTTP request GET http://127.0.0.1:8765/api/platform/projects/proj_sst-general/releases?*
info: System.Net.Http.HttpClient.IChatbotDispatchClient.ClientHandler[100]
      Sending HTTP request GET http://127.0.0.1:8765/api/platform/projects/proj_sst-general/releases?*
info: System.Net.Http.HttpClient.IChatbotDispatchClient.ClientHandler[101]
      Received HTTP response headers after 7.9846ms - 200
info: System.Net.Http.HttpClient.IChatbotDispatchClient.LogicalHandler[101]
      End processing HTTP request after 8.0271ms - 200
[ChatbotDispatch DEBUG] POST /api/chatbot/questions body={"project_id":"proj_sst-general","rag_variant_id":"ragv_local-bge","rag_release_id":"ragr_1d2f9c1a4f444da0","question":"Cuales son las funciones del comite de convivencia?","conversation_id":"conv_chunks_20260828172002","message_id":"msg_chunks_20260828172134_25","top_k":8}
info: System.Net.Http.HttpClient.IChatbotDispatchClient.LogicalHandler[100]
      Start processing HTTP request POST http://127.0.0.1:8765/api/chatbot/questions
info: System.Net.Http.HttpClient.IChatbotDispatchClient.ClientHandler[100]
      Sending HTTP request POST http://127.0.0.1:8765/api/chatbot/questions
info: System.Net.Http.HttpClient.ILlmProvider.LogicalHandler[100]
      Start processing HTTP request POST http://127.0.0.1:8001/v1/chat/completions
info: System.Net.Http.HttpClient.ILlmProvider.ClientHandler[100]
      Sending HTTP request POST http://127.0.0.1:8001/v1/chat/completions
info: System.Net.Http.HttpClient.ILlmProvider.ClientHandler[104]
      HTTP request failed after 2015.371ms
      System.Net.Http.HttpRequestException: No se puede establecer una conexión ya que el equipo de destino denegó expresamente dicha conexión. (127.0.0.1:8001)
       ---> System.Net.Sockets.SocketException (10061): No se puede establecer una conexión ya que el equipo de destino denegó expresamente dicha conexión.
         at System.Net.Sockets.Socket.AwaitableSocketAsyncEventArgs.ThrowException(SocketError error, CancellationToken cancellationToken)
         at System.Net.Sockets.Socket.AwaitableSocketAsyncEventArgs.System.Threading.Tasks.Sources.IValueTaskSource.GetResult(Int16 token)
         at System.Net.Http.HttpConnectionPool.ConnectToTcpHostAsync(String host, Int32 port, HttpRequestMessage initialRequest, Boolean async, CancellationToken cancellationToken)
         --- End of inner exception stack trace ---
         at System.Net.Http.HttpConnectionPool.ConnectToTcpHostAsync(String host, Int32 port, HttpRequestMessage initialRequest, Boolean async, CancellationToken cancellationToken)
         at System.Net.Http.HttpConnectionPool.ConnectAsync(HttpRequestMessage request, Boolean async, CancellationToken cancellationToken)
         at System.Net.Http.HttpConnectionPool.CreateHttp11ConnectionAsync(HttpRequestMessage request, Boolean async, CancellationToken cancellationToken)
         at System.Net.Http.HttpConnectionPool.InjectNewHttp11ConnectionAsync(QueueItem queueItem)
         at System.Threading.Tasks.TaskCompletionSourceWithCancellation`1.WaitWithCancellationAsync(CancellationToken cancellationToken)
         at System.Net.Http.HttpConnectionPool.SendWithVersionDetectionAndRetryAsync(HttpRequestMessage request, Boolean async, Boolean doRequestAuth, CancellationToken cancellationToken)
         at System.Net.Http.DiagnosticsHandler.SendAsyncCore(HttpRequestMessage request, Boolean async, CancellationToken cancellationToken)
         at System.Net.Http.RedirectHandler.SendAsync(HttpRequestMessage request, Boolean async, CancellationToken cancellationToken)
         at Microsoft.Extensions.Http.Logging.LoggingHttpMessageHandler.<SendCoreAsync>g__Core|4_0(HttpRequestMessage request, Boolean useAsync, CancellationToken cancellationToken)
info: System.Net.Http.HttpClient.ILlmProvider.LogicalHandler[104]
      HTTP request failed after 2015.5551ms
      System.Net.Http.HttpRequestException: No se puede establecer una conexión ya que el equipo de destino denegó expresamente dicha conexión. (127.0.0.1:8001)
       ---> System.Net.Sockets.SocketException (10061): No se puede establecer una conexión ya que el equipo de destino denegó expresamente dicha conexión.
         at System.Net.Sockets.Socket.AwaitableSocketAsyncEventArgs.ThrowException(SocketError error, CancellationToken cancellationToken)
         at System.Net.Sockets.Socket.AwaitableSocketAsyncEventArgs.System.Threading.Tasks.Sources.IValueTaskSource.GetResult(Int16 token)
         at System.Net.Http.HttpConnectionPool.ConnectToTcpHostAsync(String host, Int32 port, HttpRequestMessage initialRequest, Boolean async, CancellationToken cancellationToken)
         --- End of inner exception stack trace ---
         at System.Net.Http.HttpConnectionPool.ConnectToTcpHostAsync(String host, Int32 port, HttpRequestMessage initialRequest, Boolean async, CancellationToken cancellationToken)
         at System.Net.Http.HttpConnectionPool.ConnectAsync(HttpRequestMessage request, Boolean async, CancellationToken cancellationToken)
         at System.Net.Http.HttpConnectionPool.CreateHttp11ConnectionAsync(HttpRequestMessage request, Boolean async, CancellationToken cancellationToken)
         at System.Net.Http.HttpConnectionPool.InjectNewHttp11ConnectionAsync(QueueItem queueItem)
         at System.Threading.Tasks.TaskCompletionSourceWithCancellation`1.WaitWithCancellationAsync(CancellationToken cancellationToken)
         at System.Net.Http.HttpConnectionPool.SendWithVersionDetectionAndRetryAsync(HttpRequestMessage request, Boolean async, Boolean doRequestAuth, CancellationToken cancellationToken)
         at System.Net.Http.DiagnosticsHandler.SendAsyncCore(HttpRequestMessage request, Boolean async, CancellationToken cancellationToken)
         at System.Net.Http.RedirectHandler.SendAsync(HttpRequestMessage request, Boolean async, CancellationToken cancellationToken)
         at Microsoft.Extensions.Http.Logging.LoggingHttpMessageHandler.<SendCoreAsync>g__Core|4_0(HttpRequestMessage request, Boolean useAsync, CancellationToken cancellationToken)
         at Microsoft.Extensions.Http.Logging.LoggingScopeHttpMessageHandler.<SendCoreAsync>g__Core|4_0(HttpRequestMessage request, Boolean useAsync, CancellationToken cancellationToken)
info: System.Net.Http.HttpClient.IChatbotDispatchClient.ClientHandler[101]
      Received HTTP response headers after 8807.9132ms - 502
info: System.Net.Http.HttpClient.IChatbotDispatchClient.LogicalHandler[101]
      End processing HTTP request after 8808.0095ms - 502
info: System.Net.Http.HttpClient.IChatbotDispatchClient.LogicalHandler[100]
      Start processing HTTP request GET http://127.0.0.1:8765/api/platform/projects/proj_sst-general/releases?*
info: System.Net.Http.HttpClient.IChatbotDispatchClient.ClientHandler[100]
      Sending HTTP request GET http://127.0.0.1:8765/api/platform/projects/proj_sst-general/releases?*
info: System.Net.Http.HttpClient.IChatbotDispatchClient.ClientHandler[101]
      Received HTTP response headers after 27.416ms - 200
info: System.Net.Http.HttpClient.IChatbotDispatchClient.LogicalHandler[101]
      End processing HTTP request after 27.4719ms - 200
[ChatbotDispatch DEBUG] POST /api/chatbot/questions body={"project_id":"proj_sst-general","rag_variant_id":"ragv_local-bge","rag_release_id":"ragr_1d2f9c1a4f444da0","question":"Cual es el objetivo del reglamento del comite de convivencia?","conversation_id":"conv_chunks_20260828172002","message_id":"msg_chunks_20260828172143_26","top_k":8}
info: System.Net.Http.HttpClient.IChatbotDispatchClient.LogicalHandler[100]
      Start processing HTTP request POST http://127.0.0.1:8765/api/chatbot/questions
info: System.Net.Http.HttpClient.IChatbotDispatchClient.ClientHandler[100]
      Sending HTTP request POST http://127.0.0.1:8765/api/chatbot/questions
info: System.Net.Http.HttpClient.IChatbotDispatchClient.ClientHandler[104]
      HTTP request failed after 0.4534ms
      System.Net.Http.HttpRequestException: An error occurred while sending the request.
       ---> System.Net.Http.HttpIOException: The response ended prematurely. (ResponseEnded)
         at System.Net.Http.HttpConnection.SendAsync(HttpRequestMessage request, Boolean async, CancellationToken cancellationToken)
         --- End of inner exception stack trace ---
         at System.Net.Http.HttpConnection.SendAsync(HttpRequestMessage request, Boolean async, CancellationToken cancellationToken)
         at System.Net.Http.HttpConnectionPool.SendWithVersionDetectionAndRetryAsync(HttpRequestMessage request, Boolean async, Boolean doRequestAuth, CancellationToken cancellationToken)
         at System.Net.Http.DiagnosticsHandler.SendAsyncCore(HttpRequestMessage request, Boolean async, CancellationToken cancellationToken)
         at System.Net.Http.RedirectHandler.SendAsync(HttpRequestMessage request, Boolean async, CancellationToken cancellationToken)
         at Microsoft.Extensions.Http.Logging.LoggingHttpMessageHandler.<SendCoreAsync>g__Core|4_0(HttpRequestMessage request, Boolean useAsync, CancellationToken cancellationToken)
info: System.Net.Http.HttpClient.IChatbotDispatchClient.LogicalHandler[104]
      HTTP request failed after 0.5432ms
      System.Net.Http.HttpRequestException: An error occurred while sending the request.
       ---> System.Net.Http.HttpIOException: The response ended prematurely. (ResponseEnded)
         at System.Net.Http.HttpConnection.SendAsync(HttpRequestMessage request, Boolean async, CancellationToken cancellationToken)
         --- End of inner exception stack trace ---
         at System.Net.Http.HttpConnection.SendAsync(HttpRequestMessage request, Boolean async, CancellationToken cancellationToken)
         at System.Net.Http.HttpConnectionPool.SendWithVersionDetectionAndRetryAsync(HttpRequestMessage request, Boolean async, Boolean doRequestAuth, CancellationToken cancellationToken)
         at System.Net.Http.DiagnosticsHandler.SendAsyncCore(HttpRequestMessage request, Boolean async, CancellationToken cancellationToken)
         at System.Net.Http.RedirectHandler.SendAsync(HttpRequestMessage request, Boolean async, CancellationToken cancellationToken)
         at Microsoft.Extensions.Http.Logging.LoggingHttpMessageHandler.<SendCoreAsync>g__Core|4_0(HttpRequestMessage request, Boolean useAsync, CancellationToken cancellationToken)
         at Microsoft.Extensions.Http.Logging.LoggingScopeHttpMessageHandler.<SendCoreAsync>g__Core|4_0(HttpRequestMessage request, Boolean useAsync, CancellationToken cancellationToken)
fail: Microsoft.AspNetCore.Diagnostics.DeveloperExceptionPageMiddleware[1]
      An unhandled exception has occurred while executing the request.
      System.Net.Http.HttpRequestException: An error occurred while sending the request.
       ---> System.Net.Http.HttpIOException: The response ended prematurely. (ResponseEnded)
         at System.Net.Http.HttpConnection.SendAsync(HttpRequestMessage request, Boolean async, CancellationToken cancellationToken)
         --- End of inner exception stack trace ---
         at System.Net.Http.HttpConnection.SendAsync(HttpRequestMessage request, Boolean async, CancellationToken cancellationToken)
         at System.Net.Http.HttpConnectionPool.SendWithVersionDetectionAndRetryAsync(HttpRequestMessage request, Boolean async, Boolean doRequestAuth, CancellationToken cancellationToken)
         at System.Net.Http.DiagnosticsHandler.SendAsyncCore(HttpRequestMessage request, Boolean async, CancellationToken cancellationToken)
         at System.Net.Http.RedirectHandler.SendAsync(HttpRequestMessage request, Boolean async, CancellationToken cancellationToken)
         at Microsoft.Extensions.Http.Logging.LoggingHttpMessageHandler.<SendCoreAsync>g__Core|4_0(HttpRequestMessage request, Boolean useAsync, CancellationToken cancellationToken)
         at Microsoft.Extensions.Http.Logging.LoggingScopeHttpMessageHandler.<SendCoreAsync>g__Core|4_0(HttpRequestMessage request, Boolean useAsync, CancellationToken cancellationToken)
         at System.Net.Http.HttpClient.<SendAsync>g__Core|83_0(HttpRequestMessage request, HttpCompletionOption completionOption, CancellationTokenSource cts, Boolean disposeCts, CancellationTokenSource pendingRequestsCts, CancellationToken originalCancellationToken)
         at Chatbot.Sst.Infrastructure.Dispatch.HttpChatbotDispatchClient.DispatchAsync(ChatQuestionSubmission submission, CancellationToken cancellationToken) in C:\Users\jvrincon\Documents\chatbot_aplicado_sst\app\back\src\Chatbot.Sst.Infrastructure\Dispatch\HttpChatbotDispatchClient.cs:line 53
         at Chatbot.Sst.Application.ChatDispatchCoordinator.SubmitAsync(ChatQuestionSubmission submission, CancellationToken cancellationToken) in C:\Users\jvrincon\Documents\chatbot_aplicado_sst\app\back\src\Chatbot.Sst.Application\ChatDispatchCoordinator.cs:line 38
         at Program.<>c.<<<Main>$>b__0_1>d.MoveNext() in C:\Users\jvrincon\Documents\chatbot_aplicado_sst\app\back\src\Chatbot.Sst.Api\Program.cs:line 62
      --- End of stack trace from previous location ---
         at Microsoft.AspNetCore.Http.RequestDelegateFactory.ExecuteTaskResult[T](Task`1 task, HttpContext httpContext)
         at Microsoft.AspNetCore.Http.RequestDelegateFactory.<>c__DisplayClass102_2.<<HandleRequestBodyAndCompileRequestDelegateForJson>b__2>d.MoveNext()
      --- End of stack trace from previous location ---
         at Microsoft.AspNetCore.Diagnostics.DeveloperExceptionPageMiddlewareImpl.Invoke(HttpContext context)
info: System.Net.Http.HttpClient.IChatbotDispatchClient.LogicalHandler[100]
      Start processing HTTP request GET http://127.0.0.1:8765/api/platform/projects/proj_sst-general/releases?*
info: System.Net.Http.HttpClient.IChatbotDispatchClient.ClientHandler[100]
      Sending HTTP request GET http://127.0.0.1:8765/api/platform/projects/proj_sst-general/releases?*
info: System.Net.Http.HttpClient.IChatbotDispatchClient.ClientHandler[101]
      Received HTTP response headers after 7.724ms - 200
info: System.Net.Http.HttpClient.IChatbotDispatchClient.LogicalHandler[101]
      End processing HTTP request after 7.7546ms - 200
[ChatbotDispatch DEBUG] POST /api/chatbot/questions body={"project_id":"proj_sst-general","rag_variant_id":"ragv_local-bge","rag_release_id":"ragr_1d2f9c1a4f444da0","question":"Como se conforma el comite de convivencia laboral?","conversation_id":"conv_chunks_20260828172002","message_id":"msg_chunks_20260828172143_27","top_k":8}
info: System.Net.Http.HttpClient.IChatbotDispatchClient.LogicalHandler[100]
      Start processing HTTP request POST http://127.0.0.1:8765/api/chatbot/questions
info: System.Net.Http.HttpClient.IChatbotDispatchClient.ClientHandler[100]
      Sending HTTP request POST http://127.0.0.1:8765/api/chatbot/questions
info: System.Net.Http.HttpClient.IChatbotDispatchClient.ClientHandler[104]
      HTTP request failed after 0.3701ms
      System.Net.Http.HttpRequestException: An error occurred while sending the request.
       ---> System.Net.Http.HttpIOException: The response ended prematurely. (ResponseEnded)
         at System.Net.Http.HttpConnection.SendAsync(HttpRequestMessage request, Boolean async, CancellationToken cancellationToken)
         --- End of inner exception stack trace ---
         at System.Net.Http.HttpConnection.SendAsync(HttpRequestMessage request, Boolean async, CancellationToken cancellationToken)
         at System.Net.Http.HttpConnectionPool.SendWithVersionDetectionAndRetryAsync(HttpRequestMessage request, Boolean async, Boolean doRequestAuth, CancellationToken cancellationToken)
         at System.Net.Http.DiagnosticsHandler.SendAsyncCore(HttpRequestMessage request, Boolean async, CancellationToken cancellationToken)
         at System.Net.Http.RedirectHandler.SendAsync(HttpRequestMessage request, Boolean async, CancellationToken cancellationToken)
         at Microsoft.Extensions.Http.Logging.LoggingHttpMessageHandler.<SendCoreAsync>g__Core|4_0(HttpRequestMessage request, Boolean useAsync, CancellationToken cancellationToken)
info: System.Net.Http.HttpClient.IChatbotDispatchClient.LogicalHandler[104]
      HTTP request failed after 0.4566ms
      System.Net.Http.HttpRequestException: An error occurred while sending the request.
       ---> System.Net.Http.HttpIOException: The response ended prematurely. (ResponseEnded)
         at System.Net.Http.HttpConnection.SendAsync(HttpRequestMessage request, Boolean async, CancellationToken cancellationToken)
         --- End of inner exception stack trace ---
         at System.Net.Http.HttpConnection.SendAsync(HttpRequestMessage request, Boolean async, CancellationToken cancellationToken)
         at System.Net.Http.HttpConnectionPool.SendWithVersionDetectionAndRetryAsync(HttpRequestMessage request, Boolean async, Boolean doRequestAuth, CancellationToken cancellationToken)
         at System.Net.Http.DiagnosticsHandler.SendAsyncCore(HttpRequestMessage request, Boolean async, CancellationToken cancellationToken)
         at System.Net.Http.RedirectHandler.SendAsync(HttpRequestMessage request, Boolean async, CancellationToken cancellationToken)
         at Microsoft.Extensions.Http.Logging.LoggingHttpMessageHandler.<SendCoreAsync>g__Core|4_0(HttpRequestMessage request, Boolean useAsync, CancellationToken cancellationToken)
         at Microsoft.Extensions.Http.Logging.LoggingScopeHttpMessageHandler.<SendCoreAsync>g__Core|4_0(HttpRequestMessage request, Boolean useAsync, CancellationToken cancellationToken)
fail: Microsoft.AspNetCore.Diagnostics.DeveloperExceptionPageMiddleware[1]
      An unhandled exception has occurred while executing the request.
      System.Net.Http.HttpRequestException: An error occurred while sending the request.
       ---> System.Net.Http.HttpIOException: The response ended prematurely. (ResponseEnded)
         at System.Net.Http.HttpConnection.SendAsync(HttpRequestMessage request, Boolean async, CancellationToken cancellationToken)
         --- End of inner exception stack trace ---
         at System.Net.Http.HttpConnection.SendAsync(HttpRequestMessage request, Boolean async, CancellationToken cancellationToken)
         at System.Net.Http.HttpConnectionPool.SendWithVersionDetectionAndRetryAsync(HttpRequestMessage request, Boolean async, Boolean doRequestAuth, CancellationToken cancellationToken)
         at System.Net.Http.DiagnosticsHandler.SendAsyncCore(HttpRequestMessage request, Boolean async, CancellationToken cancellationToken)
         at System.Net.Http.RedirectHandler.SendAsync(HttpRequestMessage request, Boolean async, CancellationToken cancellationToken)
         at Microsoft.Extensions.Http.Logging.LoggingHttpMessageHandler.<SendCoreAsync>g__Core|4_0(HttpRequestMessage request, Boolean useAsync, CancellationToken cancellationToken)
         at Microsoft.Extensions.Http.Logging.LoggingScopeHttpMessageHandler.<SendCoreAsync>g__Core|4_0(HttpRequestMessage request, Boolean useAsync, CancellationToken cancellationToken)
         at System.Net.Http.HttpClient.<SendAsync>g__Core|83_0(HttpRequestMessage request, HttpCompletionOption completionOption, CancellationTokenSource cts, Boolean disposeCts, CancellationTokenSource pendingRequestsCts, CancellationToken originalCancellationToken)
         at Chatbot.Sst.Infrastructure.Dispatch.HttpChatbotDispatchClient.DispatchAsync(ChatQuestionSubmission submission, CancellationToken cancellationToken) in C:\Users\jvrincon\Documents\chatbot_aplicado_sst\app\back\src\Chatbot.Sst.Infrastructure\Dispatch\HttpChatbotDispatchClient.cs:line 53
         at Chatbot.Sst.Application.ChatDispatchCoordinator.SubmitAsync(ChatQuestionSubmission submission, CancellationToken cancellationToken) in C:\Users\jvrincon\Documents\chatbot_aplicado_sst\app\back\src\Chatbot.Sst.Application\ChatDispatchCoordinator.cs:line 38
         at Program.<>c.<<<Main>$>b__0_1>d.MoveNext() in C:\Users\jvrincon\Documents\chatbot_aplicado_sst\app\back\src\Chatbot.Sst.Api\Program.cs:line 62
      --- End of stack trace from previous location ---
         at Microsoft.AspNetCore.Http.RequestDelegateFactory.ExecuteTaskResult[T](Task`1 task, HttpContext httpContext)
         at Microsoft.AspNetCore.Http.RequestDelegateFactory.<>c__DisplayClass102_2.<<HandleRequestBodyAndCompileRequestDelegateForJson>b__2>d.MoveNext()
      --- End of stack trace from previous location ---
         at Microsoft.AspNetCore.Diagnostics.DeveloperExceptionPageMiddlewareImpl.Invoke(HttpContext context)
info: System.Net.Http.HttpClient.IChatbotDispatchClient.LogicalHandler[100]
      Start processing HTTP request GET http://127.0.0.1:8765/api/platform/projects/proj_sst-general/releases?*
info: System.Net.Http.HttpClient.IChatbotDispatchClient.ClientHandler[100]
      Sending HTTP request GET http://127.0.0.1:8765/api/platform/projects/proj_sst-general/releases?*
info: System.Net.Http.HttpClient.IChatbotDispatchClient.ClientHandler[101]
      Received HTTP response headers after 7.4123ms - 200
info: System.Net.Http.HttpClient.IChatbotDispatchClient.LogicalHandler[101]
      End processing HTTP request after 7.4499ms - 200
[ChatbotDispatch DEBUG] POST /api/chatbot/questions body={"project_id":"proj_sst-general","rag_variant_id":"ragv_local-bge","rag_release_id":"ragr_1d2f9c1a4f444da0","question":"Como funcionan las reuniones del comite de convivencia?","conversation_id":"conv_chunks_20260828172002","message_id":"msg_chunks_20260828172143_28","top_k":8}
info: System.Net.Http.HttpClient.IChatbotDispatchClient.LogicalHandler[100]
      Start processing HTTP request POST http://127.0.0.1:8765/api/chatbot/questions
info: System.Net.Http.HttpClient.IChatbotDispatchClient.ClientHandler[100]
      Sending HTTP request POST http://127.0.0.1:8765/api/chatbot/questions
info: System.Net.Http.HttpClient.IChatbotDispatchClient.ClientHandler[104]
      HTTP request failed after 0.479ms
      System.Net.Http.HttpRequestException: An error occurred while sending the request.
       ---> System.Net.Http.HttpIOException: The response ended prematurely. (ResponseEnded)
         at System.Net.Http.HttpConnection.SendAsync(HttpRequestMessage request, Boolean async, CancellationToken cancellationToken)
         --- End of inner exception stack trace ---
         at System.Net.Http.HttpConnection.SendAsync(HttpRequestMessage request, Boolean async, CancellationToken cancellationToken)
         at System.Net.Http.HttpConnectionPool.SendWithVersionDetectionAndRetryAsync(HttpRequestMessage request, Boolean async, Boolean doRequestAuth, CancellationToken cancellationToken)
         at System.Net.Http.DiagnosticsHandler.SendAsyncCore(HttpRequestMessage request, Boolean async, CancellationToken cancellationToken)
         at System.Net.Http.RedirectHandler.SendAsync(HttpRequestMessage request, Boolean async, CancellationToken cancellationToken)
         at Microsoft.Extensions.Http.Logging.LoggingHttpMessageHandler.<SendCoreAsync>g__Core|4_0(HttpRequestMessage request, Boolean useAsync, CancellationToken cancellationToken)
info: System.Net.Http.HttpClient.IChatbotDispatchClient.LogicalHandler[104]
      HTTP request failed after 0.5669ms
      System.Net.Http.HttpRequestException: An error occurred while sending the request.
       ---> System.Net.Http.HttpIOException: The response ended prematurely. (ResponseEnded)
         at System.Net.Http.HttpConnection.SendAsync(HttpRequestMessage request, Boolean async, CancellationToken cancellationToken)
         --- End of inner exception stack trace ---
         at System.Net.Http.HttpConnection.SendAsync(HttpRequestMessage request, Boolean async, CancellationToken cancellationToken)
         at System.Net.Http.HttpConnectionPool.SendWithVersionDetectionAndRetryAsync(HttpRequestMessage request, Boolean async, Boolean doRequestAuth, CancellationToken cancellationToken)
         at System.Net.Http.DiagnosticsHandler.SendAsyncCore(HttpRequestMessage request, Boolean async, CancellationToken cancellationToken)
         at System.Net.Http.RedirectHandler.SendAsync(HttpRequestMessage request, Boolean async, CancellationToken cancellationToken)
         at Microsoft.Extensions.Http.Logging.LoggingHttpMessageHandler.<SendCoreAsync>g__Core|4_0(HttpRequestMessage request, Boolean useAsync, CancellationToken cancellationToken)
         at Microsoft.Extensions.Http.Logging.LoggingScopeHttpMessageHandler.<SendCoreAsync>g__Core|4_0(HttpRequestMessage request, Boolean useAsync, CancellationToken cancellationToken)
fail: Microsoft.AspNetCore.Diagnostics.DeveloperExceptionPageMiddleware[1]
      An unhandled exception has occurred while executing the request.
      System.Net.Http.HttpRequestException: An error occurred while sending the request.
       ---> System.Net.Http.HttpIOException: The response ended prematurely. (ResponseEnded)
         at System.Net.Http.HttpConnection.SendAsync(HttpRequestMessage request, Boolean async, CancellationToken cancellationToken)
         --- End of inner exception stack trace ---
         at System.Net.Http.HttpConnection.SendAsync(HttpRequestMessage request, Boolean async, CancellationToken cancellationToken)
         at System.Net.Http.HttpConnectionPool.SendWithVersionDetectionAndRetryAsync(HttpRequestMessage request, Boolean async, Boolean doRequestAuth, CancellationToken cancellationToken)
         at System.Net.Http.DiagnosticsHandler.SendAsyncCore(HttpRequestMessage request, Boolean async, CancellationToken cancellationToken)
         at System.Net.Http.RedirectHandler.SendAsync(HttpRequestMessage request, Boolean async, CancellationToken cancellationToken)
         at Microsoft.Extensions.Http.Logging.LoggingHttpMessageHandler.<SendCoreAsync>g__Core|4_0(HttpRequestMessage request, Boolean useAsync, CancellationToken cancellationToken)
         at Microsoft.Extensions.Http.Logging.LoggingScopeHttpMessageHandler.<SendCoreAsync>g__Core|4_0(HttpRequestMessage request, Boolean useAsync, CancellationToken cancellationToken)
         at System.Net.Http.HttpClient.<SendAsync>g__Core|83_0(HttpRequestMessage request, HttpCompletionOption completionOption, CancellationTokenSource cts, Boolean disposeCts, CancellationTokenSource pendingRequestsCts, CancellationToken originalCancellationToken)
         at Chatbot.Sst.Infrastructure.Dispatch.HttpChatbotDispatchClient.DispatchAsync(ChatQuestionSubmission submission, CancellationToken cancellationToken) in C:\Users\jvrincon\Documents\chatbot_aplicado_sst\app\back\src\Chatbot.Sst.Infrastructure\Dispatch\HttpChatbotDispatchClient.cs:line 53
         at Chatbot.Sst.Application.ChatDispatchCoordinator.SubmitAsync(ChatQuestionSubmission submission, CancellationToken cancellationToken) in C:\Users\jvrincon\Documents\chatbot_aplicado_sst\app\back\src\Chatbot.Sst.Application\ChatDispatchCoordinator.cs:line 38
         at Program.<>c.<<<Main>$>b__0_1>d.MoveNext() in C:\Users\jvrincon\Documents\chatbot_aplicado_sst\app\back\src\Chatbot.Sst.Api\Program.cs:line 62
      --- End of stack trace from previous location ---
         at Microsoft.AspNetCore.Http.RequestDelegateFactory.ExecuteTaskResult[T](Task`1 task, HttpContext httpContext)
         at Microsoft.AspNetCore.Http.RequestDelegateFactory.<>c__DisplayClass102_2.<<HandleRequestBodyAndCompileRequestDelegateForJson>b__2>d.MoveNext()
      --- End of stack trace from previous location ---
         at Microsoft.AspNetCore.Diagnostics.DeveloperExceptionPageMiddlewareImpl.Invoke(HttpContext context)
info: System.Net.Http.HttpClient.IChatbotDispatchClient.LogicalHandler[100]
      Start processing HTTP request GET http://127.0.0.1:8765/api/platform/projects/proj_sst-general/releases?*
info: System.Net.Http.HttpClient.IChatbotDispatchClient.ClientHandler[100]
      Sending HTTP request GET http://127.0.0.1:8765/api/platform/projects/proj_sst-general/releases?*
info: System.Net.Http.HttpClient.IChatbotDispatchClient.ClientHandler[101]
      Received HTTP response headers after 7.6446ms - 200
info: System.Net.Http.HttpClient.IChatbotDispatchClient.LogicalHandler[101]
      End processing HTTP request after 7.6732ms - 200
[ChatbotDispatch DEBUG] POST /api/chatbot/questions body={"project_id":"proj_sst-general","rag_variant_id":"ragv_local-bge","rag_release_id":"ragr_1d2f9c1a4f444da0","question":"Que metodologia siguen las sesiones del comite de convivencia?","conversation_id":"conv_chunks_20260828172002","message_id":"msg_chunks_20260828172143_29","top_k":8}
info: System.Net.Http.HttpClient.IChatbotDispatchClient.LogicalHandler[100]
      Start processing HTTP request POST http://127.0.0.1:8765/api/chatbot/questions
info: System.Net.Http.HttpClient.IChatbotDispatchClient.ClientHandler[100]
      Sending HTTP request POST http://127.0.0.1:8765/api/chatbot/questions
info: System.Net.Http.HttpClient.IChatbotDispatchClient.ClientHandler[104]
      HTTP request failed after 0.4775ms
      System.Net.Http.HttpRequestException: An error occurred while sending the request.
       ---> System.Net.Http.HttpIOException: The response ended prematurely. (ResponseEnded)
         at System.Net.Http.HttpConnection.SendAsync(HttpRequestMessage request, Boolean async, CancellationToken cancellationToken)
         --- End of inner exception stack trace ---
         at System.Net.Http.HttpConnection.SendAsync(HttpRequestMessage request, Boolean async, CancellationToken cancellationToken)
         at System.Net.Http.HttpConnectionPool.SendWithVersionDetectionAndRetryAsync(HttpRequestMessage request, Boolean async, Boolean doRequestAuth, CancellationToken cancellationToken)
         at System.Net.Http.DiagnosticsHandler.SendAsyncCore(HttpRequestMessage request, Boolean async, CancellationToken cancellationToken)
         at System.Net.Http.RedirectHandler.SendAsync(HttpRequestMessage request, Boolean async, CancellationToken cancellationToken)
         at Microsoft.Extensions.Http.Logging.LoggingHttpMessageHandler.<SendCoreAsync>g__Core|4_0(HttpRequestMessage request, Boolean useAsync, CancellationToken cancellationToken)
info: System.Net.Http.HttpClient.IChatbotDispatchClient.LogicalHandler[104]
      HTTP request failed after 0.5641ms
      System.Net.Http.HttpRequestException: An error occurred while sending the request.
       ---> System.Net.Http.HttpIOException: The response ended prematurely. (ResponseEnded)
         at System.Net.Http.HttpConnection.SendAsync(HttpRequestMessage request, Boolean async, CancellationToken cancellationToken)
         --- End of inner exception stack trace ---
         at System.Net.Http.HttpConnection.SendAsync(HttpRequestMessage request, Boolean async, CancellationToken cancellationToken)
         at System.Net.Http.HttpConnectionPool.SendWithVersionDetectionAndRetryAsync(HttpRequestMessage request, Boolean async, Boolean doRequestAuth, CancellationToken cancellationToken)
         at System.Net.Http.DiagnosticsHandler.SendAsyncCore(HttpRequestMessage request, Boolean async, CancellationToken cancellationToken)
         at System.Net.Http.RedirectHandler.SendAsync(HttpRequestMessage request, Boolean async, CancellationToken cancellationToken)
         at Microsoft.Extensions.Http.Logging.LoggingHttpMessageHandler.<SendCoreAsync>g__Core|4_0(HttpRequestMessage request, Boolean useAsync, CancellationToken cancellationToken)
         at Microsoft.Extensions.Http.Logging.LoggingScopeHttpMessageHandler.<SendCoreAsync>g__Core|4_0(HttpRequestMessage request, Boolean useAsync, CancellationToken cancellationToken)
fail: Microsoft.AspNetCore.Diagnostics.DeveloperExceptionPageMiddleware[1]
      An unhandled exception has occurred while executing the request.
      System.Net.Http.HttpRequestException: An error occurred while sending the request.
       ---> System.Net.Http.HttpIOException: The response ended prematurely. (ResponseEnded)
         at System.Net.Http.HttpConnection.SendAsync(HttpRequestMessage request, Boolean async, CancellationToken cancellationToken)
         --- End of inner exception stack trace ---
         at System.Net.Http.HttpConnection.SendAsync(HttpRequestMessage request, Boolean async, CancellationToken cancellationToken)
         at System.Net.Http.HttpConnectionPool.SendWithVersionDetectionAndRetryAsync(HttpRequestMessage request, Boolean async, Boolean doRequestAuth, CancellationToken cancellationToken)
         at System.Net.Http.DiagnosticsHandler.SendAsyncCore(HttpRequestMessage request, Boolean async, CancellationToken cancellationToken)
         at System.Net.Http.RedirectHandler.SendAsync(HttpRequestMessage request, Boolean async, CancellationToken cancellationToken)
         at Microsoft.Extensions.Http.Logging.LoggingHttpMessageHandler.<SendCoreAsync>g__Core|4_0(HttpRequestMessage request, Boolean useAsync, CancellationToken cancellationToken)
         at Microsoft.Extensions.Http.Logging.LoggingScopeHttpMessageHandler.<SendCoreAsync>g__Core|4_0(HttpRequestMessage request, Boolean useAsync, CancellationToken cancellationToken)
         at System.Net.Http.HttpClient.<SendAsync>g__Core|83_0(HttpRequestMessage request, HttpCompletionOption completionOption, CancellationTokenSource cts, Boolean disposeCts, CancellationTokenSource pendingRequestsCts, CancellationToken originalCancellationToken)
         at Chatbot.Sst.Infrastructure.Dispatch.HttpChatbotDispatchClient.DispatchAsync(ChatQuestionSubmission submission, CancellationToken cancellationToken) in C:\Users\jvrincon\Documents\chatbot_aplicado_sst\app\back\src\Chatbot.Sst.Infrastructure\Dispatch\HttpChatbotDispatchClient.cs:line 53
         at Chatbot.Sst.Application.ChatDispatchCoordinator.SubmitAsync(ChatQuestionSubmission submission, CancellationToken cancellationToken) in C:\Users\jvrincon\Documents\chatbot_aplicado_sst\app\back\src\Chatbot.Sst.Application\ChatDispatchCoordinator.cs:line 38
         at Program.<>c.<<<Main>$>b__0_1>d.MoveNext() in C:\Users\jvrincon\Documents\chatbot_aplicado_sst\app\back\src\Chatbot.Sst.Api\Program.cs:line 62
      --- End of stack trace from previous location ---
         at Microsoft.AspNetCore.Http.RequestDelegateFactory.ExecuteTaskResult[T](Task`1 task, HttpContext httpContext)
         at Microsoft.AspNetCore.Http.RequestDelegateFactory.<>c__DisplayClass102_2.<<HandleRequestBodyAndCompileRequestDelegateForJson>b__2>d.MoveNext()
      --- End of stack trace from previous location ---
         at Microsoft.AspNetCore.Diagnostics.DeveloperExceptionPageMiddlewareImpl.Invoke(HttpContext context)
info: System.Net.Http.HttpClient.IChatbotDispatchClient.LogicalHandler[100]
      Start processing HTTP request GET http://127.0.0.1:8765/api/platform/projects/proj_sst-general/releases?*
info: System.Net.Http.HttpClient.IChatbotDispatchClient.ClientHandler[100]
      Sending HTTP request GET http://127.0.0.1:8765/api/platform/projects/proj_sst-general/releases?*
info: System.Net.Http.HttpClient.IChatbotDispatchClient.ClientHandler[101]
      Received HTTP response headers after 8.1669ms - 200
info: System.Net.Http.HttpClient.IChatbotDispatchClient.LogicalHandler[101]
      End processing HTTP request after 8.1996ms - 200
[ChatbotDispatch DEBUG] POST /api/chatbot/questions body={"project_id":"proj_sst-general","rag_variant_id":"ragv_local-bge","rag_release_id":"ragr_1d2f9c1a4f444da0","question":"Como se presentan quejas o denuncias de convivencia?","conversation_id":"conv_chunks_20260828172002","message_id":"msg_chunks_20260828172143_30","top_k":8}
info: System.Net.Http.HttpClient.IChatbotDispatchClient.LogicalHandler[100]
      Start processing HTTP request POST http://127.0.0.1:8765/api/chatbot/questions
info: System.Net.Http.HttpClient.IChatbotDispatchClient.ClientHandler[100]
      Sending HTTP request POST http://127.0.0.1:8765/api/chatbot/questions
info: System.Net.Http.HttpClient.IChatbotDispatchClient.ClientHandler[104]
      HTTP request failed after 0.35ms
      System.Net.Http.HttpRequestException: An error occurred while sending the request.
       ---> System.Net.Http.HttpIOException: The response ended prematurely. (ResponseEnded)
         at System.Net.Http.HttpConnection.SendAsync(HttpRequestMessage request, Boolean async, CancellationToken cancellationToken)
         --- End of inner exception stack trace ---
         at System.Net.Http.HttpConnection.SendAsync(HttpRequestMessage request, Boolean async, CancellationToken cancellationToken)
         at System.Net.Http.HttpConnectionPool.SendWithVersionDetectionAndRetryAsync(HttpRequestMessage request, Boolean async, Boolean doRequestAuth, CancellationToken cancellationToken)
         at System.Net.Http.DiagnosticsHandler.SendAsyncCore(HttpRequestMessage request, Boolean async, CancellationToken cancellationToken)
         at System.Net.Http.RedirectHandler.SendAsync(HttpRequestMessage request, Boolean async, CancellationToken cancellationToken)
         at Microsoft.Extensions.Http.Logging.LoggingHttpMessageHandler.<SendCoreAsync>g__Core|4_0(HttpRequestMessage request, Boolean useAsync, CancellationToken cancellationToken)
info: System.Net.Http.HttpClient.IChatbotDispatchClient.LogicalHandler[104]
      HTTP request failed after 0.4438ms
      System.Net.Http.HttpRequestException: An error occurred while sending the request.
       ---> System.Net.Http.HttpIOException: The response ended prematurely. (ResponseEnded)
         at System.Net.Http.HttpConnection.SendAsync(HttpRequestMessage request, Boolean async, CancellationToken cancellationToken)
         --- End of inner exception stack trace ---
         at System.Net.Http.HttpConnection.SendAsync(HttpRequestMessage request, Boolean async, CancellationToken cancellationToken)
         at System.Net.Http.HttpConnectionPool.SendWithVersionDetectionAndRetryAsync(HttpRequestMessage request, Boolean async, Boolean doRequestAuth, CancellationToken cancellationToken)
         at System.Net.Http.DiagnosticsHandler.SendAsyncCore(HttpRequestMessage request, Boolean async, CancellationToken cancellationToken)
         at System.Net.Http.RedirectHandler.SendAsync(HttpRequestMessage request, Boolean async, CancellationToken cancellationToken)
         at Microsoft.Extensions.Http.Logging.LoggingHttpMessageHandler.<SendCoreAsync>g__Core|4_0(HttpRequestMessage request, Boolean useAsync, CancellationToken cancellationToken)
         at Microsoft.Extensions.Http.Logging.LoggingScopeHttpMessageHandler.<SendCoreAsync>g__Core|4_0(HttpRequestMessage request, Boolean useAsync, CancellationToken cancellationToken)
fail: Microsoft.AspNetCore.Diagnostics.DeveloperExceptionPageMiddleware[1]
      An unhandled exception has occurred while executing the request.
      System.Net.Http.HttpRequestException: An error occurred while sending the request.
       ---> System.Net.Http.HttpIOException: The response ended prematurely. (ResponseEnded)
         at System.Net.Http.HttpConnection.SendAsync(HttpRequestMessage request, Boolean async, CancellationToken cancellationToken)
         --- End of inner exception stack trace ---
         at System.Net.Http.HttpConnection.SendAsync(HttpRequestMessage request, Boolean async, CancellationToken cancellationToken)
         at System.Net.Http.HttpConnectionPool.SendWithVersionDetectionAndRetryAsync(HttpRequestMessage request, Boolean async, Boolean doRequestAuth, CancellationToken cancellationToken)
         at System.Net.Http.DiagnosticsHandler.SendAsyncCore(HttpRequestMessage request, Boolean async, CancellationToken cancellationToken)
         at System.Net.Http.RedirectHandler.SendAsync(HttpRequestMessage request, Boolean async, CancellationToken cancellationToken)
         at Microsoft.Extensions.Http.Logging.LoggingHttpMessageHandler.<SendCoreAsync>g__Core|4_0(HttpRequestMessage request, Boolean useAsync, CancellationToken cancellationToken)
         at Microsoft.Extensions.Http.Logging.LoggingScopeHttpMessageHandler.<SendCoreAsync>g__Core|4_0(HttpRequestMessage request, Boolean useAsync, CancellationToken cancellationToken)
         at System.Net.Http.HttpClient.<SendAsync>g__Core|83_0(HttpRequestMessage request, HttpCompletionOption completionOption, CancellationTokenSource cts, Boolean disposeCts, CancellationTokenSource pendingRequestsCts, CancellationToken originalCancellationToken)
         at Chatbot.Sst.Infrastructure.Dispatch.HttpChatbotDispatchClient.DispatchAsync(ChatQuestionSubmission submission, CancellationToken cancellationToken) in C:\Users\jvrincon\Documents\chatbot_aplicado_sst\app\back\src\Chatbot.Sst.Infrastructure\Dispatch\HttpChatbotDispatchClient.cs:line 53
         at Chatbot.Sst.Application.ChatDispatchCoordinator.SubmitAsync(ChatQuestionSubmission submission, CancellationToken cancellationToken) in C:\Users\jvrincon\Documents\chatbot_aplicado_sst\app\back\src\Chatbot.Sst.Application\ChatDispatchCoordinator.cs:line 38
         at Program.<>c.<<<Main>$>b__0_1>d.MoveNext() in C:\Users\jvrincon\Documents\chatbot_aplicado_sst\app\back\src\Chatbot.Sst.Api\Program.cs:line 62
      --- End of stack trace from previous location ---
         at Microsoft.AspNetCore.Http.RequestDelegateFactory.ExecuteTaskResult[T](Task`1 task, HttpContext httpContext)
         at Microsoft.AspNetCore.Http.RequestDelegateFactory.<>c__DisplayClass102_2.<<HandleRequestBodyAndCompileRequestDelegateForJson>b__2>d.MoveNext()
      --- End of stack trace from previous location ---
         at Microsoft.AspNetCore.Diagnostics.DeveloperExceptionPageMiddlewareImpl.Invoke(HttpContext context)
info: System.Net.Http.HttpClient.IChatbotDispatchClient.LogicalHandler[100]
      Start processing HTTP request GET http://127.0.0.1:8765/api/platform/projects/proj_sst-general/releases?*
info: System.Net.Http.HttpClient.IChatbotDispatchClient.ClientHandler[100]
      Sending HTTP request GET http://127.0.0.1:8765/api/platform/projects/proj_sst-general/releases?*
info: System.Net.Http.HttpClient.IChatbotDispatchClient.ClientHandler[101]
      Received HTTP response headers after 7.3038ms - 200
info: System.Net.Http.HttpClient.IChatbotDispatchClient.LogicalHandler[101]
      End processing HTTP request after 7.3368ms - 200
[ChatbotDispatch DEBUG] POST /api/chatbot/questions body={"project_id":"proj_sst-general","rag_variant_id":"ragv_local-bge","rag_release_id":"ragr_1d2f9c1a4f444da0","question":"A que correo se envian las quejas de convivencia laboral?","conversation_id":"conv_chunks_20260828172002","message_id":"msg_chunks_20260828172143_31","top_k":8}
info: System.Net.Http.HttpClient.IChatbotDispatchClient.LogicalHandler[100]
      Start processing HTTP request POST http://127.0.0.1:8765/api/chatbot/questions
info: System.Net.Http.HttpClient.IChatbotDispatchClient.ClientHandler[100]
      Sending HTTP request POST http://127.0.0.1:8765/api/chatbot/questions
info: System.Net.Http.HttpClient.ILlmProvider.LogicalHandler[100]
      Start processing HTTP request POST http://127.0.0.1:8001/v1/chat/completions
info: System.Net.Http.HttpClient.ILlmProvider.ClientHandler[100]
      Sending HTTP request POST http://127.0.0.1:8001/v1/chat/completions
info: System.Net.Http.HttpClient.ILlmProvider.ClientHandler[104]
      HTTP request failed after 2029.0432ms
      System.Net.Http.HttpRequestException: No se puede establecer una conexión ya que el equipo de destino denegó expresamente dicha conexión. (127.0.0.1:8001)
       ---> System.Net.Sockets.SocketException (10061): No se puede establecer una conexión ya que el equipo de destino denegó expresamente dicha conexión.
         at System.Net.Sockets.Socket.AwaitableSocketAsyncEventArgs.ThrowException(SocketError error, CancellationToken cancellationToken)
         at System.Net.Sockets.Socket.AwaitableSocketAsyncEventArgs.System.Threading.Tasks.Sources.IValueTaskSource.GetResult(Int16 token)
         at System.Net.Http.HttpConnectionPool.ConnectToTcpHostAsync(String host, Int32 port, HttpRequestMessage initialRequest, Boolean async, CancellationToken cancellationToken)
         --- End of inner exception stack trace ---
         at System.Net.Http.HttpConnectionPool.ConnectToTcpHostAsync(String host, Int32 port, HttpRequestMessage initialRequest, Boolean async, CancellationToken cancellationToken)
         at System.Net.Http.HttpConnectionPool.ConnectAsync(HttpRequestMessage request, Boolean async, CancellationToken cancellationToken)
         at System.Net.Http.HttpConnectionPool.CreateHttp11ConnectionAsync(HttpRequestMessage request, Boolean async, CancellationToken cancellationToken)
         at System.Net.Http.HttpConnectionPool.InjectNewHttp11ConnectionAsync(QueueItem queueItem)
         at System.Threading.Tasks.TaskCompletionSourceWithCancellation`1.WaitWithCancellationAsync(CancellationToken cancellationToken)
         at System.Net.Http.HttpConnectionPool.SendWithVersionDetectionAndRetryAsync(HttpRequestMessage request, Boolean async, Boolean doRequestAuth, CancellationToken cancellationToken)
         at System.Net.Http.DiagnosticsHandler.SendAsyncCore(HttpRequestMessage request, Boolean async, CancellationToken cancellationToken)
         at System.Net.Http.RedirectHandler.SendAsync(HttpRequestMessage request, Boolean async, CancellationToken cancellationToken)
         at Microsoft.Extensions.Http.Logging.LoggingHttpMessageHandler.<SendCoreAsync>g__Core|4_0(HttpRequestMessage request, Boolean useAsync, CancellationToken cancellationToken)
info: System.Net.Http.HttpClient.ILlmProvider.LogicalHandler[104]
      HTTP request failed after 2029.2692ms
      System.Net.Http.HttpRequestException: No se puede establecer una conexión ya que el equipo de destino denegó expresamente dicha conexión. (127.0.0.1:8001)
       ---> System.Net.Sockets.SocketException (10061): No se puede establecer una conexión ya que el equipo de destino denegó expresamente dicha conexión.
         at System.Net.Sockets.Socket.AwaitableSocketAsyncEventArgs.ThrowException(SocketError error, CancellationToken cancellationToken)
         at System.Net.Sockets.Socket.AwaitableSocketAsyncEventArgs.System.Threading.Tasks.Sources.IValueTaskSource.GetResult(Int16 token)
         at System.Net.Http.HttpConnectionPool.ConnectToTcpHostAsync(String host, Int32 port, HttpRequestMessage initialRequest, Boolean async, CancellationToken cancellationToken)
         --- End of inner exception stack trace ---
         at System.Net.Http.HttpConnectionPool.ConnectToTcpHostAsync(String host, Int32 port, HttpRequestMessage initialRequest, Boolean async, CancellationToken cancellationToken)
         at System.Net.Http.HttpConnectionPool.ConnectAsync(HttpRequestMessage request, Boolean async, CancellationToken cancellationToken)
         at System.Net.Http.HttpConnectionPool.CreateHttp11ConnectionAsync(HttpRequestMessage request, Boolean async, CancellationToken cancellationToken)
         at System.Net.Http.HttpConnectionPool.InjectNewHttp11ConnectionAsync(QueueItem queueItem)
         at System.Threading.Tasks.TaskCompletionSourceWithCancellation`1.WaitWithCancellationAsync(CancellationToken cancellationToken)
         at System.Net.Http.HttpConnectionPool.SendWithVersionDetectionAndRetryAsync(HttpRequestMessage request, Boolean async, Boolean doRequestAuth, CancellationToken cancellationToken)
         at System.Net.Http.DiagnosticsHandler.SendAsyncCore(HttpRequestMessage request, Boolean async, CancellationToken cancellationToken)
         at System.Net.Http.RedirectHandler.SendAsync(HttpRequestMessage request, Boolean async, CancellationToken cancellationToken)
         at Microsoft.Extensions.Http.Logging.LoggingHttpMessageHandler.<SendCoreAsync>g__Core|4_0(HttpRequestMessage request, Boolean useAsync, CancellationToken cancellationToken)
         at Microsoft.Extensions.Http.Logging.LoggingScopeHttpMessageHandler.<SendCoreAsync>g__Core|4_0(HttpRequestMessage request, Boolean useAsync, CancellationToken cancellationToken)
info: System.Net.Http.HttpClient.IChatbotDispatchClient.ClientHandler[101]
      Received HTTP response headers after 8191.7802ms - 502
info: System.Net.Http.HttpClient.IChatbotDispatchClient.LogicalHandler[101]
      End processing HTTP request after 8191.8136ms - 502
info: System.Net.Http.HttpClient.IChatbotDispatchClient.LogicalHandler[100]
      Start processing HTTP request GET http://127.0.0.1:8765/api/platform/projects/proj_sst-general/releases?*
info: System.Net.Http.HttpClient.IChatbotDispatchClient.ClientHandler[100]
      Sending HTTP request GET http://127.0.0.1:8765/api/platform/projects/proj_sst-general/releases?*
info: System.Net.Http.HttpClient.IChatbotDispatchClient.ClientHandler[101]
      Received HTTP response headers after 29.3411ms - 200
info: System.Net.Http.HttpClient.IChatbotDispatchClient.LogicalHandler[101]
      End processing HTTP request after 29.3859ms - 200
[ChatbotDispatch DEBUG] POST /api/chatbot/questions body={"project_id":"proj_sst-general","rag_variant_id":"ragv_local-bge","rag_release_id":"ragr_1d2f9c1a4f444da0","question":"Que derechos tienen los trabajadores en convivencia laboral?","conversation_id":"conv_chunks_20260828172002","message_id":"msg_chunks_20260828172152_32","top_k":8}
info: System.Net.Http.HttpClient.IChatbotDispatchClient.LogicalHandler[100]
      Start processing HTTP request POST http://127.0.0.1:8765/api/chatbot/questions
info: System.Net.Http.HttpClient.IChatbotDispatchClient.ClientHandler[100]
      Sending HTTP request POST http://127.0.0.1:8765/api/chatbot/questions
info: System.Net.Http.HttpClient.IChatbotDispatchClient.ClientHandler[104]
      HTTP request failed after 0.7062ms
      System.Net.Http.HttpRequestException: An error occurred while sending the request.
       ---> System.Net.Http.HttpIOException: The response ended prematurely. (ResponseEnded)
         at System.Net.Http.HttpConnection.SendAsync(HttpRequestMessage request, Boolean async, CancellationToken cancellationToken)
         --- End of inner exception stack trace ---
         at System.Net.Http.HttpConnection.SendAsync(HttpRequestMessage request, Boolean async, CancellationToken cancellationToken)
         at System.Net.Http.HttpConnectionPool.SendWithVersionDetectionAndRetryAsync(HttpRequestMessage request, Boolean async, Boolean doRequestAuth, CancellationToken cancellationToken)
         at System.Net.Http.DiagnosticsHandler.SendAsyncCore(HttpRequestMessage request, Boolean async, CancellationToken cancellationToken)
         at System.Net.Http.RedirectHandler.SendAsync(HttpRequestMessage request, Boolean async, CancellationToken cancellationToken)
         at Microsoft.Extensions.Http.Logging.LoggingHttpMessageHandler.<SendCoreAsync>g__Core|4_0(HttpRequestMessage request, Boolean useAsync, CancellationToken cancellationToken)
info: System.Net.Http.HttpClient.IChatbotDispatchClient.LogicalHandler[104]
      HTTP request failed after 0.8124ms
      System.Net.Http.HttpRequestException: An error occurred while sending the request.
       ---> System.Net.Http.HttpIOException: The response ended prematurely. (ResponseEnded)
         at System.Net.Http.HttpConnection.SendAsync(HttpRequestMessage request, Boolean async, CancellationToken cancellationToken)
         --- End of inner exception stack trace ---
         at System.Net.Http.HttpConnection.SendAsync(HttpRequestMessage request, Boolean async, CancellationToken cancellationToken)
         at System.Net.Http.HttpConnectionPool.SendWithVersionDetectionAndRetryAsync(HttpRequestMessage request, Boolean async, Boolean doRequestAuth, CancellationToken cancellationToken)
         at System.Net.Http.DiagnosticsHandler.SendAsyncCore(HttpRequestMessage request, Boolean async, CancellationToken cancellationToken)
         at System.Net.Http.RedirectHandler.SendAsync(HttpRequestMessage request, Boolean async, CancellationToken cancellationToken)
         at Microsoft.Extensions.Http.Logging.LoggingHttpMessageHandler.<SendCoreAsync>g__Core|4_0(HttpRequestMessage request, Boolean useAsync, CancellationToken cancellationToken)
         at Microsoft.Extensions.Http.Logging.LoggingScopeHttpMessageHandler.<SendCoreAsync>g__Core|4_0(HttpRequestMessage request, Boolean useAsync, CancellationToken cancellationToken)
fail: Microsoft.AspNetCore.Diagnostics.DeveloperExceptionPageMiddleware[1]
      An unhandled exception has occurred while executing the request.
      System.Net.Http.HttpRequestException: An error occurred while sending the request.
       ---> System.Net.Http.HttpIOException: The response ended prematurely. (ResponseEnded)
         at System.Net.Http.HttpConnection.SendAsync(HttpRequestMessage request, Boolean async, CancellationToken cancellationToken)
         --- End of inner exception stack trace ---
         at System.Net.Http.HttpConnection.SendAsync(HttpRequestMessage request, Boolean async, CancellationToken cancellationToken)
         at System.Net.Http.HttpConnectionPool.SendWithVersionDetectionAndRetryAsync(HttpRequestMessage request, Boolean async, Boolean doRequestAuth, CancellationToken cancellationToken)
         at System.Net.Http.DiagnosticsHandler.SendAsyncCore(HttpRequestMessage request, Boolean async, CancellationToken cancellationToken)
         at System.Net.Http.RedirectHandler.SendAsync(HttpRequestMessage request, Boolean async, CancellationToken cancellationToken)
         at Microsoft.Extensions.Http.Logging.LoggingHttpMessageHandler.<SendCoreAsync>g__Core|4_0(HttpRequestMessage request, Boolean useAsync, CancellationToken cancellationToken)
         at Microsoft.Extensions.Http.Logging.LoggingScopeHttpMessageHandler.<SendCoreAsync>g__Core|4_0(HttpRequestMessage request, Boolean useAsync, CancellationToken cancellationToken)
         at System.Net.Http.HttpClient.<SendAsync>g__Core|83_0(HttpRequestMessage request, HttpCompletionOption completionOption, CancellationTokenSource cts, Boolean disposeCts, CancellationTokenSource pendingRequestsCts, CancellationToken originalCancellationToken)
         at Chatbot.Sst.Infrastructure.Dispatch.HttpChatbotDispatchClient.DispatchAsync(ChatQuestionSubmission submission, CancellationToken cancellationToken) in C:\Users\jvrincon\Documents\chatbot_aplicado_sst\app\back\src\Chatbot.Sst.Infrastructure\Dispatch\HttpChatbotDispatchClient.cs:line 53
         at Chatbot.Sst.Application.ChatDispatchCoordinator.SubmitAsync(ChatQuestionSubmission submission, CancellationToken cancellationToken) in C:\Users\jvrincon\Documents\chatbot_aplicado_sst\app\back\src\Chatbot.Sst.Application\ChatDispatchCoordinator.cs:line 38
         at Program.<>c.<<<Main>$>b__0_1>d.MoveNext() in C:\Users\jvrincon\Documents\chatbot_aplicado_sst\app\back\src\Chatbot.Sst.Api\Program.cs:line 62
      --- End of stack trace from previous location ---
         at Microsoft.AspNetCore.Http.RequestDelegateFactory.ExecuteTaskResult[T](Task`1 task, HttpContext httpContext)
         at Microsoft.AspNetCore.Http.RequestDelegateFactory.<>c__DisplayClass102_2.<<HandleRequestBodyAndCompileRequestDelegateForJson>b__2>d.MoveNext()
      --- End of stack trace from previous location ---
         at Microsoft.AspNetCore.Diagnostics.DeveloperExceptionPageMiddlewareImpl.Invoke(HttpContext context)
info: System.Net.Http.HttpClient.IChatbotDispatchClient.LogicalHandler[100]
      Start processing HTTP request GET http://127.0.0.1:8765/api/platform/projects/proj_sst-general/releases?*
info: System.Net.Http.HttpClient.IChatbotDispatchClient.ClientHandler[100]
      Sending HTTP request GET http://127.0.0.1:8765/api/platform/projects/proj_sst-general/releases?*
info: System.Net.Http.HttpClient.IChatbotDispatchClient.ClientHandler[101]
      Received HTTP response headers after 21.4354ms - 200
info: System.Net.Http.HttpClient.IChatbotDispatchClient.LogicalHandler[101]
      End processing HTTP request after 21.4718ms - 200
[ChatbotDispatch DEBUG] POST /api/chatbot/questions body={"project_id":"proj_sst-general","rag_variant_id":"ragv_local-bge","rag_release_id":"ragr_1d2f9c1a4f444da0","question":"Que deberes de convivencia laboral deben cumplir los trabajadores?","conversation_id":"conv_chunks_20260828172002","message_id":"msg_chunks_20260828172152_33","top_k":8}
info: System.Net.Http.HttpClient.IChatbotDispatchClient.LogicalHandler[100]
      Start processing HTTP request POST http://127.0.0.1:8765/api/chatbot/questions
info: System.Net.Http.HttpClient.IChatbotDispatchClient.ClientHandler[100]
      Sending HTTP request POST http://127.0.0.1:8765/api/chatbot/questions
info: System.Net.Http.HttpClient.ILlmProvider.LogicalHandler[100]
      Start processing HTTP request POST http://127.0.0.1:8001/v1/chat/completions
info: System.Net.Http.HttpClient.ILlmProvider.ClientHandler[100]
      Sending HTTP request POST http://127.0.0.1:8001/v1/chat/completions
info: System.Net.Http.HttpClient.ILlmProvider.ClientHandler[104]
      HTTP request failed after 2032.4159ms
      System.Net.Http.HttpRequestException: No se puede establecer una conexión ya que el equipo de destino denegó expresamente dicha conexión. (127.0.0.1:8001)
       ---> System.Net.Sockets.SocketException (10061): No se puede establecer una conexión ya que el equipo de destino denegó expresamente dicha conexión.
         at System.Net.Sockets.Socket.AwaitableSocketAsyncEventArgs.ThrowException(SocketError error, CancellationToken cancellationToken)
         at System.Net.Sockets.Socket.AwaitableSocketAsyncEventArgs.System.Threading.Tasks.Sources.IValueTaskSource.GetResult(Int16 token)
         at System.Net.Http.HttpConnectionPool.ConnectToTcpHostAsync(String host, Int32 port, HttpRequestMessage initialRequest, Boolean async, CancellationToken cancellationToken)
         --- End of inner exception stack trace ---
         at System.Net.Http.HttpConnectionPool.ConnectToTcpHostAsync(String host, Int32 port, HttpRequestMessage initialRequest, Boolean async, CancellationToken cancellationToken)
         at System.Net.Http.HttpConnectionPool.ConnectAsync(HttpRequestMessage request, Boolean async, CancellationToken cancellationToken)
         at System.Net.Http.HttpConnectionPool.CreateHttp11ConnectionAsync(HttpRequestMessage request, Boolean async, CancellationToken cancellationToken)
         at System.Net.Http.HttpConnectionPool.InjectNewHttp11ConnectionAsync(QueueItem queueItem)
         at System.Threading.Tasks.TaskCompletionSourceWithCancellation`1.WaitWithCancellationAsync(CancellationToken cancellationToken)
         at System.Net.Http.HttpConnectionPool.SendWithVersionDetectionAndRetryAsync(HttpRequestMessage request, Boolean async, Boolean doRequestAuth, CancellationToken cancellationToken)
         at System.Net.Http.DiagnosticsHandler.SendAsyncCore(HttpRequestMessage request, Boolean async, CancellationToken cancellationToken)
         at System.Net.Http.RedirectHandler.SendAsync(HttpRequestMessage request, Boolean async, CancellationToken cancellationToken)
         at Microsoft.Extensions.Http.Logging.LoggingHttpMessageHandler.<SendCoreAsync>g__Core|4_0(HttpRequestMessage request, Boolean useAsync, CancellationToken cancellationToken)
info: System.Net.Http.HttpClient.ILlmProvider.LogicalHandler[104]
      HTTP request failed after 2032.6192ms
      System.Net.Http.HttpRequestException: No se puede establecer una conexión ya que el equipo de destino denegó expresamente dicha conexión. (127.0.0.1:8001)
       ---> System.Net.Sockets.SocketException (10061): No se puede establecer una conexión ya que el equipo de destino denegó expresamente dicha conexión.
         at System.Net.Sockets.Socket.AwaitableSocketAsyncEventArgs.ThrowException(SocketError error, CancellationToken cancellationToken)
         at System.Net.Sockets.Socket.AwaitableSocketAsyncEventArgs.System.Threading.Tasks.Sources.IValueTaskSource.GetResult(Int16 token)
         at System.Net.Http.HttpConnectionPool.ConnectToTcpHostAsync(String host, Int32 port, HttpRequestMessage initialRequest, Boolean async, CancellationToken cancellationToken)
         --- End of inner exception stack trace ---
         at System.Net.Http.HttpConnectionPool.ConnectToTcpHostAsync(String host, Int32 port, HttpRequestMessage initialRequest, Boolean async, CancellationToken cancellationToken)
         at System.Net.Http.HttpConnectionPool.ConnectAsync(HttpRequestMessage request, Boolean async, CancellationToken cancellationToken)
         at System.Net.Http.HttpConnectionPool.CreateHttp11ConnectionAsync(HttpRequestMessage request, Boolean async, CancellationToken cancellationToken)
         at System.Net.Http.HttpConnectionPool.InjectNewHttp11ConnectionAsync(QueueItem queueItem)
         at System.Threading.Tasks.TaskCompletionSourceWithCancellation`1.WaitWithCancellationAsync(CancellationToken cancellationToken)
         at System.Net.Http.HttpConnectionPool.SendWithVersionDetectionAndRetryAsync(HttpRequestMessage request, Boolean async, Boolean doRequestAuth, CancellationToken cancellationToken)
         at System.Net.Http.DiagnosticsHandler.SendAsyncCore(HttpRequestMessage request, Boolean async, CancellationToken cancellationToken)
         at System.Net.Http.RedirectHandler.SendAsync(HttpRequestMessage request, Boolean async, CancellationToken cancellationToken)
         at Microsoft.Extensions.Http.Logging.LoggingHttpMessageHandler.<SendCoreAsync>g__Core|4_0(HttpRequestMessage request, Boolean useAsync, CancellationToken cancellationToken)
         at Microsoft.Extensions.Http.Logging.LoggingScopeHttpMessageHandler.<SendCoreAsync>g__Core|4_0(HttpRequestMessage request, Boolean useAsync, CancellationToken cancellationToken)
info: System.Net.Http.HttpClient.IChatbotDispatchClient.ClientHandler[101]
      Received HTTP response headers after 8250.6548ms - 502
info: System.Net.Http.HttpClient.IChatbotDispatchClient.LogicalHandler[101]
      End processing HTTP request after 8250.6988ms - 502
info: System.Net.Http.HttpClient.IChatbotDispatchClient.LogicalHandler[100]
      Start processing HTTP request GET http://127.0.0.1:8765/api/platform/projects/proj_sst-general/releases?*
info: System.Net.Http.HttpClient.IChatbotDispatchClient.ClientHandler[100]
      Sending HTTP request GET http://127.0.0.1:8765/api/platform/projects/proj_sst-general/releases?*
info: System.Net.Http.HttpClient.IChatbotDispatchClient.ClientHandler[101]
      Received HTTP response headers after 14.8875ms - 200
info: System.Net.Http.HttpClient.IChatbotDispatchClient.LogicalHandler[101]
      End processing HTTP request after 14.9322ms - 200
[ChatbotDispatch DEBUG] POST /api/chatbot/questions body={"project_id":"proj_sst-general","rag_variant_id":"ragv_local-bge","rag_release_id":"ragr_1d2f9c1a4f444da0","question":"Que principios y valores orientan la convivencia laboral?","conversation_id":"conv_chunks_20260828172002","message_id":"msg_chunks_20260828172200_34","top_k":8}
info: System.Net.Http.HttpClient.IChatbotDispatchClient.LogicalHandler[100]
      Start processing HTTP request POST http://127.0.0.1:8765/api/chatbot/questions
info: System.Net.Http.HttpClient.IChatbotDispatchClient.ClientHandler[100]
      Sending HTTP request POST http://127.0.0.1:8765/api/chatbot/questions
info: System.Net.Http.HttpClient.IChatbotDispatchClient.ClientHandler[104]
      HTTP request failed after 0.5826ms
      System.Net.Http.HttpRequestException: An error occurred while sending the request.
       ---> System.Net.Http.HttpIOException: The response ended prematurely. (ResponseEnded)
         at System.Net.Http.HttpConnection.SendAsync(HttpRequestMessage request, Boolean async, CancellationToken cancellationToken)
         --- End of inner exception stack trace ---
         at System.Net.Http.HttpConnection.SendAsync(HttpRequestMessage request, Boolean async, CancellationToken cancellationToken)
         at System.Net.Http.HttpConnectionPool.SendWithVersionDetectionAndRetryAsync(HttpRequestMessage request, Boolean async, Boolean doRequestAuth, CancellationToken cancellationToken)
         at System.Net.Http.DiagnosticsHandler.SendAsyncCore(HttpRequestMessage request, Boolean async, CancellationToken cancellationToken)
         at System.Net.Http.RedirectHandler.SendAsync(HttpRequestMessage request, Boolean async, CancellationToken cancellationToken)
         at Microsoft.Extensions.Http.Logging.LoggingHttpMessageHandler.<SendCoreAsync>g__Core|4_0(HttpRequestMessage request, Boolean useAsync, CancellationToken cancellationToken)
info: System.Net.Http.HttpClient.IChatbotDispatchClient.LogicalHandler[104]
      HTTP request failed after 0.6822ms
      System.Net.Http.HttpRequestException: An error occurred while sending the request.
       ---> System.Net.Http.HttpIOException: The response ended prematurely. (ResponseEnded)
         at System.Net.Http.HttpConnection.SendAsync(HttpRequestMessage request, Boolean async, CancellationToken cancellationToken)
         --- End of inner exception stack trace ---
         at System.Net.Http.HttpConnection.SendAsync(HttpRequestMessage request, Boolean async, CancellationToken cancellationToken)
         at System.Net.Http.HttpConnectionPool.SendWithVersionDetectionAndRetryAsync(HttpRequestMessage request, Boolean async, Boolean doRequestAuth, CancellationToken cancellationToken)
         at System.Net.Http.DiagnosticsHandler.SendAsyncCore(HttpRequestMessage request, Boolean async, CancellationToken cancellationToken)
         at System.Net.Http.RedirectHandler.SendAsync(HttpRequestMessage request, Boolean async, CancellationToken cancellationToken)
         at Microsoft.Extensions.Http.Logging.LoggingHttpMessageHandler.<SendCoreAsync>g__Core|4_0(HttpRequestMessage request, Boolean useAsync, CancellationToken cancellationToken)
         at Microsoft.Extensions.Http.Logging.LoggingScopeHttpMessageHandler.<SendCoreAsync>g__Core|4_0(HttpRequestMessage request, Boolean useAsync, CancellationToken cancellationToken)
fail: Microsoft.AspNetCore.Diagnostics.DeveloperExceptionPageMiddleware[1]
      An unhandled exception has occurred while executing the request.
      System.Net.Http.HttpRequestException: An error occurred while sending the request.
       ---> System.Net.Http.HttpIOException: The response ended prematurely. (ResponseEnded)
         at System.Net.Http.HttpConnection.SendAsync(HttpRequestMessage request, Boolean async, CancellationToken cancellationToken)
         --- End of inner exception stack trace ---
         at System.Net.Http.HttpConnection.SendAsync(HttpRequestMessage request, Boolean async, CancellationToken cancellationToken)
         at System.Net.Http.HttpConnectionPool.SendWithVersionDetectionAndRetryAsync(HttpRequestMessage request, Boolean async, Boolean doRequestAuth, CancellationToken cancellationToken)
         at System.Net.Http.DiagnosticsHandler.SendAsyncCore(HttpRequestMessage request, Boolean async, CancellationToken cancellationToken)
         at System.Net.Http.RedirectHandler.SendAsync(HttpRequestMessage request, Boolean async, CancellationToken cancellationToken)
         at Microsoft.Extensions.Http.Logging.LoggingHttpMessageHandler.<SendCoreAsync>g__Core|4_0(HttpRequestMessage request, Boolean useAsync, CancellationToken cancellationToken)
         at Microsoft.Extensions.Http.Logging.LoggingScopeHttpMessageHandler.<SendCoreAsync>g__Core|4_0(HttpRequestMessage request, Boolean useAsync, CancellationToken cancellationToken)
         at System.Net.Http.HttpClient.<SendAsync>g__Core|83_0(HttpRequestMessage request, HttpCompletionOption completionOption, CancellationTokenSource cts, Boolean disposeCts, CancellationTokenSource pendingRequestsCts, CancellationToken originalCancellationToken)
         at Chatbot.Sst.Infrastructure.Dispatch.HttpChatbotDispatchClient.DispatchAsync(ChatQuestionSubmission submission, CancellationToken cancellationToken) in C:\Users\jvrincon\Documents\chatbot_aplicado_sst\app\back\src\Chatbot.Sst.Infrastructure\Dispatch\HttpChatbotDispatchClient.cs:line 53
         at Chatbot.Sst.Application.ChatDispatchCoordinator.SubmitAsync(ChatQuestionSubmission submission, CancellationToken cancellationToken) in C:\Users\jvrincon\Documents\chatbot_aplicado_sst\app\back\src\Chatbot.Sst.Application\ChatDispatchCoordinator.cs:line 38
         at Program.<>c.<<<Main>$>b__0_1>d.MoveNext() in C:\Users\jvrincon\Documents\chatbot_aplicado_sst\app\back\src\Chatbot.Sst.Api\Program.cs:line 62
      --- End of stack trace from previous location ---
         at Microsoft.AspNetCore.Http.RequestDelegateFactory.ExecuteTaskResult[T](Task`1 task, HttpContext httpContext)
         at Microsoft.AspNetCore.Http.RequestDelegateFactory.<>c__DisplayClass102_2.<<HandleRequestBodyAndCompileRequestDelegateForJson>b__2>d.MoveNext()
      --- End of stack trace from previous location ---
         at Microsoft.AspNetCore.Diagnostics.DeveloperExceptionPageMiddlewareImpl.Invoke(HttpContext context)
info: System.Net.Http.HttpClient.IChatbotDispatchClient.LogicalHandler[100]
      Start processing HTTP request GET http://127.0.0.1:8765/api/platform/projects/proj_sst-general/releases?*
info: System.Net.Http.HttpClient.IChatbotDispatchClient.ClientHandler[100]
      Sending HTTP request GET http://127.0.0.1:8765/api/platform/projects/proj_sst-general/releases?*
info: System.Net.Http.HttpClient.IChatbotDispatchClient.ClientHandler[101]
      Received HTTP response headers after 8.3879ms - 200
info: System.Net.Http.HttpClient.IChatbotDispatchClient.LogicalHandler[101]
      End processing HTTP request after 8.4315ms - 200
[ChatbotDispatch DEBUG] POST /api/chatbot/questions body={"project_id":"proj_sst-general","rag_variant_id":"ragv_local-bge","rag_release_id":"ragr_1d2f9c1a4f444da0","question":"En que consiste la politica de desconexion laboral?","conversation_id":"conv_chunks_20260828172002","message_id":"msg_chunks_20260828172200_35","top_k":8}
info: System.Net.Http.HttpClient.IChatbotDispatchClient.LogicalHandler[100]
      Start processing HTTP request POST http://127.0.0.1:8765/api/chatbot/questions
info: System.Net.Http.HttpClient.IChatbotDispatchClient.ClientHandler[100]
      Sending HTTP request POST http://127.0.0.1:8765/api/chatbot/questions
info: System.Net.Http.HttpClient.IChatbotDispatchClient.ClientHandler[104]
      HTTP request failed after 0.8484ms
      System.Net.Http.HttpRequestException: An error occurred while sending the request.
       ---> System.Net.Http.HttpIOException: The response ended prematurely. (ResponseEnded)
         at System.Net.Http.HttpConnection.SendAsync(HttpRequestMessage request, Boolean async, CancellationToken cancellationToken)
         --- End of inner exception stack trace ---
         at System.Net.Http.HttpConnection.SendAsync(HttpRequestMessage request, Boolean async, CancellationToken cancellationToken)
         at System.Net.Http.HttpConnectionPool.SendWithVersionDetectionAndRetryAsync(HttpRequestMessage request, Boolean async, Boolean doRequestAuth, CancellationToken cancellationToken)
         at System.Net.Http.DiagnosticsHandler.SendAsyncCore(HttpRequestMessage request, Boolean async, CancellationToken cancellationToken)
         at System.Net.Http.RedirectHandler.SendAsync(HttpRequestMessage request, Boolean async, CancellationToken cancellationToken)
         at Microsoft.Extensions.Http.Logging.LoggingHttpMessageHandler.<SendCoreAsync>g__Core|4_0(HttpRequestMessage request, Boolean useAsync, CancellationToken cancellationToken)
info: System.Net.Http.HttpClient.IChatbotDispatchClient.LogicalHandler[104]
      HTTP request failed after 0.9494ms
      System.Net.Http.HttpRequestException: An error occurred while sending the request.
       ---> System.Net.Http.HttpIOException: The response ended prematurely. (ResponseEnded)
         at System.Net.Http.HttpConnection.SendAsync(HttpRequestMessage request, Boolean async, CancellationToken cancellationToken)
         --- End of inner exception stack trace ---
         at System.Net.Http.HttpConnection.SendAsync(HttpRequestMessage request, Boolean async, CancellationToken cancellationToken)
         at System.Net.Http.HttpConnectionPool.SendWithVersionDetectionAndRetryAsync(HttpRequestMessage request, Boolean async, Boolean doRequestAuth, CancellationToken cancellationToken)
         at System.Net.Http.DiagnosticsHandler.SendAsyncCore(HttpRequestMessage request, Boolean async, CancellationToken cancellationToken)
         at System.Net.Http.RedirectHandler.SendAsync(HttpRequestMessage request, Boolean async, CancellationToken cancellationToken)
         at Microsoft.Extensions.Http.Logging.LoggingHttpMessageHandler.<SendCoreAsync>g__Core|4_0(HttpRequestMessage request, Boolean useAsync, CancellationToken cancellationToken)
         at Microsoft.Extensions.Http.Logging.LoggingScopeHttpMessageHandler.<SendCoreAsync>g__Core|4_0(HttpRequestMessage request, Boolean useAsync, CancellationToken cancellationToken)
fail: Microsoft.AspNetCore.Diagnostics.DeveloperExceptionPageMiddleware[1]
      An unhandled exception has occurred while executing the request.
      System.Net.Http.HttpRequestException: An error occurred while sending the request.
       ---> System.Net.Http.HttpIOException: The response ended prematurely. (ResponseEnded)
         at System.Net.Http.HttpConnection.SendAsync(HttpRequestMessage request, Boolean async, CancellationToken cancellationToken)
         --- End of inner exception stack trace ---
         at System.Net.Http.HttpConnection.SendAsync(HttpRequestMessage request, Boolean async, CancellationToken cancellationToken)
         at System.Net.Http.HttpConnectionPool.SendWithVersionDetectionAndRetryAsync(HttpRequestMessage request, Boolean async, Boolean doRequestAuth, CancellationToken cancellationToken)
         at System.Net.Http.DiagnosticsHandler.SendAsyncCore(HttpRequestMessage request, Boolean async, CancellationToken cancellationToken)
         at System.Net.Http.RedirectHandler.SendAsync(HttpRequestMessage request, Boolean async, CancellationToken cancellationToken)
         at Microsoft.Extensions.Http.Logging.LoggingHttpMessageHandler.<SendCoreAsync>g__Core|4_0(HttpRequestMessage request, Boolean useAsync, CancellationToken cancellationToken)
         at Microsoft.Extensions.Http.Logging.LoggingScopeHttpMessageHandler.<SendCoreAsync>g__Core|4_0(HttpRequestMessage request, Boolean useAsync, CancellationToken cancellationToken)
         at System.Net.Http.HttpClient.<SendAsync>g__Core|83_0(HttpRequestMessage request, HttpCompletionOption completionOption, CancellationTokenSource cts, Boolean disposeCts, CancellationTokenSource pendingRequestsCts, CancellationToken originalCancellationToken)
         at Chatbot.Sst.Infrastructure.Dispatch.HttpChatbotDispatchClient.DispatchAsync(ChatQuestionSubmission submission, CancellationToken cancellationToken) in C:\Users\jvrincon\Documents\chatbot_aplicado_sst\app\back\src\Chatbot.Sst.Infrastructure\Dispatch\HttpChatbotDispatchClient.cs:line 53
         at Chatbot.Sst.Application.ChatDispatchCoordinator.SubmitAsync(ChatQuestionSubmission submission, CancellationToken cancellationToken) in C:\Users\jvrincon\Documents\chatbot_aplicado_sst\app\back\src\Chatbot.Sst.Application\ChatDispatchCoordinator.cs:line 38
         at Program.<>c.<<<Main>$>b__0_1>d.MoveNext() in C:\Users\jvrincon\Documents\chatbot_aplicado_sst\app\back\src\Chatbot.Sst.Api\Program.cs:line 62
      --- End of stack trace from previous location ---
         at Microsoft.AspNetCore.Http.RequestDelegateFactory.ExecuteTaskResult[T](Task`1 task, HttpContext httpContext)
         at Microsoft.AspNetCore.Http.RequestDelegateFactory.<>c__DisplayClass102_2.<<HandleRequestBodyAndCompileRequestDelegateForJson>b__2>d.MoveNext()
      --- End of stack trace from previous location ---
         at Microsoft.AspNetCore.Diagnostics.DeveloperExceptionPageMiddlewareImpl.Invoke(HttpContext context)
info: System.Net.Http.HttpClient.IChatbotDispatchClient.LogicalHandler[100]
      Start processing HTTP request GET http://127.0.0.1:8765/api/platform/projects/proj_sst-general/releases?*
info: System.Net.Http.HttpClient.IChatbotDispatchClient.ClientHandler[100]
      Sending HTTP request GET http://127.0.0.1:8765/api/platform/projects/proj_sst-general/releases?*
info: System.Net.Http.HttpClient.IChatbotDispatchClient.ClientHandler[101]
      Received HTTP response headers after 7.4568ms - 200
info: System.Net.Http.HttpClient.IChatbotDispatchClient.LogicalHandler[101]
      End processing HTTP request after 7.5027ms - 200
[ChatbotDispatch DEBUG] POST /api/chatbot/questions body={"project_id":"proj_sst-general","rag_variant_id":"ragv_local-bge","rag_release_id":"ragr_1d2f9c1a4f444da0","question":"Que normas de convivencia deben cumplir los trabajadores?","conversation_id":"conv_chunks_20260828172002","message_id":"msg_chunks_20260828172200_36","top_k":8}
info: System.Net.Http.HttpClient.IChatbotDispatchClient.LogicalHandler[100]
      Start processing HTTP request POST http://127.0.0.1:8765/api/chatbot/questions
info: System.Net.Http.HttpClient.IChatbotDispatchClient.ClientHandler[100]
      Sending HTTP request POST http://127.0.0.1:8765/api/chatbot/questions
info: System.Net.Http.HttpClient.IChatbotDispatchClient.ClientHandler[104]
      HTTP request failed after 0.4962ms
      System.Net.Http.HttpRequestException: An error occurred while sending the request.
       ---> System.Net.Http.HttpIOException: The response ended prematurely. (ResponseEnded)
         at System.Net.Http.HttpConnection.SendAsync(HttpRequestMessage request, Boolean async, CancellationToken cancellationToken)
         --- End of inner exception stack trace ---
         at System.Net.Http.HttpConnection.SendAsync(HttpRequestMessage request, Boolean async, CancellationToken cancellationToken)
         at System.Net.Http.HttpConnectionPool.SendWithVersionDetectionAndRetryAsync(HttpRequestMessage request, Boolean async, Boolean doRequestAuth, CancellationToken cancellationToken)
         at System.Net.Http.DiagnosticsHandler.SendAsyncCore(HttpRequestMessage request, Boolean async, CancellationToken cancellationToken)
         at System.Net.Http.RedirectHandler.SendAsync(HttpRequestMessage request, Boolean async, CancellationToken cancellationToken)
         at Microsoft.Extensions.Http.Logging.LoggingHttpMessageHandler.<SendCoreAsync>g__Core|4_0(HttpRequestMessage request, Boolean useAsync, CancellationToken cancellationToken)
info: System.Net.Http.HttpClient.IChatbotDispatchClient.LogicalHandler[104]
      HTTP request failed after 0.5805ms
      System.Net.Http.HttpRequestException: An error occurred while sending the request.
       ---> System.Net.Http.HttpIOException: The response ended prematurely. (ResponseEnded)
         at System.Net.Http.HttpConnection.SendAsync(HttpRequestMessage request, Boolean async, CancellationToken cancellationToken)
         --- End of inner exception stack trace ---
         at System.Net.Http.HttpConnection.SendAsync(HttpRequestMessage request, Boolean async, CancellationToken cancellationToken)
         at System.Net.Http.HttpConnectionPool.SendWithVersionDetectionAndRetryAsync(HttpRequestMessage request, Boolean async, Boolean doRequestAuth, CancellationToken cancellationToken)
         at System.Net.Http.DiagnosticsHandler.SendAsyncCore(HttpRequestMessage request, Boolean async, CancellationToken cancellationToken)
         at System.Net.Http.RedirectHandler.SendAsync(HttpRequestMessage request, Boolean async, CancellationToken cancellationToken)
         at Microsoft.Extensions.Http.Logging.LoggingHttpMessageHandler.<SendCoreAsync>g__Core|4_0(HttpRequestMessage request, Boolean useAsync, CancellationToken cancellationToken)
         at Microsoft.Extensions.Http.Logging.LoggingScopeHttpMessageHandler.<SendCoreAsync>g__Core|4_0(HttpRequestMessage request, Boolean useAsync, CancellationToken cancellationToken)
fail: Microsoft.AspNetCore.Diagnostics.DeveloperExceptionPageMiddleware[1]
      An unhandled exception has occurred while executing the request.
      System.Net.Http.HttpRequestException: An error occurred while sending the request.
       ---> System.Net.Http.HttpIOException: The response ended prematurely. (ResponseEnded)
         at System.Net.Http.HttpConnection.SendAsync(HttpRequestMessage request, Boolean async, CancellationToken cancellationToken)
         --- End of inner exception stack trace ---
         at System.Net.Http.HttpConnection.SendAsync(HttpRequestMessage request, Boolean async, CancellationToken cancellationToken)
         at System.Net.Http.HttpConnectionPool.SendWithVersionDetectionAndRetryAsync(HttpRequestMessage request, Boolean async, Boolean doRequestAuth, CancellationToken cancellationToken)
         at System.Net.Http.DiagnosticsHandler.SendAsyncCore(HttpRequestMessage request, Boolean async, CancellationToken cancellationToken)
         at System.Net.Http.RedirectHandler.SendAsync(HttpRequestMessage request, Boolean async, CancellationToken cancellationToken)
         at Microsoft.Extensions.Http.Logging.LoggingHttpMessageHandler.<SendCoreAsync>g__Core|4_0(HttpRequestMessage request, Boolean useAsync, CancellationToken cancellationToken)
         at Microsoft.Extensions.Http.Logging.LoggingScopeHttpMessageHandler.<SendCoreAsync>g__Core|4_0(HttpRequestMessage request, Boolean useAsync, CancellationToken cancellationToken)
         at System.Net.Http.HttpClient.<SendAsync>g__Core|83_0(HttpRequestMessage request, HttpCompletionOption completionOption, CancellationTokenSource cts, Boolean disposeCts, CancellationTokenSource pendingRequestsCts, CancellationToken originalCancellationToken)
         at Chatbot.Sst.Infrastructure.Dispatch.HttpChatbotDispatchClient.DispatchAsync(ChatQuestionSubmission submission, CancellationToken cancellationToken) in C:\Users\jvrincon\Documents\chatbot_aplicado_sst\app\back\src\Chatbot.Sst.Infrastructure\Dispatch\HttpChatbotDispatchClient.cs:line 53
         at Chatbot.Sst.Application.ChatDispatchCoordinator.SubmitAsync(ChatQuestionSubmission submission, CancellationToken cancellationToken) in C:\Users\jvrincon\Documents\chatbot_aplicado_sst\app\back\src\Chatbot.Sst.Application\ChatDispatchCoordinator.cs:line 38
         at Program.<>c.<<<Main>$>b__0_1>d.MoveNext() in C:\Users\jvrincon\Documents\chatbot_aplicado_sst\app\back\src\Chatbot.Sst.Api\Program.cs:line 62
      --- End of stack trace from previous location ---
         at Microsoft.AspNetCore.Http.RequestDelegateFactory.ExecuteTaskResult[T](Task`1 task, HttpContext httpContext)
         at Microsoft.AspNetCore.Http.RequestDelegateFactory.<>c__DisplayClass102_2.<<HandleRequestBodyAndCompileRequestDelegateForJson>b__2>d.MoveNext()
      --- End of stack trace from previous location ---
         at Microsoft.AspNetCore.Diagnostics.DeveloperExceptionPageMiddlewareImpl.Invoke(HttpContext context)
info: System.Net.Http.HttpClient.IChatbotDispatchClient.LogicalHandler[100]
      Start processing HTTP request GET http://127.0.0.1:8765/api/platform/projects/proj_sst-general/releases?*
info: System.Net.Http.HttpClient.IChatbotDispatchClient.ClientHandler[100]
      Sending HTTP request GET http://127.0.0.1:8765/api/platform/projects/proj_sst-general/releases?*
info: System.Net.Http.HttpClient.IChatbotDispatchClient.ClientHandler[101]
      Received HTTP response headers after 6.6638ms - 200
info: System.Net.Http.HttpClient.IChatbotDispatchClient.LogicalHandler[101]
      End processing HTTP request after 6.696ms - 200
[ChatbotDispatch DEBUG] POST /api/chatbot/questions body={"project_id":"proj_sst-general","rag_variant_id":"ragv_local-bge","rag_release_id":"ragr_1d2f9c1a4f444da0","question":"Que marco legal soporta el comite y la convivencia laboral?","conversation_id":"conv_chunks_20260828172002","message_id":"msg_chunks_20260828172200_37","top_k":8}
info: System.Net.Http.HttpClient.IChatbotDispatchClient.LogicalHandler[100]
      Start processing HTTP request POST http://127.0.0.1:8765/api/chatbot/questions
info: System.Net.Http.HttpClient.IChatbotDispatchClient.ClientHandler[100]
      Sending HTTP request POST http://127.0.0.1:8765/api/chatbot/questions
info: System.Net.Http.HttpClient.IChatbotDispatchClient.ClientHandler[104]
      HTTP request failed after 0.4738ms
      System.Net.Http.HttpRequestException: An error occurred while sending the request.
       ---> System.Net.Http.HttpIOException: The response ended prematurely. (ResponseEnded)
         at System.Net.Http.HttpConnection.SendAsync(HttpRequestMessage request, Boolean async, CancellationToken cancellationToken)
         --- End of inner exception stack trace ---
         at System.Net.Http.HttpConnection.SendAsync(HttpRequestMessage request, Boolean async, CancellationToken cancellationToken)
         at System.Net.Http.HttpConnectionPool.SendWithVersionDetectionAndRetryAsync(HttpRequestMessage request, Boolean async, Boolean doRequestAuth, CancellationToken cancellationToken)
         at System.Net.Http.DiagnosticsHandler.SendAsyncCore(HttpRequestMessage request, Boolean async, CancellationToken cancellationToken)
         at System.Net.Http.RedirectHandler.SendAsync(HttpRequestMessage request, Boolean async, CancellationToken cancellationToken)
         at Microsoft.Extensions.Http.Logging.LoggingHttpMessageHandler.<SendCoreAsync>g__Core|4_0(HttpRequestMessage request, Boolean useAsync, CancellationToken cancellationToken)
info: System.Net.Http.HttpClient.IChatbotDispatchClient.LogicalHandler[104]
      HTTP request failed after 0.5586ms
      System.Net.Http.HttpRequestException: An error occurred while sending the request.
       ---> System.Net.Http.HttpIOException: The response ended prematurely. (ResponseEnded)
         at System.Net.Http.HttpConnection.SendAsync(HttpRequestMessage request, Boolean async, CancellationToken cancellationToken)
         --- End of inner exception stack trace ---
         at System.Net.Http.HttpConnection.SendAsync(HttpRequestMessage request, Boolean async, CancellationToken cancellationToken)
         at System.Net.Http.HttpConnectionPool.SendWithVersionDetectionAndRetryAsync(HttpRequestMessage request, Boolean async, Boolean doRequestAuth, CancellationToken cancellationToken)
         at System.Net.Http.DiagnosticsHandler.SendAsyncCore(HttpRequestMessage request, Boolean async, CancellationToken cancellationToken)
         at System.Net.Http.RedirectHandler.SendAsync(HttpRequestMessage request, Boolean async, CancellationToken cancellationToken)
         at Microsoft.Extensions.Http.Logging.LoggingHttpMessageHandler.<SendCoreAsync>g__Core|4_0(HttpRequestMessage request, Boolean useAsync, CancellationToken cancellationToken)
         at Microsoft.Extensions.Http.Logging.LoggingScopeHttpMessageHandler.<SendCoreAsync>g__Core|4_0(HttpRequestMessage request, Boolean useAsync, CancellationToken cancellationToken)
fail: Microsoft.AspNetCore.Diagnostics.DeveloperExceptionPageMiddleware[1]
      An unhandled exception has occurred while executing the request.
      System.Net.Http.HttpRequestException: An error occurred while sending the request.
       ---> System.Net.Http.HttpIOException: The response ended prematurely. (ResponseEnded)
         at System.Net.Http.HttpConnection.SendAsync(HttpRequestMessage request, Boolean async, CancellationToken cancellationToken)
         --- End of inner exception stack trace ---
         at System.Net.Http.HttpConnection.SendAsync(HttpRequestMessage request, Boolean async, CancellationToken cancellationToken)
         at System.Net.Http.HttpConnectionPool.SendWithVersionDetectionAndRetryAsync(HttpRequestMessage request, Boolean async, Boolean doRequestAuth, CancellationToken cancellationToken)
         at System.Net.Http.DiagnosticsHandler.SendAsyncCore(HttpRequestMessage request, Boolean async, CancellationToken cancellationToken)
         at System.Net.Http.RedirectHandler.SendAsync(HttpRequestMessage request, Boolean async, CancellationToken cancellationToken)
         at Microsoft.Extensions.Http.Logging.LoggingHttpMessageHandler.<SendCoreAsync>g__Core|4_0(HttpRequestMessage request, Boolean useAsync, CancellationToken cancellationToken)
         at Microsoft.Extensions.Http.Logging.LoggingScopeHttpMessageHandler.<SendCoreAsync>g__Core|4_0(HttpRequestMessage request, Boolean useAsync, CancellationToken cancellationToken)
         at System.Net.Http.HttpClient.<SendAsync>g__Core|83_0(HttpRequestMessage request, HttpCompletionOption completionOption, CancellationTokenSource cts, Boolean disposeCts, CancellationTokenSource pendingRequestsCts, CancellationToken originalCancellationToken)
         at Chatbot.Sst.Infrastructure.Dispatch.HttpChatbotDispatchClient.DispatchAsync(ChatQuestionSubmission submission, CancellationToken cancellationToken) in C:\Users\jvrincon\Documents\chatbot_aplicado_sst\app\back\src\Chatbot.Sst.Infrastructure\Dispatch\HttpChatbotDispatchClient.cs:line 53
         at Chatbot.Sst.Application.ChatDispatchCoordinator.SubmitAsync(ChatQuestionSubmission submission, CancellationToken cancellationToken) in C:\Users\jvrincon\Documents\chatbot_aplicado_sst\app\back\src\Chatbot.Sst.Application\ChatDispatchCoordinator.cs:line 38
         at Program.<>c.<<<Main>$>b__0_1>d.MoveNext() in C:\Users\jvrincon\Documents\chatbot_aplicado_sst\app\back\src\Chatbot.Sst.Api\Program.cs:line 62
      --- End of stack trace from previous location ---
         at Microsoft.AspNetCore.Http.RequestDelegateFactory.ExecuteTaskResult[T](Task`1 task, HttpContext httpContext)
         at Microsoft.AspNetCore.Http.RequestDelegateFactory.<>c__DisplayClass102_2.<<HandleRequestBodyAndCompileRequestDelegateForJson>b__2>d.MoveNext()
      --- End of stack trace from previous location ---
         at Microsoft.AspNetCore.Diagnostics.DeveloperExceptionPageMiddlewareImpl.Invoke(HttpContext context)
info: System.Net.Http.HttpClient.IChatbotDispatchClient.LogicalHandler[100]
      Start processing HTTP request GET http://127.0.0.1:8765/api/platform/projects/proj_sst-general/releases?*
info: System.Net.Http.HttpClient.IChatbotDispatchClient.ClientHandler[100]
      Sending HTTP request GET http://127.0.0.1:8765/api/platform/projects/proj_sst-general/releases?*
info: System.Net.Http.HttpClient.IChatbotDispatchClient.ClientHandler[101]
      Received HTTP response headers after 7.1417ms - 200
info: System.Net.Http.HttpClient.IChatbotDispatchClient.LogicalHandler[101]
      End processing HTTP request after 7.1709ms - 200
[ChatbotDispatch DEBUG] POST /api/chatbot/questions body={"project_id":"proj_sst-general","rag_variant_id":"ragv_local-bge","rag_release_id":"ragr_1d2f9c1a4f444da0","question":"Que dice la politica de prevencion del acoso laboral?","conversation_id":"conv_chunks_20260828172002","message_id":"msg_chunks_20260828172200_38","top_k":8}
info: System.Net.Http.HttpClient.IChatbotDispatchClient.LogicalHandler[100]
      Start processing HTTP request POST http://127.0.0.1:8765/api/chatbot/questions
info: System.Net.Http.HttpClient.IChatbotDispatchClient.ClientHandler[100]
      Sending HTTP request POST http://127.0.0.1:8765/api/chatbot/questions
info: System.Net.Http.HttpClient.IChatbotDispatchClient.ClientHandler[104]
      HTTP request failed after 0.4222ms
      System.Net.Http.HttpRequestException: An error occurred while sending the request.
       ---> System.Net.Http.HttpIOException: The response ended prematurely. (ResponseEnded)
         at System.Net.Http.HttpConnection.SendAsync(HttpRequestMessage request, Boolean async, CancellationToken cancellationToken)
         --- End of inner exception stack trace ---
         at System.Net.Http.HttpConnection.SendAsync(HttpRequestMessage request, Boolean async, CancellationToken cancellationToken)
         at System.Net.Http.HttpConnectionPool.SendWithVersionDetectionAndRetryAsync(HttpRequestMessage request, Boolean async, Boolean doRequestAuth, CancellationToken cancellationToken)
         at System.Net.Http.DiagnosticsHandler.SendAsyncCore(HttpRequestMessage request, Boolean async, CancellationToken cancellationToken)
         at System.Net.Http.RedirectHandler.SendAsync(HttpRequestMessage request, Boolean async, CancellationToken cancellationToken)
         at Microsoft.Extensions.Http.Logging.LoggingHttpMessageHandler.<SendCoreAsync>g__Core|4_0(HttpRequestMessage request, Boolean useAsync, CancellationToken cancellationToken)
info: System.Net.Http.HttpClient.IChatbotDispatchClient.LogicalHandler[104]
      HTTP request failed after 0.5138ms
      System.Net.Http.HttpRequestException: An error occurred while sending the request.
       ---> System.Net.Http.HttpIOException: The response ended prematurely. (ResponseEnded)
         at System.Net.Http.HttpConnection.SendAsync(HttpRequestMessage request, Boolean async, CancellationToken cancellationToken)
         --- End of inner exception stack trace ---
         at System.Net.Http.HttpConnection.SendAsync(HttpRequestMessage request, Boolean async, CancellationToken cancellationToken)
         at System.Net.Http.HttpConnectionPool.SendWithVersionDetectionAndRetryAsync(HttpRequestMessage request, Boolean async, Boolean doRequestAuth, CancellationToken cancellationToken)
         at System.Net.Http.DiagnosticsHandler.SendAsyncCore(HttpRequestMessage request, Boolean async, CancellationToken cancellationToken)
         at System.Net.Http.RedirectHandler.SendAsync(HttpRequestMessage request, Boolean async, CancellationToken cancellationToken)
         at Microsoft.Extensions.Http.Logging.LoggingHttpMessageHandler.<SendCoreAsync>g__Core|4_0(HttpRequestMessage request, Boolean useAsync, CancellationToken cancellationToken)
         at Microsoft.Extensions.Http.Logging.LoggingScopeHttpMessageHandler.<SendCoreAsync>g__Core|4_0(HttpRequestMessage request, Boolean useAsync, CancellationToken cancellationToken)
fail: Microsoft.AspNetCore.Diagnostics.DeveloperExceptionPageMiddleware[1]
      An unhandled exception has occurred while executing the request.
      System.Net.Http.HttpRequestException: An error occurred while sending the request.
       ---> System.Net.Http.HttpIOException: The response ended prematurely. (ResponseEnded)
         at System.Net.Http.HttpConnection.SendAsync(HttpRequestMessage request, Boolean async, CancellationToken cancellationToken)
         --- End of inner exception stack trace ---
         at System.Net.Http.HttpConnection.SendAsync(HttpRequestMessage request, Boolean async, CancellationToken cancellationToken)
         at System.Net.Http.HttpConnectionPool.SendWithVersionDetectionAndRetryAsync(HttpRequestMessage request, Boolean async, Boolean doRequestAuth, CancellationToken cancellationToken)
         at System.Net.Http.DiagnosticsHandler.SendAsyncCore(HttpRequestMessage request, Boolean async, CancellationToken cancellationToken)
         at System.Net.Http.RedirectHandler.SendAsync(HttpRequestMessage request, Boolean async, CancellationToken cancellationToken)
         at Microsoft.Extensions.Http.Logging.LoggingHttpMessageHandler.<SendCoreAsync>g__Core|4_0(HttpRequestMessage request, Boolean useAsync, CancellationToken cancellationToken)
         at Microsoft.Extensions.Http.Logging.LoggingScopeHttpMessageHandler.<SendCoreAsync>g__Core|4_0(HttpRequestMessage request, Boolean useAsync, CancellationToken cancellationToken)
         at System.Net.Http.HttpClient.<SendAsync>g__Core|83_0(HttpRequestMessage request, HttpCompletionOption completionOption, CancellationTokenSource cts, Boolean disposeCts, CancellationTokenSource pendingRequestsCts, CancellationToken originalCancellationToken)
         at Chatbot.Sst.Infrastructure.Dispatch.HttpChatbotDispatchClient.DispatchAsync(ChatQuestionSubmission submission, CancellationToken cancellationToken) in C:\Users\jvrincon\Documents\chatbot_aplicado_sst\app\back\src\Chatbot.Sst.Infrastructure\Dispatch\HttpChatbotDispatchClient.cs:line 53
         at Chatbot.Sst.Application.ChatDispatchCoordinator.SubmitAsync(ChatQuestionSubmission submission, CancellationToken cancellationToken) in C:\Users\jvrincon\Documents\chatbot_aplicado_sst\app\back\src\Chatbot.Sst.Application\ChatDispatchCoordinator.cs:line 38
         at Program.<>c.<<<Main>$>b__0_1>d.MoveNext() in C:\Users\jvrincon\Documents\chatbot_aplicado_sst\app\back\src\Chatbot.Sst.Api\Program.cs:line 62
      --- End of stack trace from previous location ---
         at Microsoft.AspNetCore.Http.RequestDelegateFactory.ExecuteTaskResult[T](Task`1 task, HttpContext httpContext)
         at Microsoft.AspNetCore.Http.RequestDelegateFactory.<>c__DisplayClass102_2.<<HandleRequestBodyAndCompileRequestDelegateForJson>b__2>d.MoveNext()
      --- End of stack trace from previous location ---
         at Microsoft.AspNetCore.Diagnostics.DeveloperExceptionPageMiddlewareImpl.Invoke(HttpContext context)
info: System.Net.Http.HttpClient.IChatbotDispatchClient.LogicalHandler[100]
      Start processing HTTP request GET http://127.0.0.1:8765/api/platform/projects/proj_sst-general/releases?*
info: System.Net.Http.HttpClient.IChatbotDispatchClient.ClientHandler[100]
      Sending HTTP request GET http://127.0.0.1:8765/api/platform/projects/proj_sst-general/releases?*
info: System.Net.Http.HttpClient.IChatbotDispatchClient.ClientHandler[101]
      Received HTTP response headers after 7.7429ms - 200
info: System.Net.Http.HttpClient.IChatbotDispatchClient.LogicalHandler[101]
      End processing HTTP request after 7.7723ms - 200
[ChatbotDispatch DEBUG] POST /api/chatbot/questions body={"project_id":"proj_sst-general","rag_variant_id":"ragv_local-bge","rag_release_id":"ragr_1d2f9c1a4f444da0","question":"Que es la sala amiga de la familia lactante?","conversation_id":"conv_chunks_20260828172002","message_id":"msg_chunks_20260828172200_39","top_k":8}
info: System.Net.Http.HttpClient.IChatbotDispatchClient.LogicalHandler[100]
      Start processing HTTP request POST http://127.0.0.1:8765/api/chatbot/questions
info: System.Net.Http.HttpClient.IChatbotDispatchClient.ClientHandler[100]
      Sending HTTP request POST http://127.0.0.1:8765/api/chatbot/questions
info: System.Net.Http.HttpClient.IChatbotDispatchClient.ClientHandler[104]
      HTTP request failed after 0.4028ms
      System.Net.Http.HttpRequestException: An error occurred while sending the request.
       ---> System.Net.Http.HttpIOException: The response ended prematurely. (ResponseEnded)
         at System.Net.Http.HttpConnection.SendAsync(HttpRequestMessage request, Boolean async, CancellationToken cancellationToken)
         --- End of inner exception stack trace ---
         at System.Net.Http.HttpConnection.SendAsync(HttpRequestMessage request, Boolean async, CancellationToken cancellationToken)
         at System.Net.Http.HttpConnectionPool.SendWithVersionDetectionAndRetryAsync(HttpRequestMessage request, Boolean async, Boolean doRequestAuth, CancellationToken cancellationToken)
         at System.Net.Http.DiagnosticsHandler.SendAsyncCore(HttpRequestMessage request, Boolean async, CancellationToken cancellationToken)
         at System.Net.Http.RedirectHandler.SendAsync(HttpRequestMessage request, Boolean async, CancellationToken cancellationToken)
         at Microsoft.Extensions.Http.Logging.LoggingHttpMessageHandler.<SendCoreAsync>g__Core|4_0(HttpRequestMessage request, Boolean useAsync, CancellationToken cancellationToken)
info: System.Net.Http.HttpClient.IChatbotDispatchClient.LogicalHandler[104]
      HTTP request failed after 0.4862ms
      System.Net.Http.HttpRequestException: An error occurred while sending the request.
       ---> System.Net.Http.HttpIOException: The response ended prematurely. (ResponseEnded)
         at System.Net.Http.HttpConnection.SendAsync(HttpRequestMessage request, Boolean async, CancellationToken cancellationToken)
         --- End of inner exception stack trace ---
         at System.Net.Http.HttpConnection.SendAsync(HttpRequestMessage request, Boolean async, CancellationToken cancellationToken)
         at System.Net.Http.HttpConnectionPool.SendWithVersionDetectionAndRetryAsync(HttpRequestMessage request, Boolean async, Boolean doRequestAuth, CancellationToken cancellationToken)
         at System.Net.Http.DiagnosticsHandler.SendAsyncCore(HttpRequestMessage request, Boolean async, CancellationToken cancellationToken)
         at System.Net.Http.RedirectHandler.SendAsync(HttpRequestMessage request, Boolean async, CancellationToken cancellationToken)
         at Microsoft.Extensions.Http.Logging.LoggingHttpMessageHandler.<SendCoreAsync>g__Core|4_0(HttpRequestMessage request, Boolean useAsync, CancellationToken cancellationToken)
         at Microsoft.Extensions.Http.Logging.LoggingScopeHttpMessageHandler.<SendCoreAsync>g__Core|4_0(HttpRequestMessage request, Boolean useAsync, CancellationToken cancellationToken)
fail: Microsoft.AspNetCore.Diagnostics.DeveloperExceptionPageMiddleware[1]
      An unhandled exception has occurred while executing the request.
      System.Net.Http.HttpRequestException: An error occurred while sending the request.
       ---> System.Net.Http.HttpIOException: The response ended prematurely. (ResponseEnded)
         at System.Net.Http.HttpConnection.SendAsync(HttpRequestMessage request, Boolean async, CancellationToken cancellationToken)
         --- End of inner exception stack trace ---
         at System.Net.Http.HttpConnection.SendAsync(HttpRequestMessage request, Boolean async, CancellationToken cancellationToken)
         at System.Net.Http.HttpConnectionPool.SendWithVersionDetectionAndRetryAsync(HttpRequestMessage request, Boolean async, Boolean doRequestAuth, CancellationToken cancellationToken)
         at System.Net.Http.DiagnosticsHandler.SendAsyncCore(HttpRequestMessage request, Boolean async, CancellationToken cancellationToken)
         at System.Net.Http.RedirectHandler.SendAsync(HttpRequestMessage request, Boolean async, CancellationToken cancellationToken)
         at Microsoft.Extensions.Http.Logging.LoggingHttpMessageHandler.<SendCoreAsync>g__Core|4_0(HttpRequestMessage request, Boolean useAsync, CancellationToken cancellationToken)
         at Microsoft.Extensions.Http.Logging.LoggingScopeHttpMessageHandler.<SendCoreAsync>g__Core|4_0(HttpRequestMessage request, Boolean useAsync, CancellationToken cancellationToken)
         at System.Net.Http.HttpClient.<SendAsync>g__Core|83_0(HttpRequestMessage request, HttpCompletionOption completionOption, CancellationTokenSource cts, Boolean disposeCts, CancellationTokenSource pendingRequestsCts, CancellationToken originalCancellationToken)
         at Chatbot.Sst.Infrastructure.Dispatch.HttpChatbotDispatchClient.DispatchAsync(ChatQuestionSubmission submission, CancellationToken cancellationToken) in C:\Users\jvrincon\Documents\chatbot_aplicado_sst\app\back\src\Chatbot.Sst.Infrastructure\Dispatch\HttpChatbotDispatchClient.cs:line 53
         at Chatbot.Sst.Application.ChatDispatchCoordinator.SubmitAsync(ChatQuestionSubmission submission, CancellationToken cancellationToken) in C:\Users\jvrincon\Documents\chatbot_aplicado_sst\app\back\src\Chatbot.Sst.Application\ChatDispatchCoordinator.cs:line 38
         at Program.<>c.<<<Main>$>b__0_1>d.MoveNext() in C:\Users\jvrincon\Documents\chatbot_aplicado_sst\app\back\src\Chatbot.Sst.Api\Program.cs:line 62
      --- End of stack trace from previous location ---
         at Microsoft.AspNetCore.Http.RequestDelegateFactory.ExecuteTaskResult[T](Task`1 task, HttpContext httpContext)
         at Microsoft.AspNetCore.Http.RequestDelegateFactory.<>c__DisplayClass102_2.<<HandleRequestBodyAndCompileRequestDelegateForJson>b__2>d.MoveNext()
      --- End of stack trace from previous location ---
         at Microsoft.AspNetCore.Diagnostics.DeveloperExceptionPageMiddlewareImpl.Invoke(HttpContext context)
info: System.Net.Http.HttpClient.IChatbotDispatchClient.LogicalHandler[100]
      Start processing HTTP request GET http://127.0.0.1:8765/api/platform/projects/proj_sst-general/releases?*
info: System.Net.Http.HttpClient.IChatbotDispatchClient.ClientHandler[100]
      Sending HTTP request GET http://127.0.0.1:8765/api/platform/projects/proj_sst-general/releases?*
info: System.Net.Http.HttpClient.IChatbotDispatchClient.ClientHandler[101]
      Received HTTP response headers after 8.8153ms - 200
info: System.Net.Http.HttpClient.IChatbotDispatchClient.LogicalHandler[101]
      End processing HTTP request after 8.8472ms - 200
[ChatbotDispatch DEBUG] POST /api/chatbot/questions body={"project_id":"proj_sst-general","rag_variant_id":"ragv_local-bge","rag_release_id":"ragr_1d2f9c1a4f444da0","question":"Cuales son las ventajas de la sala amiga?","conversation_id":"conv_chunks_20260828172002","message_id":"msg_chunks_20260828172200_40","top_k":8}
info: System.Net.Http.HttpClient.IChatbotDispatchClient.LogicalHandler[100]
      Start processing HTTP request POST http://127.0.0.1:8765/api/chatbot/questions
info: System.Net.Http.HttpClient.IChatbotDispatchClient.ClientHandler[100]
      Sending HTTP request POST http://127.0.0.1:8765/api/chatbot/questions
info: System.Net.Http.HttpClient.IChatbotDispatchClient.ClientHandler[104]
      HTTP request failed after 0.5978ms
      System.Net.Http.HttpRequestException: An error occurred while sending the request.
       ---> System.Net.Http.HttpIOException: The response ended prematurely. (ResponseEnded)
         at System.Net.Http.HttpConnection.SendAsync(HttpRequestMessage request, Boolean async, CancellationToken cancellationToken)
         --- End of inner exception stack trace ---
         at System.Net.Http.HttpConnection.SendAsync(HttpRequestMessage request, Boolean async, CancellationToken cancellationToken)
         at System.Net.Http.HttpConnectionPool.SendWithVersionDetectionAndRetryAsync(HttpRequestMessage request, Boolean async, Boolean doRequestAuth, CancellationToken cancellationToken)
         at System.Net.Http.DiagnosticsHandler.SendAsyncCore(HttpRequestMessage request, Boolean async, CancellationToken cancellationToken)
         at System.Net.Http.RedirectHandler.SendAsync(HttpRequestMessage request, Boolean async, CancellationToken cancellationToken)
         at Microsoft.Extensions.Http.Logging.LoggingHttpMessageHandler.<SendCoreAsync>g__Core|4_0(HttpRequestMessage request, Boolean useAsync, CancellationToken cancellationToken)
info: System.Net.Http.HttpClient.IChatbotDispatchClient.LogicalHandler[104]
      HTTP request failed after 0.6928ms
      System.Net.Http.HttpRequestException: An error occurred while sending the request.
       ---> System.Net.Http.HttpIOException: The response ended prematurely. (ResponseEnded)
         at System.Net.Http.HttpConnection.SendAsync(HttpRequestMessage request, Boolean async, CancellationToken cancellationToken)
         --- End of inner exception stack trace ---
         at System.Net.Http.HttpConnection.SendAsync(HttpRequestMessage request, Boolean async, CancellationToken cancellationToken)
         at System.Net.Http.HttpConnectionPool.SendWithVersionDetectionAndRetryAsync(HttpRequestMessage request, Boolean async, Boolean doRequestAuth, CancellationToken cancellationToken)
         at System.Net.Http.DiagnosticsHandler.SendAsyncCore(HttpRequestMessage request, Boolean async, CancellationToken cancellationToken)
         at System.Net.Http.RedirectHandler.SendAsync(HttpRequestMessage request, Boolean async, CancellationToken cancellationToken)
         at Microsoft.Extensions.Http.Logging.LoggingHttpMessageHandler.<SendCoreAsync>g__Core|4_0(HttpRequestMessage request, Boolean useAsync, CancellationToken cancellationToken)
         at Microsoft.Extensions.Http.Logging.LoggingScopeHttpMessageHandler.<SendCoreAsync>g__Core|4_0(HttpRequestMessage request, Boolean useAsync, CancellationToken cancellationToken)
fail: Microsoft.AspNetCore.Diagnostics.DeveloperExceptionPageMiddleware[1]
      An unhandled exception has occurred while executing the request.
      System.Net.Http.HttpRequestException: An error occurred while sending the request.
       ---> System.Net.Http.HttpIOException: The response ended prematurely. (ResponseEnded)
         at System.Net.Http.HttpConnection.SendAsync(HttpRequestMessage request, Boolean async, CancellationToken cancellationToken)
         --- End of inner exception stack trace ---
         at System.Net.Http.HttpConnection.SendAsync(HttpRequestMessage request, Boolean async, CancellationToken cancellationToken)
         at System.Net.Http.HttpConnectionPool.SendWithVersionDetectionAndRetryAsync(HttpRequestMessage request, Boolean async, Boolean doRequestAuth, CancellationToken cancellationToken)
         at System.Net.Http.DiagnosticsHandler.SendAsyncCore(HttpRequestMessage request, Boolean async, CancellationToken cancellationToken)
         at System.Net.Http.RedirectHandler.SendAsync(HttpRequestMessage request, Boolean async, CancellationToken cancellationToken)
         at Microsoft.Extensions.Http.Logging.LoggingHttpMessageHandler.<SendCoreAsync>g__Core|4_0(HttpRequestMessage request, Boolean useAsync, CancellationToken cancellationToken)
         at Microsoft.Extensions.Http.Logging.LoggingScopeHttpMessageHandler.<SendCoreAsync>g__Core|4_0(HttpRequestMessage request, Boolean useAsync, CancellationToken cancellationToken)
         at System.Net.Http.HttpClient.<SendAsync>g__Core|83_0(HttpRequestMessage request, HttpCompletionOption completionOption, CancellationTokenSource cts, Boolean disposeCts, CancellationTokenSource pendingRequestsCts, CancellationToken originalCancellationToken)
         at Chatbot.Sst.Infrastructure.Dispatch.HttpChatbotDispatchClient.DispatchAsync(ChatQuestionSubmission submission, CancellationToken cancellationToken) in C:\Users\jvrincon\Documents\chatbot_aplicado_sst\app\back\src\Chatbot.Sst.Infrastructure\Dispatch\HttpChatbotDispatchClient.cs:line 53
         at Chatbot.Sst.Application.ChatDispatchCoordinator.SubmitAsync(ChatQuestionSubmission submission, CancellationToken cancellationToken) in C:\Users\jvrincon\Documents\chatbot_aplicado_sst\app\back\src\Chatbot.Sst.Application\ChatDispatchCoordinator.cs:line 38
         at Program.<>c.<<<Main>$>b__0_1>d.MoveNext() in C:\Users\jvrincon\Documents\chatbot_aplicado_sst\app\back\src\Chatbot.Sst.Api\Program.cs:line 62
      --- End of stack trace from previous location ---
         at Microsoft.AspNetCore.Http.RequestDelegateFactory.ExecuteTaskResult[T](Task`1 task, HttpContext httpContext)
         at Microsoft.AspNetCore.Http.RequestDelegateFactory.<>c__DisplayClass102_2.<<HandleRequestBodyAndCompileRequestDelegateForJson>b__2>d.MoveNext()
      --- End of stack trace from previous location ---
         at Microsoft.AspNetCore.Diagnostics.DeveloperExceptionPageMiddlewareImpl.Invoke(HttpContext context)
info: System.Net.Http.HttpClient.IChatbotDispatchClient.LogicalHandler[100]
      Start processing HTTP request GET http://127.0.0.1:8765/api/platform/projects/proj_sst-general/releases?*
info: System.Net.Http.HttpClient.IChatbotDispatchClient.ClientHandler[100]
      Sending HTTP request GET http://127.0.0.1:8765/api/platform/projects/proj_sst-general/releases?*
info: System.Net.Http.HttpClient.IChatbotDispatchClient.ClientHandler[101]
      Received HTTP response headers after 6.785ms - 200
info: System.Net.Http.HttpClient.IChatbotDispatchClient.LogicalHandler[101]
      End processing HTTP request after 6.8148ms - 200
[ChatbotDispatch DEBUG] POST /api/chatbot/questions body={"project_id":"proj_sst-general","rag_variant_id":"ragv_local-bge","rag_release_id":"ragr_1d2f9c1a4f444da0","question":"Donde esta ubicada la sala amiga y quienes pueden usarla?","conversation_id":"conv_chunks_20260828172002","message_id":"msg_chunks_20260828172200_41","top_k":8}
info: System.Net.Http.HttpClient.IChatbotDispatchClient.LogicalHandler[100]
      Start processing HTTP request POST http://127.0.0.1:8765/api/chatbot/questions
info: System.Net.Http.HttpClient.IChatbotDispatchClient.ClientHandler[100]
      Sending HTTP request POST http://127.0.0.1:8765/api/chatbot/questions
info: System.Net.Http.HttpClient.IChatbotDispatchClient.ClientHandler[104]
      HTTP request failed after 0.4726ms
      System.Net.Http.HttpRequestException: An error occurred while sending the request.
       ---> System.Net.Http.HttpIOException: The response ended prematurely. (ResponseEnded)
         at System.Net.Http.HttpConnection.SendAsync(HttpRequestMessage request, Boolean async, CancellationToken cancellationToken)
         --- End of inner exception stack trace ---
         at System.Net.Http.HttpConnection.SendAsync(HttpRequestMessage request, Boolean async, CancellationToken cancellationToken)
         at System.Net.Http.HttpConnectionPool.SendWithVersionDetectionAndRetryAsync(HttpRequestMessage request, Boolean async, Boolean doRequestAuth, CancellationToken cancellationToken)
         at System.Net.Http.DiagnosticsHandler.SendAsyncCore(HttpRequestMessage request, Boolean async, CancellationToken cancellationToken)
         at System.Net.Http.RedirectHandler.SendAsync(HttpRequestMessage request, Boolean async, CancellationToken cancellationToken)
         at Microsoft.Extensions.Http.Logging.LoggingHttpMessageHandler.<SendCoreAsync>g__Core|4_0(HttpRequestMessage request, Boolean useAsync, CancellationToken cancellationToken)
info: System.Net.Http.HttpClient.IChatbotDispatchClient.LogicalHandler[104]
      HTTP request failed after 0.5565ms
      System.Net.Http.HttpRequestException: An error occurred while sending the request.
       ---> System.Net.Http.HttpIOException: The response ended prematurely. (ResponseEnded)
         at System.Net.Http.HttpConnection.SendAsync(HttpRequestMessage request, Boolean async, CancellationToken cancellationToken)
         --- End of inner exception stack trace ---
         at System.Net.Http.HttpConnection.SendAsync(HttpRequestMessage request, Boolean async, CancellationToken cancellationToken)
         at System.Net.Http.HttpConnectionPool.SendWithVersionDetectionAndRetryAsync(HttpRequestMessage request, Boolean async, Boolean doRequestAuth, CancellationToken cancellationToken)
         at System.Net.Http.DiagnosticsHandler.SendAsyncCore(HttpRequestMessage request, Boolean async, CancellationToken cancellationToken)
         at System.Net.Http.RedirectHandler.SendAsync(HttpRequestMessage request, Boolean async, CancellationToken cancellationToken)
         at Microsoft.Extensions.Http.Logging.LoggingHttpMessageHandler.<SendCoreAsync>g__Core|4_0(HttpRequestMessage request, Boolean useAsync, CancellationToken cancellationToken)
         at Microsoft.Extensions.Http.Logging.LoggingScopeHttpMessageHandler.<SendCoreAsync>g__Core|4_0(HttpRequestMessage request, Boolean useAsync, CancellationToken cancellationToken)
fail: Microsoft.AspNetCore.Diagnostics.DeveloperExceptionPageMiddleware[1]
      An unhandled exception has occurred while executing the request.
      System.Net.Http.HttpRequestException: An error occurred while sending the request.
       ---> System.Net.Http.HttpIOException: The response ended prematurely. (ResponseEnded)
         at System.Net.Http.HttpConnection.SendAsync(HttpRequestMessage request, Boolean async, CancellationToken cancellationToken)
         --- End of inner exception stack trace ---
         at System.Net.Http.HttpConnection.SendAsync(HttpRequestMessage request, Boolean async, CancellationToken cancellationToken)
         at System.Net.Http.HttpConnectionPool.SendWithVersionDetectionAndRetryAsync(HttpRequestMessage request, Boolean async, Boolean doRequestAuth, CancellationToken cancellationToken)
         at System.Net.Http.DiagnosticsHandler.SendAsyncCore(HttpRequestMessage request, Boolean async, CancellationToken cancellationToken)
         at System.Net.Http.RedirectHandler.SendAsync(HttpRequestMessage request, Boolean async, CancellationToken cancellationToken)
         at Microsoft.Extensions.Http.Logging.LoggingHttpMessageHandler.<SendCoreAsync>g__Core|4_0(HttpRequestMessage request, Boolean useAsync, CancellationToken cancellationToken)
         at Microsoft.Extensions.Http.Logging.LoggingScopeHttpMessageHandler.<SendCoreAsync>g__Core|4_0(HttpRequestMessage request, Boolean useAsync, CancellationToken cancellationToken)
         at System.Net.Http.HttpClient.<SendAsync>g__Core|83_0(HttpRequestMessage request, HttpCompletionOption completionOption, CancellationTokenSource cts, Boolean disposeCts, CancellationTokenSource pendingRequestsCts, CancellationToken originalCancellationToken)
         at Chatbot.Sst.Infrastructure.Dispatch.HttpChatbotDispatchClient.DispatchAsync(ChatQuestionSubmission submission, CancellationToken cancellationToken) in C:\Users\jvrincon\Documents\chatbot_aplicado_sst\app\back\src\Chatbot.Sst.Infrastructure\Dispatch\HttpChatbotDispatchClient.cs:line 53
         at Chatbot.Sst.Application.ChatDispatchCoordinator.SubmitAsync(ChatQuestionSubmission submission, CancellationToken cancellationToken) in C:\Users\jvrincon\Documents\chatbot_aplicado_sst\app\back\src\Chatbot.Sst.Application\ChatDispatchCoordinator.cs:line 38
         at Program.<>c.<<<Main>$>b__0_1>d.MoveNext() in C:\Users\jvrincon\Documents\chatbot_aplicado_sst\app\back\src\Chatbot.Sst.Api\Program.cs:line 62
      --- End of stack trace from previous location ---
         at Microsoft.AspNetCore.Http.RequestDelegateFactory.ExecuteTaskResult[T](Task`1 task, HttpContext httpContext)
         at Microsoft.AspNetCore.Http.RequestDelegateFactory.<>c__DisplayClass102_2.<<HandleRequestBodyAndCompileRequestDelegateForJson>b__2>d.MoveNext()
      --- End of stack trace from previous location ---
         at Microsoft.AspNetCore.Diagnostics.DeveloperExceptionPageMiddlewareImpl.Invoke(HttpContext context)
info: System.Net.Http.HttpClient.IChatbotDispatchClient.LogicalHandler[100]
      Start processing HTTP request GET http://127.0.0.1:8765/api/platform/projects/proj_sst-general/releases?*
info: System.Net.Http.HttpClient.IChatbotDispatchClient.ClientHandler[100]
      Sending HTTP request GET http://127.0.0.1:8765/api/platform/projects/proj_sst-general/releases?*
info: System.Net.Http.HttpClient.IChatbotDispatchClient.ClientHandler[101]
      Received HTTP response headers after 12.0276ms - 200
info: System.Net.Http.HttpClient.IChatbotDispatchClient.LogicalHandler[101]
      End processing HTTP request after 12.0689ms - 200
[ChatbotDispatch DEBUG] POST /api/chatbot/questions body={"project_id":"proj_sst-general","rag_variant_id":"ragv_local-bge","rag_release_id":"ragr_1d2f9c1a4f444da0","question":"Como solicito o pido vacaciones?","conversation_id":"conv_chunks_20260828172002","message_id":"msg_chunks_20260828172200_42","top_k":8}
info: System.Net.Http.HttpClient.IChatbotDispatchClient.LogicalHandler[100]
      Start processing HTTP request POST http://127.0.0.1:8765/api/chatbot/questions
info: System.Net.Http.HttpClient.IChatbotDispatchClient.ClientHandler[100]
      Sending HTTP request POST http://127.0.0.1:8765/api/chatbot/questions
info: System.Net.Http.HttpClient.IChatbotDispatchClient.ClientHandler[104]
      HTTP request failed after 0.588ms
      System.Net.Http.HttpRequestException: An error occurred while sending the request.
       ---> System.Net.Http.HttpIOException: The response ended prematurely. (ResponseEnded)
         at System.Net.Http.HttpConnection.SendAsync(HttpRequestMessage request, Boolean async, CancellationToken cancellationToken)
         --- End of inner exception stack trace ---
         at System.Net.Http.HttpConnection.SendAsync(HttpRequestMessage request, Boolean async, CancellationToken cancellationToken)
         at System.Net.Http.HttpConnectionPool.SendWithVersionDetectionAndRetryAsync(HttpRequestMessage request, Boolean async, Boolean doRequestAuth, CancellationToken cancellationToken)
         at System.Net.Http.DiagnosticsHandler.SendAsyncCore(HttpRequestMessage request, Boolean async, CancellationToken cancellationToken)
         at System.Net.Http.RedirectHandler.SendAsync(HttpRequestMessage request, Boolean async, CancellationToken cancellationToken)
         at Microsoft.Extensions.Http.Logging.LoggingHttpMessageHandler.<SendCoreAsync>g__Core|4_0(HttpRequestMessage request, Boolean useAsync, CancellationToken cancellationToken)
info: System.Net.Http.HttpClient.IChatbotDispatchClient.LogicalHandler[104]
      HTTP request failed after 0.6716ms
      System.Net.Http.HttpRequestException: An error occurred while sending the request.
       ---> System.Net.Http.HttpIOException: The response ended prematurely. (ResponseEnded)
         at System.Net.Http.HttpConnection.SendAsync(HttpRequestMessage request, Boolean async, CancellationToken cancellationToken)
         --- End of inner exception stack trace ---
         at System.Net.Http.HttpConnection.SendAsync(HttpRequestMessage request, Boolean async, CancellationToken cancellationToken)
         at System.Net.Http.HttpConnectionPool.SendWithVersionDetectionAndRetryAsync(HttpRequestMessage request, Boolean async, Boolean doRequestAuth, CancellationToken cancellationToken)
         at System.Net.Http.DiagnosticsHandler.SendAsyncCore(HttpRequestMessage request, Boolean async, CancellationToken cancellationToken)
         at System.Net.Http.RedirectHandler.SendAsync(HttpRequestMessage request, Boolean async, CancellationToken cancellationToken)
         at Microsoft.Extensions.Http.Logging.LoggingHttpMessageHandler.<SendCoreAsync>g__Core|4_0(HttpRequestMessage request, Boolean useAsync, CancellationToken cancellationToken)
         at Microsoft.Extensions.Http.Logging.LoggingScopeHttpMessageHandler.<SendCoreAsync>g__Core|4_0(HttpRequestMessage request, Boolean useAsync, CancellationToken cancellationToken)
fail: Microsoft.AspNetCore.Diagnostics.DeveloperExceptionPageMiddleware[1]
      An unhandled exception has occurred while executing the request.
      System.Net.Http.HttpRequestException: An error occurred while sending the request.
       ---> System.Net.Http.HttpIOException: The response ended prematurely. (ResponseEnded)
         at System.Net.Http.HttpConnection.SendAsync(HttpRequestMessage request, Boolean async, CancellationToken cancellationToken)
         --- End of inner exception stack trace ---
         at System.Net.Http.HttpConnection.SendAsync(HttpRequestMessage request, Boolean async, CancellationToken cancellationToken)
         at System.Net.Http.HttpConnectionPool.SendWithVersionDetectionAndRetryAsync(HttpRequestMessage request, Boolean async, Boolean doRequestAuth, CancellationToken cancellationToken)
         at System.Net.Http.DiagnosticsHandler.SendAsyncCore(HttpRequestMessage request, Boolean async, CancellationToken cancellationToken)
         at System.Net.Http.RedirectHandler.SendAsync(HttpRequestMessage request, Boolean async, CancellationToken cancellationToken)
         at Microsoft.Extensions.Http.Logging.LoggingHttpMessageHandler.<SendCoreAsync>g__Core|4_0(HttpRequestMessage request, Boolean useAsync, CancellationToken cancellationToken)
         at Microsoft.Extensions.Http.Logging.LoggingScopeHttpMessageHandler.<SendCoreAsync>g__Core|4_0(HttpRequestMessage request, Boolean useAsync, CancellationToken cancellationToken)
         at System.Net.Http.HttpClient.<SendAsync>g__Core|83_0(HttpRequestMessage request, HttpCompletionOption completionOption, CancellationTokenSource cts, Boolean disposeCts, CancellationTokenSource pendingRequestsCts, CancellationToken originalCancellationToken)
         at Chatbot.Sst.Infrastructure.Dispatch.HttpChatbotDispatchClient.DispatchAsync(ChatQuestionSubmission submission, CancellationToken cancellationToken) in C:\Users\jvrincon\Documents\chatbot_aplicado_sst\app\back\src\Chatbot.Sst.Infrastructure\Dispatch\HttpChatbotDispatchClient.cs:line 53
         at Chatbot.Sst.Application.ChatDispatchCoordinator.SubmitAsync(ChatQuestionSubmission submission, CancellationToken cancellationToken) in C:\Users\jvrincon\Documents\chatbot_aplicado_sst\app\back\src\Chatbot.Sst.Application\ChatDispatchCoordinator.cs:line 38
         at Program.<>c.<<<Main>$>b__0_1>d.MoveNext() in C:\Users\jvrincon\Documents\chatbot_aplicado_sst\app\back\src\Chatbot.Sst.Api\Program.cs:line 62
      --- End of stack trace from previous location ---
         at Microsoft.AspNetCore.Http.RequestDelegateFactory.ExecuteTaskResult[T](Task`1 task, HttpContext httpContext)
         at Microsoft.AspNetCore.Http.RequestDelegateFactory.<>c__DisplayClass102_2.<<HandleRequestBodyAndCompileRequestDelegateForJson>b__2>d.MoveNext()
      --- End of stack trace from previous location ---
         at Microsoft.AspNetCore.Diagnostics.DeveloperExceptionPageMiddlewareImpl.Invoke(HttpContext context)
info: System.Net.Http.HttpClient.IChatbotDispatchClient.LogicalHandler[100]
      Start processing HTTP request GET http://127.0.0.1:8765/api/platform/projects/proj_sst-general/releases?*
info: System.Net.Http.HttpClient.IChatbotDispatchClient.ClientHandler[100]
      Sending HTTP request GET http://127.0.0.1:8765/api/platform/projects/proj_sst-general/releases?*
info: System.Net.Http.HttpClient.IChatbotDispatchClient.ClientHandler[101]
      Received HTTP response headers after 7.7502ms - 200
info: System.Net.Http.HttpClient.IChatbotDispatchClient.LogicalHandler[101]
      End processing HTTP request after 7.7818ms - 200
[ChatbotDispatch DEBUG] POST /api/chatbot/questions body={"project_id":"proj_sst-general","rag_variant_id":"ragv_local-bge","rag_release_id":"ragr_1d2f9c1a4f444da0","question":"Que tipos de faltas contempla el reglamento interno de trabajo?","conversation_id":"conv_chunks_20260828172002","message_id":"msg_chunks_20260828172200_43","top_k":8}
info: System.Net.Http.HttpClient.IChatbotDispatchClient.LogicalHandler[100]
      Start processing HTTP request POST http://127.0.0.1:8765/api/chatbot/questions
info: System.Net.Http.HttpClient.IChatbotDispatchClient.ClientHandler[100]
      Sending HTTP request POST http://127.0.0.1:8765/api/chatbot/questions
info: System.Net.Http.HttpClient.IChatbotDispatchClient.ClientHandler[104]
      HTTP request failed after 0.4302ms
      System.Net.Http.HttpRequestException: An error occurred while sending the request.
       ---> System.Net.Http.HttpIOException: The response ended prematurely. (ResponseEnded)
         at System.Net.Http.HttpConnection.SendAsync(HttpRequestMessage request, Boolean async, CancellationToken cancellationToken)
         --- End of inner exception stack trace ---
         at System.Net.Http.HttpConnection.SendAsync(HttpRequestMessage request, Boolean async, CancellationToken cancellationToken)
         at System.Net.Http.HttpConnectionPool.SendWithVersionDetectionAndRetryAsync(HttpRequestMessage request, Boolean async, Boolean doRequestAuth, CancellationToken cancellationToken)
         at System.Net.Http.DiagnosticsHandler.SendAsyncCore(HttpRequestMessage request, Boolean async, CancellationToken cancellationToken)
         at System.Net.Http.RedirectHandler.SendAsync(HttpRequestMessage request, Boolean async, CancellationToken cancellationToken)
         at Microsoft.Extensions.Http.Logging.LoggingHttpMessageHandler.<SendCoreAsync>g__Core|4_0(HttpRequestMessage request, Boolean useAsync, CancellationToken cancellationToken)
info: System.Net.Http.HttpClient.IChatbotDispatchClient.LogicalHandler[104]
      HTTP request failed after 0.512ms
      System.Net.Http.HttpRequestException: An error occurred while sending the request.
       ---> System.Net.Http.HttpIOException: The response ended prematurely. (ResponseEnded)
         at System.Net.Http.HttpConnection.SendAsync(HttpRequestMessage request, Boolean async, CancellationToken cancellationToken)
         --- End of inner exception stack trace ---
         at System.Net.Http.HttpConnection.SendAsync(HttpRequestMessage request, Boolean async, CancellationToken cancellationToken)
         at System.Net.Http.HttpConnectionPool.SendWithVersionDetectionAndRetryAsync(HttpRequestMessage request, Boolean async, Boolean doRequestAuth, CancellationToken cancellationToken)
         at System.Net.Http.DiagnosticsHandler.SendAsyncCore(HttpRequestMessage request, Boolean async, CancellationToken cancellationToken)
         at System.Net.Http.RedirectHandler.SendAsync(HttpRequestMessage request, Boolean async, CancellationToken cancellationToken)
         at Microsoft.Extensions.Http.Logging.LoggingHttpMessageHandler.<SendCoreAsync>g__Core|4_0(HttpRequestMessage request, Boolean useAsync, CancellationToken cancellationToken)
         at Microsoft.Extensions.Http.Logging.LoggingScopeHttpMessageHandler.<SendCoreAsync>g__Core|4_0(HttpRequestMessage request, Boolean useAsync, CancellationToken cancellationToken)
fail: Microsoft.AspNetCore.Diagnostics.DeveloperExceptionPageMiddleware[1]
      An unhandled exception has occurred while executing the request.
      System.Net.Http.HttpRequestException: An error occurred while sending the request.
       ---> System.Net.Http.HttpIOException: The response ended prematurely. (ResponseEnded)
         at System.Net.Http.HttpConnection.SendAsync(HttpRequestMessage request, Boolean async, CancellationToken cancellationToken)
         --- End of inner exception stack trace ---
         at System.Net.Http.HttpConnection.SendAsync(HttpRequestMessage request, Boolean async, CancellationToken cancellationToken)
         at System.Net.Http.HttpConnectionPool.SendWithVersionDetectionAndRetryAsync(HttpRequestMessage request, Boolean async, Boolean doRequestAuth, CancellationToken cancellationToken)
         at System.Net.Http.DiagnosticsHandler.SendAsyncCore(HttpRequestMessage request, Boolean async, CancellationToken cancellationToken)
         at System.Net.Http.RedirectHandler.SendAsync(HttpRequestMessage request, Boolean async, CancellationToken cancellationToken)
         at Microsoft.Extensions.Http.Logging.LoggingHttpMessageHandler.<SendCoreAsync>g__Core|4_0(HttpRequestMessage request, Boolean useAsync, CancellationToken cancellationToken)
         at Microsoft.Extensions.Http.Logging.LoggingScopeHttpMessageHandler.<SendCoreAsync>g__Core|4_0(HttpRequestMessage request, Boolean useAsync, CancellationToken cancellationToken)
         at System.Net.Http.HttpClient.<SendAsync>g__Core|83_0(HttpRequestMessage request, HttpCompletionOption completionOption, CancellationTokenSource cts, Boolean disposeCts, CancellationTokenSource pendingRequestsCts, CancellationToken originalCancellationToken)
         at Chatbot.Sst.Infrastructure.Dispatch.HttpChatbotDispatchClient.DispatchAsync(ChatQuestionSubmission submission, CancellationToken cancellationToken) in C:\Users\jvrincon\Documents\chatbot_aplicado_sst\app\back\src\Chatbot.Sst.Infrastructure\Dispatch\HttpChatbotDispatchClient.cs:line 53
         at Chatbot.Sst.Application.ChatDispatchCoordinator.SubmitAsync(ChatQuestionSubmission submission, CancellationToken cancellationToken) in C:\Users\jvrincon\Documents\chatbot_aplicado_sst\app\back\src\Chatbot.Sst.Application\ChatDispatchCoordinator.cs:line 38
         at Program.<>c.<<<Main>$>b__0_1>d.MoveNext() in C:\Users\jvrincon\Documents\chatbot_aplicado_sst\app\back\src\Chatbot.Sst.Api\Program.cs:line 62
      --- End of stack trace from previous location ---
         at Microsoft.AspNetCore.Http.RequestDelegateFactory.ExecuteTaskResult[T](Task`1 task, HttpContext httpContext)
         at Microsoft.AspNetCore.Http.RequestDelegateFactory.<>c__DisplayClass102_2.<<HandleRequestBodyAndCompileRequestDelegateForJson>b__2>d.MoveNext()
      --- End of stack trace from previous location ---
         at Microsoft.AspNetCore.Diagnostics.DeveloperExceptionPageMiddlewareImpl.Invoke(HttpContext context)
info: System.Net.Http.HttpClient.IChatbotDispatchClient.LogicalHandler[100]
      Start processing HTTP request GET http://127.0.0.1:8765/api/platform/projects/proj_sst-general/releases?*
info: System.Net.Http.HttpClient.IChatbotDispatchClient.ClientHandler[100]
      Sending HTTP request GET http://127.0.0.1:8765/api/platform/projects/proj_sst-general/releases?*
info: System.Net.Http.HttpClient.IChatbotDispatchClient.ClientHandler[101]
      Received HTTP response headers after 7.819ms - 200
info: System.Net.Http.HttpClient.IChatbotDispatchClient.LogicalHandler[101]
      End processing HTTP request after 7.8468ms - 200
[ChatbotDispatch DEBUG] POST /api/chatbot/questions body={"project_id":"proj_sst-general","rag_variant_id":"ragv_local-bge","rag_release_id":"ragr_1d2f9c1a4f444da0","question":"Que sanciones aplican por consumo de alcohol o sustancias psicoactivas?","conversation_id":"conv_chunks_20260828172002","message_id":"msg_chunks_20260828172200_44","top_k":8}
info: System.Net.Http.HttpClient.IChatbotDispatchClient.LogicalHandler[100]
      Start processing HTTP request POST http://127.0.0.1:8765/api/chatbot/questions
info: System.Net.Http.HttpClient.IChatbotDispatchClient.ClientHandler[100]
      Sending HTTP request POST http://127.0.0.1:8765/api/chatbot/questions
info: System.Net.Http.HttpClient.IChatbotDispatchClient.ClientHandler[104]
      HTTP request failed after 0.4556ms
      System.Net.Http.HttpRequestException: An error occurred while sending the request.
       ---> System.Net.Http.HttpIOException: The response ended prematurely. (ResponseEnded)
         at System.Net.Http.HttpConnection.SendAsync(HttpRequestMessage request, Boolean async, CancellationToken cancellationToken)
         --- End of inner exception stack trace ---
         at System.Net.Http.HttpConnection.SendAsync(HttpRequestMessage request, Boolean async, CancellationToken cancellationToken)
         at System.Net.Http.HttpConnectionPool.SendWithVersionDetectionAndRetryAsync(HttpRequestMessage request, Boolean async, Boolean doRequestAuth, CancellationToken cancellationToken)
         at System.Net.Http.DiagnosticsHandler.SendAsyncCore(HttpRequestMessage request, Boolean async, CancellationToken cancellationToken)
         at System.Net.Http.RedirectHandler.SendAsync(HttpRequestMessage request, Boolean async, CancellationToken cancellationToken)
         at Microsoft.Extensions.Http.Logging.LoggingHttpMessageHandler.<SendCoreAsync>g__Core|4_0(HttpRequestMessage request, Boolean useAsync, CancellationToken cancellationToken)
info: System.Net.Http.HttpClient.IChatbotDispatchClient.LogicalHandler[104]
      HTTP request failed after 0.5397ms
      System.Net.Http.HttpRequestException: An error occurred while sending the request.
       ---> System.Net.Http.HttpIOException: The response ended prematurely. (ResponseEnded)
         at System.Net.Http.HttpConnection.SendAsync(HttpRequestMessage request, Boolean async, CancellationToken cancellationToken)
         --- End of inner exception stack trace ---
         at System.Net.Http.HttpConnection.SendAsync(HttpRequestMessage request, Boolean async, CancellationToken cancellationToken)
         at System.Net.Http.HttpConnectionPool.SendWithVersionDetectionAndRetryAsync(HttpRequestMessage request, Boolean async, Boolean doRequestAuth, CancellationToken cancellationToken)
         at System.Net.Http.DiagnosticsHandler.SendAsyncCore(HttpRequestMessage request, Boolean async, CancellationToken cancellationToken)
         at System.Net.Http.RedirectHandler.SendAsync(HttpRequestMessage request, Boolean async, CancellationToken cancellationToken)
         at Microsoft.Extensions.Http.Logging.LoggingHttpMessageHandler.<SendCoreAsync>g__Core|4_0(HttpRequestMessage request, Boolean useAsync, CancellationToken cancellationToken)
         at Microsoft.Extensions.Http.Logging.LoggingScopeHttpMessageHandler.<SendCoreAsync>g__Core|4_0(HttpRequestMessage request, Boolean useAsync, CancellationToken cancellationToken)
fail: Microsoft.AspNetCore.Diagnostics.DeveloperExceptionPageMiddleware[1]
      An unhandled exception has occurred while executing the request.
      System.Net.Http.HttpRequestException: An error occurred while sending the request.
       ---> System.Net.Http.HttpIOException: The response ended prematurely. (ResponseEnded)
         at System.Net.Http.HttpConnection.SendAsync(HttpRequestMessage request, Boolean async, CancellationToken cancellationToken)
         --- End of inner exception stack trace ---
         at System.Net.Http.HttpConnection.SendAsync(HttpRequestMessage request, Boolean async, CancellationToken cancellationToken)
         at System.Net.Http.HttpConnectionPool.SendWithVersionDetectionAndRetryAsync(HttpRequestMessage request, Boolean async, Boolean doRequestAuth, CancellationToken cancellationToken)
         at System.Net.Http.DiagnosticsHandler.SendAsyncCore(HttpRequestMessage request, Boolean async, CancellationToken cancellationToken)
         at System.Net.Http.RedirectHandler.SendAsync(HttpRequestMessage request, Boolean async, CancellationToken cancellationToken)
         at Microsoft.Extensions.Http.Logging.LoggingHttpMessageHandler.<SendCoreAsync>g__Core|4_0(HttpRequestMessage request, Boolean useAsync, CancellationToken cancellationToken)
         at Microsoft.Extensions.Http.Logging.LoggingScopeHttpMessageHandler.<SendCoreAsync>g__Core|4_0(HttpRequestMessage request, Boolean useAsync, CancellationToken cancellationToken)
         at System.Net.Http.HttpClient.<SendAsync>g__Core|83_0(HttpRequestMessage request, HttpCompletionOption completionOption, CancellationTokenSource cts, Boolean disposeCts, CancellationTokenSource pendingRequestsCts, CancellationToken originalCancellationToken)
         at Chatbot.Sst.Infrastructure.Dispatch.HttpChatbotDispatchClient.DispatchAsync(ChatQuestionSubmission submission, CancellationToken cancellationToken) in C:\Users\jvrincon\Documents\chatbot_aplicado_sst\app\back\src\Chatbot.Sst.Infrastructure\Dispatch\HttpChatbotDispatchClient.cs:line 53
         at Chatbot.Sst.Application.ChatDispatchCoordinator.SubmitAsync(ChatQuestionSubmission submission, CancellationToken cancellationToken) in C:\Users\jvrincon\Documents\chatbot_aplicado_sst\app\back\src\Chatbot.Sst.Application\ChatDispatchCoordinator.cs:line 38
         at Program.<>c.<<<Main>$>b__0_1>d.MoveNext() in C:\Users\jvrincon\Documents\chatbot_aplicado_sst\app\back\src\Chatbot.Sst.Api\Program.cs:line 62
      --- End of stack trace from previous location ---
         at Microsoft.AspNetCore.Http.RequestDelegateFactory.ExecuteTaskResult[T](Task`1 task, HttpContext httpContext)
         at Microsoft.AspNetCore.Http.RequestDelegateFactory.<>c__DisplayClass102_2.<<HandleRequestBodyAndCompileRequestDelegateForJson>b__2>d.MoveNext()
      --- End of stack trace from previous location ---
         at Microsoft.AspNetCore.Diagnostics.DeveloperExceptionPageMiddlewareImpl.Invoke(HttpContext context)
info: System.Net.Http.HttpClient.IChatbotDispatchClient.LogicalHandler[100]
      Start processing HTTP request GET http://127.0.0.1:8765/api/platform/projects/proj_sst-general/releases?*
info: System.Net.Http.HttpClient.IChatbotDispatchClient.ClientHandler[100]
      Sending HTTP request GET http://127.0.0.1:8765/api/platform/projects/proj_sst-general/releases?*
info: System.Net.Http.HttpClient.IChatbotDispatchClient.ClientHandler[101]
      Received HTTP response headers after 7.9575ms - 200
info: System.Net.Http.HttpClient.IChatbotDispatchClient.LogicalHandler[101]
      End processing HTTP request after 7.9873ms - 200
[ChatbotDispatch DEBUG] POST /api/chatbot/questions body={"project_id":"proj_sst-general","rag_variant_id":"ragv_local-bge","rag_release_id":"ragr_1d2f9c1a4f444da0","question":"Que dice la politica de prevencion de alcohol y drogas?","conversation_id":"conv_chunks_20260828172002","message_id":"msg_chunks_20260828172200_45","top_k":8}
info: System.Net.Http.HttpClient.IChatbotDispatchClient.LogicalHandler[100]
      Start processing HTTP request POST http://127.0.0.1:8765/api/chatbot/questions
info: System.Net.Http.HttpClient.IChatbotDispatchClient.ClientHandler[100]
      Sending HTTP request POST http://127.0.0.1:8765/api/chatbot/questions
info: System.Net.Http.HttpClient.IChatbotDispatchClient.ClientHandler[104]
      HTTP request failed after 0.4149ms
      System.Net.Http.HttpRequestException: An error occurred while sending the request.
       ---> System.Net.Http.HttpIOException: The response ended prematurely. (ResponseEnded)
         at System.Net.Http.HttpConnection.SendAsync(HttpRequestMessage request, Boolean async, CancellationToken cancellationToken)
         --- End of inner exception stack trace ---
         at System.Net.Http.HttpConnection.SendAsync(HttpRequestMessage request, Boolean async, CancellationToken cancellationToken)
         at System.Net.Http.HttpConnectionPool.SendWithVersionDetectionAndRetryAsync(HttpRequestMessage request, Boolean async, Boolean doRequestAuth, CancellationToken cancellationToken)
         at System.Net.Http.DiagnosticsHandler.SendAsyncCore(HttpRequestMessage request, Boolean async, CancellationToken cancellationToken)
         at System.Net.Http.RedirectHandler.SendAsync(HttpRequestMessage request, Boolean async, CancellationToken cancellationToken)
         at Microsoft.Extensions.Http.Logging.LoggingHttpMessageHandler.<SendCoreAsync>g__Core|4_0(HttpRequestMessage request, Boolean useAsync, CancellationToken cancellationToken)
info: System.Net.Http.HttpClient.IChatbotDispatchClient.LogicalHandler[104]
      HTTP request failed after 0.4977ms
      System.Net.Http.HttpRequestException: An error occurred while sending the request.
       ---> System.Net.Http.HttpIOException: The response ended prematurely. (ResponseEnded)
         at System.Net.Http.HttpConnection.SendAsync(HttpRequestMessage request, Boolean async, CancellationToken cancellationToken)
         --- End of inner exception stack trace ---
         at System.Net.Http.HttpConnection.SendAsync(HttpRequestMessage request, Boolean async, CancellationToken cancellationToken)
         at System.Net.Http.HttpConnectionPool.SendWithVersionDetectionAndRetryAsync(HttpRequestMessage request, Boolean async, Boolean doRequestAuth, CancellationToken cancellationToken)
         at System.Net.Http.DiagnosticsHandler.SendAsyncCore(HttpRequestMessage request, Boolean async, CancellationToken cancellationToken)
         at System.Net.Http.RedirectHandler.SendAsync(HttpRequestMessage request, Boolean async, CancellationToken cancellationToken)
         at Microsoft.Extensions.Http.Logging.LoggingHttpMessageHandler.<SendCoreAsync>g__Core|4_0(HttpRequestMessage request, Boolean useAsync, CancellationToken cancellationToken)
         at Microsoft.Extensions.Http.Logging.LoggingScopeHttpMessageHandler.<SendCoreAsync>g__Core|4_0(HttpRequestMessage request, Boolean useAsync, CancellationToken cancellationToken)
fail: Microsoft.AspNetCore.Diagnostics.DeveloperExceptionPageMiddleware[1]
      An unhandled exception has occurred while executing the request.
      System.Net.Http.HttpRequestException: An error occurred while sending the request.
       ---> System.Net.Http.HttpIOException: The response ended prematurely. (ResponseEnded)
         at System.Net.Http.HttpConnection.SendAsync(HttpRequestMessage request, Boolean async, CancellationToken cancellationToken)
         --- End of inner exception stack trace ---
         at System.Net.Http.HttpConnection.SendAsync(HttpRequestMessage request, Boolean async, CancellationToken cancellationToken)
         at System.Net.Http.HttpConnectionPool.SendWithVersionDetectionAndRetryAsync(HttpRequestMessage request, Boolean async, Boolean doRequestAuth, CancellationToken cancellationToken)
         at System.Net.Http.DiagnosticsHandler.SendAsyncCore(HttpRequestMessage request, Boolean async, CancellationToken cancellationToken)
         at System.Net.Http.RedirectHandler.SendAsync(HttpRequestMessage request, Boolean async, CancellationToken cancellationToken)
         at Microsoft.Extensions.Http.Logging.LoggingHttpMessageHandler.<SendCoreAsync>g__Core|4_0(HttpRequestMessage request, Boolean useAsync, CancellationToken cancellationToken)
         at Microsoft.Extensions.Http.Logging.LoggingScopeHttpMessageHandler.<SendCoreAsync>g__Core|4_0(HttpRequestMessage request, Boolean useAsync, CancellationToken cancellationToken)
         at System.Net.Http.HttpClient.<SendAsync>g__Core|83_0(HttpRequestMessage request, HttpCompletionOption completionOption, CancellationTokenSource cts, Boolean disposeCts, CancellationTokenSource pendingRequestsCts, CancellationToken originalCancellationToken)
         at Chatbot.Sst.Infrastructure.Dispatch.HttpChatbotDispatchClient.DispatchAsync(ChatQuestionSubmission submission, CancellationToken cancellationToken) in C:\Users\jvrincon\Documents\chatbot_aplicado_sst\app\back\src\Chatbot.Sst.Infrastructure\Dispatch\HttpChatbotDispatchClient.cs:line 53
         at Chatbot.Sst.Application.ChatDispatchCoordinator.SubmitAsync(ChatQuestionSubmission submission, CancellationToken cancellationToken) in C:\Users\jvrincon\Documents\chatbot_aplicado_sst\app\back\src\Chatbot.Sst.Application\ChatDispatchCoordinator.cs:line 38
         at Program.<>c.<<<Main>$>b__0_1>d.MoveNext() in C:\Users\jvrincon\Documents\chatbot_aplicado_sst\app\back\src\Chatbot.Sst.Api\Program.cs:line 62
      --- End of stack trace from previous location ---
         at Microsoft.AspNetCore.Http.RequestDelegateFactory.ExecuteTaskResult[T](Task`1 task, HttpContext httpContext)
         at Microsoft.AspNetCore.Http.RequestDelegateFactory.<>c__DisplayClass102_2.<<HandleRequestBodyAndCompileRequestDelegateForJson>b__2>d.MoveNext()
      --- End of stack trace from previous location ---
         at Microsoft.AspNetCore.Diagnostics.DeveloperExceptionPageMiddlewareImpl.Invoke(HttpContext context)
info: System.Net.Http.HttpClient.IChatbotDispatchClient.LogicalHandler[100]
      Start processing HTTP request GET http://127.0.0.1:8765/api/platform/projects/proj_sst-general/releases?*
info: System.Net.Http.HttpClient.IChatbotDispatchClient.ClientHandler[100]
      Sending HTTP request GET http://127.0.0.1:8765/api/platform/projects/proj_sst-general/releases?*
info: System.Net.Http.HttpClient.IChatbotDispatchClient.ClientHandler[101]
      Received HTTP response headers after 7.0733ms - 200
info: System.Net.Http.HttpClient.IChatbotDispatchClient.LogicalHandler[101]
      End processing HTTP request after 7.1053ms - 200
[ChatbotDispatch DEBUG] POST /api/chatbot/questions body={"project_id":"proj_sst-general","rag_variant_id":"ragv_local-bge","rag_release_id":"ragr_1d2f9c1a4f444da0","question":"Cuando puede la empresa requerir pruebas de deteccion de consumo?","conversation_id":"conv_chunks_20260828172002","message_id":"msg_chunks_20260828172200_46","top_k":8}
info: System.Net.Http.HttpClient.IChatbotDispatchClient.LogicalHandler[100]
      Start processing HTTP request POST http://127.0.0.1:8765/api/chatbot/questions
info: System.Net.Http.HttpClient.IChatbotDispatchClient.ClientHandler[100]
      Sending HTTP request POST http://127.0.0.1:8765/api/chatbot/questions
info: System.Net.Http.HttpClient.IChatbotDispatchClient.ClientHandler[104]
      HTTP request failed after 0.5045ms
      System.Net.Http.HttpRequestException: An error occurred while sending the request.
       ---> System.Net.Http.HttpIOException: The response ended prematurely. (ResponseEnded)
         at System.Net.Http.HttpConnection.SendAsync(HttpRequestMessage request, Boolean async, CancellationToken cancellationToken)
         --- End of inner exception stack trace ---
         at System.Net.Http.HttpConnection.SendAsync(HttpRequestMessage request, Boolean async, CancellationToken cancellationToken)
         at System.Net.Http.HttpConnectionPool.SendWithVersionDetectionAndRetryAsync(HttpRequestMessage request, Boolean async, Boolean doRequestAuth, CancellationToken cancellationToken)
         at System.Net.Http.DiagnosticsHandler.SendAsyncCore(HttpRequestMessage request, Boolean async, CancellationToken cancellationToken)
         at System.Net.Http.RedirectHandler.SendAsync(HttpRequestMessage request, Boolean async, CancellationToken cancellationToken)
         at Microsoft.Extensions.Http.Logging.LoggingHttpMessageHandler.<SendCoreAsync>g__Core|4_0(HttpRequestMessage request, Boolean useAsync, CancellationToken cancellationToken)
info: System.Net.Http.HttpClient.IChatbotDispatchClient.LogicalHandler[104]
      HTTP request failed after 0.6037ms
      System.Net.Http.HttpRequestException: An error occurred while sending the request.
       ---> System.Net.Http.HttpIOException: The response ended prematurely. (ResponseEnded)
         at System.Net.Http.HttpConnection.SendAsync(HttpRequestMessage request, Boolean async, CancellationToken cancellationToken)
         --- End of inner exception stack trace ---
         at System.Net.Http.HttpConnection.SendAsync(HttpRequestMessage request, Boolean async, CancellationToken cancellationToken)
         at System.Net.Http.HttpConnectionPool.SendWithVersionDetectionAndRetryAsync(HttpRequestMessage request, Boolean async, Boolean doRequestAuth, CancellationToken cancellationToken)
         at System.Net.Http.DiagnosticsHandler.SendAsyncCore(HttpRequestMessage request, Boolean async, CancellationToken cancellationToken)
         at System.Net.Http.RedirectHandler.SendAsync(HttpRequestMessage request, Boolean async, CancellationToken cancellationToken)
         at Microsoft.Extensions.Http.Logging.LoggingHttpMessageHandler.<SendCoreAsync>g__Core|4_0(HttpRequestMessage request, Boolean useAsync, CancellationToken cancellationToken)
         at Microsoft.Extensions.Http.Logging.LoggingScopeHttpMessageHandler.<SendCoreAsync>g__Core|4_0(HttpRequestMessage request, Boolean useAsync, CancellationToken cancellationToken)
fail: Microsoft.AspNetCore.Diagnostics.DeveloperExceptionPageMiddleware[1]
      An unhandled exception has occurred while executing the request.
      System.Net.Http.HttpRequestException: An error occurred while sending the request.
       ---> System.Net.Http.HttpIOException: The response ended prematurely. (ResponseEnded)
         at System.Net.Http.HttpConnection.SendAsync(HttpRequestMessage request, Boolean async, CancellationToken cancellationToken)
         --- End of inner exception stack trace ---
         at System.Net.Http.HttpConnection.SendAsync(HttpRequestMessage request, Boolean async, CancellationToken cancellationToken)
         at System.Net.Http.HttpConnectionPool.SendWithVersionDetectionAndRetryAsync(HttpRequestMessage request, Boolean async, Boolean doRequestAuth, CancellationToken cancellationToken)
         at System.Net.Http.DiagnosticsHandler.SendAsyncCore(HttpRequestMessage request, Boolean async, CancellationToken cancellationToken)
         at System.Net.Http.RedirectHandler.SendAsync(HttpRequestMessage request, Boolean async, CancellationToken cancellationToken)
         at Microsoft.Extensions.Http.Logging.LoggingHttpMessageHandler.<SendCoreAsync>g__Core|4_0(HttpRequestMessage request, Boolean useAsync, CancellationToken cancellationToken)
         at Microsoft.Extensions.Http.Logging.LoggingScopeHttpMessageHandler.<SendCoreAsync>g__Core|4_0(HttpRequestMessage request, Boolean useAsync, CancellationToken cancellationToken)
         at System.Net.Http.HttpClient.<SendAsync>g__Core|83_0(HttpRequestMessage request, HttpCompletionOption completionOption, CancellationTokenSource cts, Boolean disposeCts, CancellationTokenSource pendingRequestsCts, CancellationToken originalCancellationToken)
         at Chatbot.Sst.Infrastructure.Dispatch.HttpChatbotDispatchClient.DispatchAsync(ChatQuestionSubmission submission, CancellationToken cancellationToken) in C:\Users\jvrincon\Documents\chatbot_aplicado_sst\app\back\src\Chatbot.Sst.Infrastructure\Dispatch\HttpChatbotDispatchClient.cs:line 53
         at Chatbot.Sst.Application.ChatDispatchCoordinator.SubmitAsync(ChatQuestionSubmission submission, CancellationToken cancellationToken) in C:\Users\jvrincon\Documents\chatbot_aplicado_sst\app\back\src\Chatbot.Sst.Application\ChatDispatchCoordinator.cs:line 38
         at Program.<>c.<<<Main>$>b__0_1>d.MoveNext() in C:\Users\jvrincon\Documents\chatbot_aplicado_sst\app\back\src\Chatbot.Sst.Api\Program.cs:line 62
      --- End of stack trace from previous location ---
         at Microsoft.AspNetCore.Http.RequestDelegateFactory.ExecuteTaskResult[T](Task`1 task, HttpContext httpContext)
         at Microsoft.AspNetCore.Http.RequestDelegateFactory.<>c__DisplayClass102_2.<<HandleRequestBodyAndCompileRequestDelegateForJson>b__2>d.MoveNext()
      --- End of stack trace from previous location ---
         at Microsoft.AspNetCore.Diagnostics.DeveloperExceptionPageMiddlewareImpl.Invoke(HttpContext context)
info: System.Net.Http.HttpClient.IChatbotDispatchClient.LogicalHandler[100]
      Start processing HTTP request GET http://127.0.0.1:8765/api/platform/projects/proj_sst-general/releases?*
info: System.Net.Http.HttpClient.IChatbotDispatchClient.ClientHandler[100]
      Sending HTTP request GET http://127.0.0.1:8765/api/platform/projects/proj_sst-general/releases?*
info: System.Net.Http.HttpClient.IChatbotDispatchClient.ClientHandler[101]
      Received HTTP response headers after 8.291ms - 200
info: System.Net.Http.HttpClient.IChatbotDispatchClient.LogicalHandler[101]
      End processing HTTP request after 8.3507ms - 200
[ChatbotDispatch DEBUG] POST /api/chatbot/questions body={"project_id":"proj_sst-general","rag_variant_id":"ragv_local-bge","rag_release_id":"ragr_1d2f9c1a4f444da0","question":"En que consiste el programa o politica de pausas activas?","conversation_id":"conv_chunks_20260828172002","message_id":"msg_chunks_20260828172200_47","top_k":8}
info: System.Net.Http.HttpClient.IChatbotDispatchClient.LogicalHandler[100]
      Start processing HTTP request POST http://127.0.0.1:8765/api/chatbot/questions
info: System.Net.Http.HttpClient.IChatbotDispatchClient.ClientHandler[100]
      Sending HTTP request POST http://127.0.0.1:8765/api/chatbot/questions
info: System.Net.Http.HttpClient.IChatbotDispatchClient.ClientHandler[104]
      HTTP request failed after 0.4358ms
      System.Net.Http.HttpRequestException: An error occurred while sending the request.
       ---> System.Net.Http.HttpIOException: The response ended prematurely. (ResponseEnded)
         at System.Net.Http.HttpConnection.SendAsync(HttpRequestMessage request, Boolean async, CancellationToken cancellationToken)
         --- End of inner exception stack trace ---
         at System.Net.Http.HttpConnection.SendAsync(HttpRequestMessage request, Boolean async, CancellationToken cancellationToken)
         at System.Net.Http.HttpConnectionPool.SendWithVersionDetectionAndRetryAsync(HttpRequestMessage request, Boolean async, Boolean doRequestAuth, CancellationToken cancellationToken)
         at System.Net.Http.DiagnosticsHandler.SendAsyncCore(HttpRequestMessage request, Boolean async, CancellationToken cancellationToken)
         at System.Net.Http.RedirectHandler.SendAsync(HttpRequestMessage request, Boolean async, CancellationToken cancellationToken)
         at Microsoft.Extensions.Http.Logging.LoggingHttpMessageHandler.<SendCoreAsync>g__Core|4_0(HttpRequestMessage request, Boolean useAsync, CancellationToken cancellationToken)
info: System.Net.Http.HttpClient.IChatbotDispatchClient.LogicalHandler[104]
      HTTP request failed after 0.5451ms
      System.Net.Http.HttpRequestException: An error occurred while sending the request.
       ---> System.Net.Http.HttpIOException: The response ended prematurely. (ResponseEnded)
         at System.Net.Http.HttpConnection.SendAsync(HttpRequestMessage request, Boolean async, CancellationToken cancellationToken)
         --- End of inner exception stack trace ---
         at System.Net.Http.HttpConnection.SendAsync(HttpRequestMessage request, Boolean async, CancellationToken cancellationToken)
         at System.Net.Http.HttpConnectionPool.SendWithVersionDetectionAndRetryAsync(HttpRequestMessage request, Boolean async, Boolean doRequestAuth, CancellationToken cancellationToken)
         at System.Net.Http.DiagnosticsHandler.SendAsyncCore(HttpRequestMessage request, Boolean async, CancellationToken cancellationToken)
         at System.Net.Http.RedirectHandler.SendAsync(HttpRequestMessage request, Boolean async, CancellationToken cancellationToken)
         at Microsoft.Extensions.Http.Logging.LoggingHttpMessageHandler.<SendCoreAsync>g__Core|4_0(HttpRequestMessage request, Boolean useAsync, CancellationToken cancellationToken)
         at Microsoft.Extensions.Http.Logging.LoggingScopeHttpMessageHandler.<SendCoreAsync>g__Core|4_0(HttpRequestMessage request, Boolean useAsync, CancellationToken cancellationToken)
fail: Microsoft.AspNetCore.Diagnostics.DeveloperExceptionPageMiddleware[1]
      An unhandled exception has occurred while executing the request.
      System.Net.Http.HttpRequestException: An error occurred while sending the request.
       ---> System.Net.Http.HttpIOException: The response ended prematurely. (ResponseEnded)
         at System.Net.Http.HttpConnection.SendAsync(HttpRequestMessage request, Boolean async, CancellationToken cancellationToken)
         --- End of inner exception stack trace ---
         at System.Net.Http.HttpConnection.SendAsync(HttpRequestMessage request, Boolean async, CancellationToken cancellationToken)
         at System.Net.Http.HttpConnectionPool.SendWithVersionDetectionAndRetryAsync(HttpRequestMessage request, Boolean async, Boolean doRequestAuth, CancellationToken cancellationToken)
         at System.Net.Http.DiagnosticsHandler.SendAsyncCore(HttpRequestMessage request, Boolean async, CancellationToken cancellationToken)
         at System.Net.Http.RedirectHandler.SendAsync(HttpRequestMessage request, Boolean async, CancellationToken cancellationToken)
         at Microsoft.Extensions.Http.Logging.LoggingHttpMessageHandler.<SendCoreAsync>g__Core|4_0(HttpRequestMessage request, Boolean useAsync, CancellationToken cancellationToken)
         at Microsoft.Extensions.Http.Logging.LoggingScopeHttpMessageHandler.<SendCoreAsync>g__Core|4_0(HttpRequestMessage request, Boolean useAsync, CancellationToken cancellationToken)
         at System.Net.Http.HttpClient.<SendAsync>g__Core|83_0(HttpRequestMessage request, HttpCompletionOption completionOption, CancellationTokenSource cts, Boolean disposeCts, CancellationTokenSource pendingRequestsCts, CancellationToken originalCancellationToken)
         at Chatbot.Sst.Infrastructure.Dispatch.HttpChatbotDispatchClient.DispatchAsync(ChatQuestionSubmission submission, CancellationToken cancellationToken) in C:\Users\jvrincon\Documents\chatbot_aplicado_sst\app\back\src\Chatbot.Sst.Infrastructure\Dispatch\HttpChatbotDispatchClient.cs:line 53
         at Chatbot.Sst.Application.ChatDispatchCoordinator.SubmitAsync(ChatQuestionSubmission submission, CancellationToken cancellationToken) in C:\Users\jvrincon\Documents\chatbot_aplicado_sst\app\back\src\Chatbot.Sst.Application\ChatDispatchCoordinator.cs:line 38
         at Program.<>c.<<<Main>$>b__0_1>d.MoveNext() in C:\Users\jvrincon\Documents\chatbot_aplicado_sst\app\back\src\Chatbot.Sst.Api\Program.cs:line 62
      --- End of stack trace from previous location ---
         at Microsoft.AspNetCore.Http.RequestDelegateFactory.ExecuteTaskResult[T](Task`1 task, HttpContext httpContext)
         at Microsoft.AspNetCore.Http.RequestDelegateFactory.<>c__DisplayClass102_2.<<HandleRequestBodyAndCompileRequestDelegateForJson>b__2>d.MoveNext()
      --- End of stack trace from previous location ---
         at Microsoft.AspNetCore.Diagnostics.DeveloperExceptionPageMiddlewareImpl.Invoke(HttpContext context)
info: System.Net.Http.HttpClient.IChatbotDispatchClient.LogicalHandler[100]
      Start processing HTTP request GET http://127.0.0.1:8765/api/platform/projects/proj_sst-general/releases?*
info: System.Net.Http.HttpClient.IChatbotDispatchClient.ClientHandler[100]
      Sending HTTP request GET http://127.0.0.1:8765/api/platform/projects/proj_sst-general/releases?*
info: System.Net.Http.HttpClient.IChatbotDispatchClient.ClientHandler[101]
      Received HTTP response headers after 7.7759ms - 200
info: System.Net.Http.HttpClient.IChatbotDispatchClient.LogicalHandler[101]
      End processing HTTP request after 7.8282ms - 200
[ChatbotDispatch DEBUG] POST /api/chatbot/questions body={"project_id":"proj_sst-general","rag_variant_id":"ragv_local-bge","rag_release_id":"ragr_1d2f9c1a4f444da0","question":"Por que son importantes las pausas activas para la salud fisica?","conversation_id":"conv_chunks_20260828172002","message_id":"msg_chunks_20260828172200_48","top_k":8}
info: System.Net.Http.HttpClient.IChatbotDispatchClient.LogicalHandler[100]
      Start processing HTTP request POST http://127.0.0.1:8765/api/chatbot/questions
info: System.Net.Http.HttpClient.IChatbotDispatchClient.ClientHandler[100]
      Sending HTTP request POST http://127.0.0.1:8765/api/chatbot/questions
info: System.Net.Http.HttpClient.IChatbotDispatchClient.ClientHandler[104]
      HTTP request failed after 0.4196ms
      System.Net.Http.HttpRequestException: An error occurred while sending the request.
       ---> System.Net.Http.HttpIOException: The response ended prematurely. (ResponseEnded)
         at System.Net.Http.HttpConnection.SendAsync(HttpRequestMessage request, Boolean async, CancellationToken cancellationToken)
         --- End of inner exception stack trace ---
         at System.Net.Http.HttpConnection.SendAsync(HttpRequestMessage request, Boolean async, CancellationToken cancellationToken)
         at System.Net.Http.HttpConnectionPool.SendWithVersionDetectionAndRetryAsync(HttpRequestMessage request, Boolean async, Boolean doRequestAuth, CancellationToken cancellationToken)
         at System.Net.Http.DiagnosticsHandler.SendAsyncCore(HttpRequestMessage request, Boolean async, CancellationToken cancellationToken)
         at System.Net.Http.RedirectHandler.SendAsync(HttpRequestMessage request, Boolean async, CancellationToken cancellationToken)
         at Microsoft.Extensions.Http.Logging.LoggingHttpMessageHandler.<SendCoreAsync>g__Core|4_0(HttpRequestMessage request, Boolean useAsync, CancellationToken cancellationToken)
info: System.Net.Http.HttpClient.IChatbotDispatchClient.LogicalHandler[104]
      HTTP request failed after 0.5145ms
      System.Net.Http.HttpRequestException: An error occurred while sending the request.
       ---> System.Net.Http.HttpIOException: The response ended prematurely. (ResponseEnded)
         at System.Net.Http.HttpConnection.SendAsync(HttpRequestMessage request, Boolean async, CancellationToken cancellationToken)
         --- End of inner exception stack trace ---
         at System.Net.Http.HttpConnection.SendAsync(HttpRequestMessage request, Boolean async, CancellationToken cancellationToken)
         at System.Net.Http.HttpConnectionPool.SendWithVersionDetectionAndRetryAsync(HttpRequestMessage request, Boolean async, Boolean doRequestAuth, CancellationToken cancellationToken)
         at System.Net.Http.DiagnosticsHandler.SendAsyncCore(HttpRequestMessage request, Boolean async, CancellationToken cancellationToken)
         at System.Net.Http.RedirectHandler.SendAsync(HttpRequestMessage request, Boolean async, CancellationToken cancellationToken)
         at Microsoft.Extensions.Http.Logging.LoggingHttpMessageHandler.<SendCoreAsync>g__Core|4_0(HttpRequestMessage request, Boolean useAsync, CancellationToken cancellationToken)
         at Microsoft.Extensions.Http.Logging.LoggingScopeHttpMessageHandler.<SendCoreAsync>g__Core|4_0(HttpRequestMessage request, Boolean useAsync, CancellationToken cancellationToken)
fail: Microsoft.AspNetCore.Diagnostics.DeveloperExceptionPageMiddleware[1]
      An unhandled exception has occurred while executing the request.
      System.Net.Http.HttpRequestException: An error occurred while sending the request.
       ---> System.Net.Http.HttpIOException: The response ended prematurely. (ResponseEnded)
         at System.Net.Http.HttpConnection.SendAsync(HttpRequestMessage request, Boolean async, CancellationToken cancellationToken)
         --- End of inner exception stack trace ---
         at System.Net.Http.HttpConnection.SendAsync(HttpRequestMessage request, Boolean async, CancellationToken cancellationToken)
         at System.Net.Http.HttpConnectionPool.SendWithVersionDetectionAndRetryAsync(HttpRequestMessage request, Boolean async, Boolean doRequestAuth, CancellationToken cancellationToken)
         at System.Net.Http.DiagnosticsHandler.SendAsyncCore(HttpRequestMessage request, Boolean async, CancellationToken cancellationToken)
         at System.Net.Http.RedirectHandler.SendAsync(HttpRequestMessage request, Boolean async, CancellationToken cancellationToken)
         at Microsoft.Extensions.Http.Logging.LoggingHttpMessageHandler.<SendCoreAsync>g__Core|4_0(HttpRequestMessage request, Boolean useAsync, CancellationToken cancellationToken)
         at Microsoft.Extensions.Http.Logging.LoggingScopeHttpMessageHandler.<SendCoreAsync>g__Core|4_0(HttpRequestMessage request, Boolean useAsync, CancellationToken cancellationToken)
         at System.Net.Http.HttpClient.<SendAsync>g__Core|83_0(HttpRequestMessage request, HttpCompletionOption completionOption, CancellationTokenSource cts, Boolean disposeCts, CancellationTokenSource pendingRequestsCts, CancellationToken originalCancellationToken)
         at Chatbot.Sst.Infrastructure.Dispatch.HttpChatbotDispatchClient.DispatchAsync(ChatQuestionSubmission submission, CancellationToken cancellationToken) in C:\Users\jvrincon\Documents\chatbot_aplicado_sst\app\back\src\Chatbot.Sst.Infrastructure\Dispatch\HttpChatbotDispatchClient.cs:line 53
         at Chatbot.Sst.Application.ChatDispatchCoordinator.SubmitAsync(ChatQuestionSubmission submission, CancellationToken cancellationToken) in C:\Users\jvrincon\Documents\chatbot_aplicado_sst\app\back\src\Chatbot.Sst.Application\ChatDispatchCoordinator.cs:line 38
         at Program.<>c.<<<Main>$>b__0_1>d.MoveNext() in C:\Users\jvrincon\Documents\chatbot_aplicado_sst\app\back\src\Chatbot.Sst.Api\Program.cs:line 62
      --- End of stack trace from previous location ---
         at Microsoft.AspNetCore.Http.RequestDelegateFactory.ExecuteTaskResult[T](Task`1 task, HttpContext httpContext)
         at Microsoft.AspNetCore.Http.RequestDelegateFactory.<>c__DisplayClass102_2.<<HandleRequestBodyAndCompileRequestDelegateForJson>b__2>d.MoveNext()
      --- End of stack trace from previous location ---
         at Microsoft.AspNetCore.Diagnostics.DeveloperExceptionPageMiddlewareImpl.Invoke(HttpContext context)
info: System.Net.Http.HttpClient.IChatbotDispatchClient.LogicalHandler[100]
      Start processing HTTP request GET http://127.0.0.1:8765/api/platform/projects/proj_sst-general/releases?*
info: System.Net.Http.HttpClient.IChatbotDispatchClient.ClientHandler[100]
      Sending HTTP request GET http://127.0.0.1:8765/api/platform/projects/proj_sst-general/releases?*
info: System.Net.Http.HttpClient.IChatbotDispatchClient.ClientHandler[101]
      Received HTTP response headers after 6.7307ms - 200
info: System.Net.Http.HttpClient.IChatbotDispatchClient.LogicalHandler[101]
      End processing HTTP request after 6.7559ms - 200
[ChatbotDispatch DEBUG] POST /api/chatbot/questions body={"project_id":"proj_sst-general","rag_variant_id":"ragv_local-bge","rag_release_id":"ragr_1d2f9c1a4f444da0","question":"Como ayudan las pausas activas a la concentracion y al estres?","conversation_id":"conv_chunks_20260828172002","message_id":"msg_chunks_20260828172200_49","top_k":8}
info: System.Net.Http.HttpClient.IChatbotDispatchClient.LogicalHandler[100]
      Start processing HTTP request POST http://127.0.0.1:8765/api/chatbot/questions
info: System.Net.Http.HttpClient.IChatbotDispatchClient.ClientHandler[100]
      Sending HTTP request POST http://127.0.0.1:8765/api/chatbot/questions
info: System.Net.Http.HttpClient.IChatbotDispatchClient.ClientHandler[104]
      HTTP request failed after 0.4681ms
      System.Net.Http.HttpRequestException: An error occurred while sending the request.
       ---> System.Net.Http.HttpIOException: The response ended prematurely. (ResponseEnded)
         at System.Net.Http.HttpConnection.SendAsync(HttpRequestMessage request, Boolean async, CancellationToken cancellationToken)
         --- End of inner exception stack trace ---
         at System.Net.Http.HttpConnection.SendAsync(HttpRequestMessage request, Boolean async, CancellationToken cancellationToken)
         at System.Net.Http.HttpConnectionPool.SendWithVersionDetectionAndRetryAsync(HttpRequestMessage request, Boolean async, Boolean doRequestAuth, CancellationToken cancellationToken)
         at System.Net.Http.DiagnosticsHandler.SendAsyncCore(HttpRequestMessage request, Boolean async, CancellationToken cancellationToken)
         at System.Net.Http.RedirectHandler.SendAsync(HttpRequestMessage request, Boolean async, CancellationToken cancellationToken)
         at Microsoft.Extensions.Http.Logging.LoggingHttpMessageHandler.<SendCoreAsync>g__Core|4_0(HttpRequestMessage request, Boolean useAsync, CancellationToken cancellationToken)
info: System.Net.Http.HttpClient.IChatbotDispatchClient.LogicalHandler[104]
      HTTP request failed after 0.544ms
      System.Net.Http.HttpRequestException: An error occurred while sending the request.
       ---> System.Net.Http.HttpIOException: The response ended prematurely. (ResponseEnded)
         at System.Net.Http.HttpConnection.SendAsync(HttpRequestMessage request, Boolean async, CancellationToken cancellationToken)
         --- End of inner exception stack trace ---
         at System.Net.Http.HttpConnection.SendAsync(HttpRequestMessage request, Boolean async, CancellationToken cancellationToken)
         at System.Net.Http.HttpConnectionPool.SendWithVersionDetectionAndRetryAsync(HttpRequestMessage request, Boolean async, Boolean doRequestAuth, CancellationToken cancellationToken)
         at System.Net.Http.DiagnosticsHandler.SendAsyncCore(HttpRequestMessage request, Boolean async, CancellationToken cancellationToken)
         at System.Net.Http.RedirectHandler.SendAsync(HttpRequestMessage request, Boolean async, CancellationToken cancellationToken)
         at Microsoft.Extensions.Http.Logging.LoggingHttpMessageHandler.<SendCoreAsync>g__Core|4_0(HttpRequestMessage request, Boolean useAsync, CancellationToken cancellationToken)
         at Microsoft.Extensions.Http.Logging.LoggingScopeHttpMessageHandler.<SendCoreAsync>g__Core|4_0(HttpRequestMessage request, Boolean useAsync, CancellationToken cancellationToken)
fail: Microsoft.AspNetCore.Diagnostics.DeveloperExceptionPageMiddleware[1]
      An unhandled exception has occurred while executing the request.
      System.Net.Http.HttpRequestException: An error occurred while sending the request.
       ---> System.Net.Http.HttpIOException: The response ended prematurely. (ResponseEnded)
         at System.Net.Http.HttpConnection.SendAsync(HttpRequestMessage request, Boolean async, CancellationToken cancellationToken)
         --- End of inner exception stack trace ---
         at System.Net.Http.HttpConnection.SendAsync(HttpRequestMessage request, Boolean async, CancellationToken cancellationToken)
         at System.Net.Http.HttpConnectionPool.SendWithVersionDetectionAndRetryAsync(HttpRequestMessage request, Boolean async, Boolean doRequestAuth, CancellationToken cancellationToken)
         at System.Net.Http.DiagnosticsHandler.SendAsyncCore(HttpRequestMessage request, Boolean async, CancellationToken cancellationToken)
         at System.Net.Http.RedirectHandler.SendAsync(HttpRequestMessage request, Boolean async, CancellationToken cancellationToken)
         at Microsoft.Extensions.Http.Logging.LoggingHttpMessageHandler.<SendCoreAsync>g__Core|4_0(HttpRequestMessage request, Boolean useAsync, CancellationToken cancellationToken)
         at Microsoft.Extensions.Http.Logging.LoggingScopeHttpMessageHandler.<SendCoreAsync>g__Core|4_0(HttpRequestMessage request, Boolean useAsync, CancellationToken cancellationToken)
         at System.Net.Http.HttpClient.<SendAsync>g__Core|83_0(HttpRequestMessage request, HttpCompletionOption completionOption, CancellationTokenSource cts, Boolean disposeCts, CancellationTokenSource pendingRequestsCts, CancellationToken originalCancellationToken)
         at Chatbot.Sst.Infrastructure.Dispatch.HttpChatbotDispatchClient.DispatchAsync(ChatQuestionSubmission submission, CancellationToken cancellationToken) in C:\Users\jvrincon\Documents\chatbot_aplicado_sst\app\back\src\Chatbot.Sst.Infrastructure\Dispatch\HttpChatbotDispatchClient.cs:line 53
         at Chatbot.Sst.Application.ChatDispatchCoordinator.SubmitAsync(ChatQuestionSubmission submission, CancellationToken cancellationToken) in C:\Users\jvrincon\Documents\chatbot_aplicado_sst\app\back\src\Chatbot.Sst.Application\ChatDispatchCoordinator.cs:line 38
         at Program.<>c.<<<Main>$>b__0_1>d.MoveNext() in C:\Users\jvrincon\Documents\chatbot_aplicado_sst\app\back\src\Chatbot.Sst.Api\Program.cs:line 62
      --- End of stack trace from previous location ---
         at Microsoft.AspNetCore.Http.RequestDelegateFactory.ExecuteTaskResult[T](Task`1 task, HttpContext httpContext)
         at Microsoft.AspNetCore.Http.RequestDelegateFactory.<>c__DisplayClass102_2.<<HandleRequestBodyAndCompileRequestDelegateForJson>b__2>d.MoveNext()
      --- End of stack trace from previous location ---
         at Microsoft.AspNetCore.Diagnostics.DeveloperExceptionPageMiddlewareImpl.Invoke(HttpContext context)
info: System.Net.Http.HttpClient.IChatbotDispatchClient.LogicalHandler[100]
      Start processing HTTP request GET http://127.0.0.1:8765/api/platform/projects/proj_sst-general/releases?*
info: System.Net.Http.HttpClient.IChatbotDispatchClient.ClientHandler[100]
      Sending HTTP request GET http://127.0.0.1:8765/api/platform/projects/proj_sst-general/releases?*
info: System.Net.Http.HttpClient.IChatbotDispatchClient.ClientHandler[101]
      Received HTTP response headers after 8.8942ms - 200
info: System.Net.Http.HttpClient.IChatbotDispatchClient.LogicalHandler[101]
      End processing HTTP request after 8.9216ms - 200
[ChatbotDispatch DEBUG] POST /api/chatbot/questions body={"project_id":"proj_sst-general","rag_variant_id":"ragv_local-bge","rag_release_id":"ragr_1d2f9c1a4f444da0","question":"Que recomendaciones de seguridad vial aparecen en el corpus?","conversation_id":"conv_chunks_20260828172002","message_id":"msg_chunks_20260828172200_50","top_k":8}
info: System.Net.Http.HttpClient.IChatbotDispatchClient.LogicalHandler[100]
      Start processing HTTP request POST http://127.0.0.1:8765/api/chatbot/questions
info: System.Net.Http.HttpClient.IChatbotDispatchClient.ClientHandler[100]
      Sending HTTP request POST http://127.0.0.1:8765/api/chatbot/questions
info: System.Net.Http.HttpClient.IChatbotDispatchClient.ClientHandler[104]
      HTTP request failed after 0.4941ms
      System.Net.Http.HttpRequestException: An error occurred while sending the request.
       ---> System.Net.Http.HttpIOException: The response ended prematurely. (ResponseEnded)
         at System.Net.Http.HttpConnection.SendAsync(HttpRequestMessage request, Boolean async, CancellationToken cancellationToken)
         --- End of inner exception stack trace ---
         at System.Net.Http.HttpConnection.SendAsync(HttpRequestMessage request, Boolean async, CancellationToken cancellationToken)
         at System.Net.Http.HttpConnectionPool.SendWithVersionDetectionAndRetryAsync(HttpRequestMessage request, Boolean async, Boolean doRequestAuth, CancellationToken cancellationToken)
         at System.Net.Http.DiagnosticsHandler.SendAsyncCore(HttpRequestMessage request, Boolean async, CancellationToken cancellationToken)
         at System.Net.Http.RedirectHandler.SendAsync(HttpRequestMessage request, Boolean async, CancellationToken cancellationToken)
         at Microsoft.Extensions.Http.Logging.LoggingHttpMessageHandler.<SendCoreAsync>g__Core|4_0(HttpRequestMessage request, Boolean useAsync, CancellationToken cancellationToken)
info: System.Net.Http.HttpClient.IChatbotDispatchClient.LogicalHandler[104]
      HTTP request failed after 0.5769ms
      System.Net.Http.HttpRequestException: An error occurred while sending the request.
       ---> System.Net.Http.HttpIOException: The response ended prematurely. (ResponseEnded)
         at System.Net.Http.HttpConnection.SendAsync(HttpRequestMessage request, Boolean async, CancellationToken cancellationToken)
         --- End of inner exception stack trace ---
         at System.Net.Http.HttpConnection.SendAsync(HttpRequestMessage request, Boolean async, CancellationToken cancellationToken)
         at System.Net.Http.HttpConnectionPool.SendWithVersionDetectionAndRetryAsync(HttpRequestMessage request, Boolean async, Boolean doRequestAuth, CancellationToken cancellationToken)
         at System.Net.Http.DiagnosticsHandler.SendAsyncCore(HttpRequestMessage request, Boolean async, CancellationToken cancellationToken)
         at System.Net.Http.RedirectHandler.SendAsync(HttpRequestMessage request, Boolean async, CancellationToken cancellationToken)
         at Microsoft.Extensions.Http.Logging.LoggingHttpMessageHandler.<SendCoreAsync>g__Core|4_0(HttpRequestMessage request, Boolean useAsync, CancellationToken cancellationToken)
         at Microsoft.Extensions.Http.Logging.LoggingScopeHttpMessageHandler.<SendCoreAsync>g__Core|4_0(HttpRequestMessage request, Boolean useAsync, CancellationToken cancellationToken)
fail: Microsoft.AspNetCore.Diagnostics.DeveloperExceptionPageMiddleware[1]
      An unhandled exception has occurred while executing the request.
      System.Net.Http.HttpRequestException: An error occurred while sending the request.
       ---> System.Net.Http.HttpIOException: The response ended prematurely. (ResponseEnded)
         at System.Net.Http.HttpConnection.SendAsync(HttpRequestMessage request, Boolean async, CancellationToken cancellationToken)
         --- End of inner exception stack trace ---
         at System.Net.Http.HttpConnection.SendAsync(HttpRequestMessage request, Boolean async, CancellationToken cancellationToken)
         at System.Net.Http.HttpConnectionPool.SendWithVersionDetectionAndRetryAsync(HttpRequestMessage request, Boolean async, Boolean doRequestAuth, CancellationToken cancellationToken)
         at System.Net.Http.DiagnosticsHandler.SendAsyncCore(HttpRequestMessage request, Boolean async, CancellationToken cancellationToken)
         at System.Net.Http.RedirectHandler.SendAsync(HttpRequestMessage request, Boolean async, CancellationToken cancellationToken)
         at Microsoft.Extensions.Http.Logging.LoggingHttpMessageHandler.<SendCoreAsync>g__Core|4_0(HttpRequestMessage request, Boolean useAsync, CancellationToken cancellationToken)
         at Microsoft.Extensions.Http.Logging.LoggingScopeHttpMessageHandler.<SendCoreAsync>g__Core|4_0(HttpRequestMessage request, Boolean useAsync, CancellationToken cancellationToken)
         at System.Net.Http.HttpClient.<SendAsync>g__Core|83_0(HttpRequestMessage request, HttpCompletionOption completionOption, CancellationTokenSource cts, Boolean disposeCts, CancellationTokenSource pendingRequestsCts, CancellationToken originalCancellationToken)
         at Chatbot.Sst.Infrastructure.Dispatch.HttpChatbotDispatchClient.DispatchAsync(ChatQuestionSubmission submission, CancellationToken cancellationToken) in C:\Users\jvrincon\Documents\chatbot_aplicado_sst\app\back\src\Chatbot.Sst.Infrastructure\Dispatch\HttpChatbotDispatchClient.cs:line 53
         at Chatbot.Sst.Application.ChatDispatchCoordinator.SubmitAsync(ChatQuestionSubmission submission, CancellationToken cancellationToken) in C:\Users\jvrincon\Documents\chatbot_aplicado_sst\app\back\src\Chatbot.Sst.Application\ChatDispatchCoordinator.cs:line 38
         at Program.<>c.<<<Main>$>b__0_1>d.MoveNext() in C:\Users\jvrincon\Documents\chatbot_aplicado_sst\app\back\src\Chatbot.Sst.Api\Program.cs:line 62
      --- End of stack trace from previous location ---
         at Microsoft.AspNetCore.Http.RequestDelegateFactory.ExecuteTaskResult[T](Task`1 task, HttpContext httpContext)
         at Microsoft.AspNetCore.Http.RequestDelegateFactory.<>c__DisplayClass102_2.<<HandleRequestBodyAndCompileRequestDelegateForJson>b__2>d.MoveNext()
      --- End of stack trace from previous location ---
         at Microsoft.AspNetCore.Diagnostics.DeveloperExceptionPageMiddlewareImpl.Invoke(HttpContext context)
info: System.Net.Http.HttpClient.IChatbotDispatchClient.LogicalHandler[100]
      Start processing HTTP request GET http://127.0.0.1:8765/api/platform/projects/proj_sst-general/releases?*
info: System.Net.Http.HttpClient.IChatbotDispatchClient.ClientHandler[100]
      Sending HTTP request GET http://127.0.0.1:8765/api/platform/projects/proj_sst-general/releases?*
info: System.Net.Http.HttpClient.IChatbotDispatchClient.ClientHandler[101]
      Received HTTP response headers after 7.3767ms - 200
info: System.Net.Http.HttpClient.IChatbotDispatchClient.LogicalHandler[101]
      End processing HTTP request after 7.3998ms - 200
[ChatbotDispatch DEBUG] POST /api/chatbot/questions body={"project_id":"proj_sst-general","rag_variant_id":"ragv_local-bge","rag_release_id":"ragr_1d2f9c1a4f444da0","question":"Que compromisos tiene el PESV o plan estrategico de seguridad vial?","conversation_id":"conv_chunks_20260828172002","message_id":"msg_chunks_20260828172200_51","top_k":8}
info: System.Net.Http.HttpClient.IChatbotDispatchClient.LogicalHandler[100]
      Start processing HTTP request POST http://127.0.0.1:8765/api/chatbot/questions
info: System.Net.Http.HttpClient.IChatbotDispatchClient.ClientHandler[100]
      Sending HTTP request POST http://127.0.0.1:8765/api/chatbot/questions
info: System.Net.Http.HttpClient.IChatbotDispatchClient.ClientHandler[104]
      HTTP request failed after 0.6702ms
      System.Net.Http.HttpRequestException: An error occurred while sending the request.
       ---> System.Net.Http.HttpIOException: The response ended prematurely. (ResponseEnded)
         at System.Net.Http.HttpConnection.SendAsync(HttpRequestMessage request, Boolean async, CancellationToken cancellationToken)
         --- End of inner exception stack trace ---
         at System.Net.Http.HttpConnection.SendAsync(HttpRequestMessage request, Boolean async, CancellationToken cancellationToken)
         at System.Net.Http.HttpConnectionPool.SendWithVersionDetectionAndRetryAsync(HttpRequestMessage request, Boolean async, Boolean doRequestAuth, CancellationToken cancellationToken)
         at System.Net.Http.DiagnosticsHandler.SendAsyncCore(HttpRequestMessage request, Boolean async, CancellationToken cancellationToken)
         at System.Net.Http.RedirectHandler.SendAsync(HttpRequestMessage request, Boolean async, CancellationToken cancellationToken)
         at Microsoft.Extensions.Http.Logging.LoggingHttpMessageHandler.<SendCoreAsync>g__Core|4_0(HttpRequestMessage request, Boolean useAsync, CancellationToken cancellationToken)
info: System.Net.Http.HttpClient.IChatbotDispatchClient.LogicalHandler[104]
      HTTP request failed after 0.8172ms
      System.Net.Http.HttpRequestException: An error occurred while sending the request.
       ---> System.Net.Http.HttpIOException: The response ended prematurely. (ResponseEnded)
         at System.Net.Http.HttpConnection.SendAsync(HttpRequestMessage request, Boolean async, CancellationToken cancellationToken)
         --- End of inner exception stack trace ---
         at System.Net.Http.HttpConnection.SendAsync(HttpRequestMessage request, Boolean async, CancellationToken cancellationToken)
         at System.Net.Http.HttpConnectionPool.SendWithVersionDetectionAndRetryAsync(HttpRequestMessage request, Boolean async, Boolean doRequestAuth, CancellationToken cancellationToken)
         at System.Net.Http.DiagnosticsHandler.SendAsyncCore(HttpRequestMessage request, Boolean async, CancellationToken cancellationToken)
         at System.Net.Http.RedirectHandler.SendAsync(HttpRequestMessage request, Boolean async, CancellationToken cancellationToken)
         at Microsoft.Extensions.Http.Logging.LoggingHttpMessageHandler.<SendCoreAsync>g__Core|4_0(HttpRequestMessage request, Boolean useAsync, CancellationToken cancellationToken)
         at Microsoft.Extensions.Http.Logging.LoggingScopeHttpMessageHandler.<SendCoreAsync>g__Core|4_0(HttpRequestMessage request, Boolean useAsync, CancellationToken cancellationToken)
fail: Microsoft.AspNetCore.Diagnostics.DeveloperExceptionPageMiddleware[1]
      An unhandled exception has occurred while executing the request.
      System.Net.Http.HttpRequestException: An error occurred while sending the request.
       ---> System.Net.Http.HttpIOException: The response ended prematurely. (ResponseEnded)
         at System.Net.Http.HttpConnection.SendAsync(HttpRequestMessage request, Boolean async, CancellationToken cancellationToken)
         --- End of inner exception stack trace ---
         at System.Net.Http.HttpConnection.SendAsync(HttpRequestMessage request, Boolean async, CancellationToken cancellationToken)
         at System.Net.Http.HttpConnectionPool.SendWithVersionDetectionAndRetryAsync(HttpRequestMessage request, Boolean async, Boolean doRequestAuth, CancellationToken cancellationToken)
         at System.Net.Http.DiagnosticsHandler.SendAsyncCore(HttpRequestMessage request, Boolean async, CancellationToken cancellationToken)
         at System.Net.Http.RedirectHandler.SendAsync(HttpRequestMessage request, Boolean async, CancellationToken cancellationToken)
         at Microsoft.Extensions.Http.Logging.LoggingHttpMessageHandler.<SendCoreAsync>g__Core|4_0(HttpRequestMessage request, Boolean useAsync, CancellationToken cancellationToken)
         at Microsoft.Extensions.Http.Logging.LoggingScopeHttpMessageHandler.<SendCoreAsync>g__Core|4_0(HttpRequestMessage request, Boolean useAsync, CancellationToken cancellationToken)
         at System.Net.Http.HttpClient.<SendAsync>g__Core|83_0(HttpRequestMessage request, HttpCompletionOption completionOption, CancellationTokenSource cts, Boolean disposeCts, CancellationTokenSource pendingRequestsCts, CancellationToken originalCancellationToken)
         at Chatbot.Sst.Infrastructure.Dispatch.HttpChatbotDispatchClient.DispatchAsync(ChatQuestionSubmission submission, CancellationToken cancellationToken) in C:\Users\jvrincon\Documents\chatbot_aplicado_sst\app\back\src\Chatbot.Sst.Infrastructure\Dispatch\HttpChatbotDispatchClient.cs:line 53
         at Chatbot.Sst.Application.ChatDispatchCoordinator.SubmitAsync(ChatQuestionSubmission submission, CancellationToken cancellationToken) in C:\Users\jvrincon\Documents\chatbot_aplicado_sst\app\back\src\Chatbot.Sst.Application\ChatDispatchCoordinator.cs:line 38
         at Program.<>c.<<<Main>$>b__0_1>d.MoveNext() in C:\Users\jvrincon\Documents\chatbot_aplicado_sst\app\back\src\Chatbot.Sst.Api\Program.cs:line 62
      --- End of stack trace from previous location ---
         at Microsoft.AspNetCore.Http.RequestDelegateFactory.ExecuteTaskResult[T](Task`1 task, HttpContext httpContext)
         at Microsoft.AspNetCore.Http.RequestDelegateFactory.<>c__DisplayClass102_2.<<HandleRequestBodyAndCompileRequestDelegateForJson>b__2>d.MoveNext()
      --- End of stack trace from previous location ---
         at Microsoft.AspNetCore.Diagnostics.DeveloperExceptionPageMiddlewareImpl.Invoke(HttpContext context)
info: System.Net.Http.HttpClient.IChatbotDispatchClient.LogicalHandler[100]
      Start processing HTTP request GET http://127.0.0.1:8765/api/platform/projects/proj_sst-general/releases?*
info: System.Net.Http.HttpClient.IChatbotDispatchClient.ClientHandler[100]
      Sending HTTP request GET http://127.0.0.1:8765/api/platform/projects/proj_sst-general/releases?*
info: System.Net.Http.HttpClient.IChatbotDispatchClient.ClientHandler[101]
      Received HTTP response headers after 10.5636ms - 200
info: System.Net.Http.HttpClient.IChatbotDispatchClient.LogicalHandler[101]
      End processing HTTP request after 10.6265ms - 200
[ChatbotDispatch DEBUG] POST /api/chatbot/questions body={"project_id":"proj_sst-general","rag_variant_id":"ragv_local-bge","rag_release_id":"ragr_1d2f9c1a4f444da0","question":"Que significa cero tolerancia frente a alcohol y sustancias en seguridad vial?","conversation_id":"conv_chunks_20260828172002","message_id":"msg_chunks_20260828172200_52","top_k":8}
info: System.Net.Http.HttpClient.IChatbotDispatchClient.LogicalHandler[100]
      Start processing HTTP request POST http://127.0.0.1:8765/api/chatbot/questions
info: System.Net.Http.HttpClient.IChatbotDispatchClient.ClientHandler[100]
      Sending HTTP request POST http://127.0.0.1:8765/api/chatbot/questions
info: System.Net.Http.HttpClient.IChatbotDispatchClient.ClientHandler[104]
      HTTP request failed after 0.4023ms
      System.Net.Http.HttpRequestException: An error occurred while sending the request.
       ---> System.Net.Http.HttpIOException: The response ended prematurely. (ResponseEnded)
         at System.Net.Http.HttpConnection.SendAsync(HttpRequestMessage request, Boolean async, CancellationToken cancellationToken)
         --- End of inner exception stack trace ---
         at System.Net.Http.HttpConnection.SendAsync(HttpRequestMessage request, Boolean async, CancellationToken cancellationToken)
         at System.Net.Http.HttpConnectionPool.SendWithVersionDetectionAndRetryAsync(HttpRequestMessage request, Boolean async, Boolean doRequestAuth, CancellationToken cancellationToken)
         at System.Net.Http.DiagnosticsHandler.SendAsyncCore(HttpRequestMessage request, Boolean async, CancellationToken cancellationToken)
         at System.Net.Http.RedirectHandler.SendAsync(HttpRequestMessage request, Boolean async, CancellationToken cancellationToken)
         at Microsoft.Extensions.Http.Logging.LoggingHttpMessageHandler.<SendCoreAsync>g__Core|4_0(HttpRequestMessage request, Boolean useAsync, CancellationToken cancellationToken)
info: System.Net.Http.HttpClient.IChatbotDispatchClient.LogicalHandler[104]
      HTTP request failed after 0.4848ms
      System.Net.Http.HttpRequestException: An error occurred while sending the request.
       ---> System.Net.Http.HttpIOException: The response ended prematurely. (ResponseEnded)
         at System.Net.Http.HttpConnection.SendAsync(HttpRequestMessage request, Boolean async, CancellationToken cancellationToken)
         --- End of inner exception stack trace ---
         at System.Net.Http.HttpConnection.SendAsync(HttpRequestMessage request, Boolean async, CancellationToken cancellationToken)
         at System.Net.Http.HttpConnectionPool.SendWithVersionDetectionAndRetryAsync(HttpRequestMessage request, Boolean async, Boolean doRequestAuth, CancellationToken cancellationToken)
         at System.Net.Http.DiagnosticsHandler.SendAsyncCore(HttpRequestMessage request, Boolean async, CancellationToken cancellationToken)
         at System.Net.Http.RedirectHandler.SendAsync(HttpRequestMessage request, Boolean async, CancellationToken cancellationToken)
         at Microsoft.Extensions.Http.Logging.LoggingHttpMessageHandler.<SendCoreAsync>g__Core|4_0(HttpRequestMessage request, Boolean useAsync, CancellationToken cancellationToken)
         at Microsoft.Extensions.Http.Logging.LoggingScopeHttpMessageHandler.<SendCoreAsync>g__Core|4_0(HttpRequestMessage request, Boolean useAsync, CancellationToken cancellationToken)
fail: Microsoft.AspNetCore.Diagnostics.DeveloperExceptionPageMiddleware[1]
      An unhandled exception has occurred while executing the request.
      System.Net.Http.HttpRequestException: An error occurred while sending the request.
       ---> System.Net.Http.HttpIOException: The response ended prematurely. (ResponseEnded)
         at System.Net.Http.HttpConnection.SendAsync(HttpRequestMessage request, Boolean async, CancellationToken cancellationToken)
         --- End of inner exception stack trace ---
         at System.Net.Http.HttpConnection.SendAsync(HttpRequestMessage request, Boolean async, CancellationToken cancellationToken)
         at System.Net.Http.HttpConnectionPool.SendWithVersionDetectionAndRetryAsync(HttpRequestMessage request, Boolean async, Boolean doRequestAuth, CancellationToken cancellationToken)
         at System.Net.Http.DiagnosticsHandler.SendAsyncCore(HttpRequestMessage request, Boolean async, CancellationToken cancellationToken)
         at System.Net.Http.RedirectHandler.SendAsync(HttpRequestMessage request, Boolean async, CancellationToken cancellationToken)
         at Microsoft.Extensions.Http.Logging.LoggingHttpMessageHandler.<SendCoreAsync>g__Core|4_0(HttpRequestMessage request, Boolean useAsync, CancellationToken cancellationToken)
         at Microsoft.Extensions.Http.Logging.LoggingScopeHttpMessageHandler.<SendCoreAsync>g__Core|4_0(HttpRequestMessage request, Boolean useAsync, CancellationToken cancellationToken)
         at System.Net.Http.HttpClient.<SendAsync>g__Core|83_0(HttpRequestMessage request, HttpCompletionOption completionOption, CancellationTokenSource cts, Boolean disposeCts, CancellationTokenSource pendingRequestsCts, CancellationToken originalCancellationToken)
         at Chatbot.Sst.Infrastructure.Dispatch.HttpChatbotDispatchClient.DispatchAsync(ChatQuestionSubmission submission, CancellationToken cancellationToken) in C:\Users\jvrincon\Documents\chatbot_aplicado_sst\app\back\src\Chatbot.Sst.Infrastructure\Dispatch\HttpChatbotDispatchClient.cs:line 53
         at Chatbot.Sst.Application.ChatDispatchCoordinator.SubmitAsync(ChatQuestionSubmission submission, CancellationToken cancellationToken) in C:\Users\jvrincon\Documents\chatbot_aplicado_sst\app\back\src\Chatbot.Sst.Application\ChatDispatchCoordinator.cs:line 38
         at Program.<>c.<<<Main>$>b__0_1>d.MoveNext() in C:\Users\jvrincon\Documents\chatbot_aplicado_sst\app\back\src\Chatbot.Sst.Api\Program.cs:line 62
      --- End of stack trace from previous location ---
         at Microsoft.AspNetCore.Http.RequestDelegateFactory.ExecuteTaskResult[T](Task`1 task, HttpContext httpContext)
         at Microsoft.AspNetCore.Http.RequestDelegateFactory.<>c__DisplayClass102_2.<<HandleRequestBodyAndCompileRequestDelegateForJson>b__2>d.MoveNext()
      --- End of stack trace from previous location ---
         at Microsoft.AspNetCore.Diagnostics.DeveloperExceptionPageMiddlewareImpl.Invoke(HttpContext context)
info: System.Net.Http.HttpClient.IChatbotDispatchClient.LogicalHandler[100]
      Start processing HTTP request GET http://127.0.0.1:8765/api/platform/projects/proj_sst-general/releases?*
info: System.Net.Http.HttpClient.IChatbotDispatchClient.ClientHandler[100]
      Sending HTTP request GET http://127.0.0.1:8765/api/platform/projects/proj_sst-general/releases?*
info: System.Net.Http.HttpClient.IChatbotDispatchClient.ClientHandler[101]
      Received HTTP response headers after 8.9486ms - 200
info: System.Net.Http.HttpClient.IChatbotDispatchClient.LogicalHandler[101]
      End processing HTTP request after 8.9758ms - 200
[ChatbotDispatch DEBUG] POST /api/chatbot/questions body={"project_id":"proj_sst-general","rag_variant_id":"ragv_local-bge","rag_release_id":"ragr_1d2f9c1a4f444da0","question":"Que documentos o reglas hablan de prevencion del acoso laboral?","conversation_id":"conv_chunks_20260828172002","message_id":"msg_chunks_20260828172200_53","top_k":8}
info: System.Net.Http.HttpClient.IChatbotDispatchClient.LogicalHandler[100]
      Start processing HTTP request POST http://127.0.0.1:8765/api/chatbot/questions
info: System.Net.Http.HttpClient.IChatbotDispatchClient.ClientHandler[100]
      Sending HTTP request POST http://127.0.0.1:8765/api/chatbot/questions
info: System.Net.Http.HttpClient.IChatbotDispatchClient.ClientHandler[104]
      HTTP request failed after 0.4491ms
      System.Net.Http.HttpRequestException: An error occurred while sending the request.
       ---> System.Net.Http.HttpIOException: The response ended prematurely. (ResponseEnded)
         at System.Net.Http.HttpConnection.SendAsync(HttpRequestMessage request, Boolean async, CancellationToken cancellationToken)
         --- End of inner exception stack trace ---
         at System.Net.Http.HttpConnection.SendAsync(HttpRequestMessage request, Boolean async, CancellationToken cancellationToken)
         at System.Net.Http.HttpConnectionPool.SendWithVersionDetectionAndRetryAsync(HttpRequestMessage request, Boolean async, Boolean doRequestAuth, CancellationToken cancellationToken)
         at System.Net.Http.DiagnosticsHandler.SendAsyncCore(HttpRequestMessage request, Boolean async, CancellationToken cancellationToken)
         at System.Net.Http.RedirectHandler.SendAsync(HttpRequestMessage request, Boolean async, CancellationToken cancellationToken)
         at Microsoft.Extensions.Http.Logging.LoggingHttpMessageHandler.<SendCoreAsync>g__Core|4_0(HttpRequestMessage request, Boolean useAsync, CancellationToken cancellationToken)
info: System.Net.Http.HttpClient.IChatbotDispatchClient.LogicalHandler[104]
      HTTP request failed after 0.5296ms
      System.Net.Http.HttpRequestException: An error occurred while sending the request.
       ---> System.Net.Http.HttpIOException: The response ended prematurely. (ResponseEnded)
         at System.Net.Http.HttpConnection.SendAsync(HttpRequestMessage request, Boolean async, CancellationToken cancellationToken)
         --- End of inner exception stack trace ---
         at System.Net.Http.HttpConnection.SendAsync(HttpRequestMessage request, Boolean async, CancellationToken cancellationToken)
         at System.Net.Http.HttpConnectionPool.SendWithVersionDetectionAndRetryAsync(HttpRequestMessage request, Boolean async, Boolean doRequestAuth, CancellationToken cancellationToken)
         at System.Net.Http.DiagnosticsHandler.SendAsyncCore(HttpRequestMessage request, Boolean async, CancellationToken cancellationToken)
         at System.Net.Http.RedirectHandler.SendAsync(HttpRequestMessage request, Boolean async, CancellationToken cancellationToken)
         at Microsoft.Extensions.Http.Logging.LoggingHttpMessageHandler.<SendCoreAsync>g__Core|4_0(HttpRequestMessage request, Boolean useAsync, CancellationToken cancellationToken)
         at Microsoft.Extensions.Http.Logging.LoggingScopeHttpMessageHandler.<SendCoreAsync>g__Core|4_0(HttpRequestMessage request, Boolean useAsync, CancellationToken cancellationToken)
fail: Microsoft.AspNetCore.Diagnostics.DeveloperExceptionPageMiddleware[1]
      An unhandled exception has occurred while executing the request.
      System.Net.Http.HttpRequestException: An error occurred while sending the request.
       ---> System.Net.Http.HttpIOException: The response ended prematurely. (ResponseEnded)
         at System.Net.Http.HttpConnection.SendAsync(HttpRequestMessage request, Boolean async, CancellationToken cancellationToken)
         --- End of inner exception stack trace ---
         at System.Net.Http.HttpConnection.SendAsync(HttpRequestMessage request, Boolean async, CancellationToken cancellationToken)
         at System.Net.Http.HttpConnectionPool.SendWithVersionDetectionAndRetryAsync(HttpRequestMessage request, Boolean async, Boolean doRequestAuth, CancellationToken cancellationToken)
         at System.Net.Http.DiagnosticsHandler.SendAsyncCore(HttpRequestMessage request, Boolean async, CancellationToken cancellationToken)
         at System.Net.Http.RedirectHandler.SendAsync(HttpRequestMessage request, Boolean async, CancellationToken cancellationToken)
         at Microsoft.Extensions.Http.Logging.LoggingHttpMessageHandler.<SendCoreAsync>g__Core|4_0(HttpRequestMessage request, Boolean useAsync, CancellationToken cancellationToken)
         at Microsoft.Extensions.Http.Logging.LoggingScopeHttpMessageHandler.<SendCoreAsync>g__Core|4_0(HttpRequestMessage request, Boolean useAsync, CancellationToken cancellationToken)
         at System.Net.Http.HttpClient.<SendAsync>g__Core|83_0(HttpRequestMessage request, HttpCompletionOption completionOption, CancellationTokenSource cts, Boolean disposeCts, CancellationTokenSource pendingRequestsCts, CancellationToken originalCancellationToken)
         at Chatbot.Sst.Infrastructure.Dispatch.HttpChatbotDispatchClient.DispatchAsync(ChatQuestionSubmission submission, CancellationToken cancellationToken) in C:\Users\jvrincon\Documents\chatbot_aplicado_sst\app\back\src\Chatbot.Sst.Infrastructure\Dispatch\HttpChatbotDispatchClient.cs:line 53
         at Chatbot.Sst.Application.ChatDispatchCoordinator.SubmitAsync(ChatQuestionSubmission submission, CancellationToken cancellationToken) in C:\Users\jvrincon\Documents\chatbot_aplicado_sst\app\back\src\Chatbot.Sst.Application\ChatDispatchCoordinator.cs:line 38
         at Program.<>c.<<<Main>$>b__0_1>d.MoveNext() in C:\Users\jvrincon\Documents\chatbot_aplicado_sst\app\back\src\Chatbot.Sst.Api\Program.cs:line 62
      --- End of stack trace from previous location ---
         at Microsoft.AspNetCore.Http.RequestDelegateFactory.ExecuteTaskResult[T](Task`1 task, HttpContext httpContext)
         at Microsoft.AspNetCore.Http.RequestDelegateFactory.<>c__DisplayClass102_2.<<HandleRequestBodyAndCompileRequestDelegateForJson>b__2>d.MoveNext()
      --- End of stack trace from previous location ---
         at Microsoft.AspNetCore.Diagnostics.DeveloperExceptionPageMiddlewareImpl.Invoke(HttpContext context)
info: System.Net.Http.HttpClient.IChatbotDispatchClient.LogicalHandler[100]
      Start processing HTTP request GET http://127.0.0.1:8765/api/platform/projects/proj_sst-general/releases?*
info: System.Net.Http.HttpClient.IChatbotDispatchClient.ClientHandler[100]
      Sending HTTP request GET http://127.0.0.1:8765/api/platform/projects/proj_sst-general/releases?*
info: System.Net.Http.HttpClient.IChatbotDispatchClient.ClientHandler[101]
      Received HTTP response headers after 7.936ms - 200
info: System.Net.Http.HttpClient.IChatbotDispatchClient.LogicalHandler[101]
      End processing HTTP request after 7.9733ms - 200
[ChatbotDispatch DEBUG] POST /api/chatbot/questions body={"project_id":"proj_sst-general","rag_variant_id":"ragv_local-bge","rag_release_id":"ragr_1d2f9c1a4f444da0","question":"Cual es el objetivo general del manual de convivencia laboral?","conversation_id":"conv_chunks_20260828172002","message_id":"msg_chunks_20260828172200_54","top_k":8}
info: System.Net.Http.HttpClient.IChatbotDispatchClient.LogicalHandler[100]
      Start processing HTTP request POST http://127.0.0.1:8765/api/chatbot/questions
info: System.Net.Http.HttpClient.IChatbotDispatchClient.ClientHandler[100]
      Sending HTTP request POST http://127.0.0.1:8765/api/chatbot/questions
info: System.Net.Http.HttpClient.IChatbotDispatchClient.ClientHandler[104]
      HTTP request failed after 0.8787ms
      System.Net.Http.HttpRequestException: An error occurred while sending the request.
       ---> System.Net.Http.HttpIOException: The response ended prematurely. (ResponseEnded)
         at System.Net.Http.HttpConnection.SendAsync(HttpRequestMessage request, Boolean async, CancellationToken cancellationToken)
         --- End of inner exception stack trace ---
         at System.Net.Http.HttpConnection.SendAsync(HttpRequestMessage request, Boolean async, CancellationToken cancellationToken)
         at System.Net.Http.HttpConnectionPool.SendWithVersionDetectionAndRetryAsync(HttpRequestMessage request, Boolean async, Boolean doRequestAuth, CancellationToken cancellationToken)
         at System.Net.Http.DiagnosticsHandler.SendAsyncCore(HttpRequestMessage request, Boolean async, CancellationToken cancellationToken)
         at System.Net.Http.RedirectHandler.SendAsync(HttpRequestMessage request, Boolean async, CancellationToken cancellationToken)
         at Microsoft.Extensions.Http.Logging.LoggingHttpMessageHandler.<SendCoreAsync>g__Core|4_0(HttpRequestMessage request, Boolean useAsync, CancellationToken cancellationToken)
info: System.Net.Http.HttpClient.IChatbotDispatchClient.LogicalHandler[104]
      HTTP request failed after 1.6616ms
      System.Net.Http.HttpRequestException: An error occurred while sending the request.
       ---> System.Net.Http.HttpIOException: The response ended prematurely. (ResponseEnded)
         at System.Net.Http.HttpConnection.SendAsync(HttpRequestMessage request, Boolean async, CancellationToken cancellationToken)
         --- End of inner exception stack trace ---
         at System.Net.Http.HttpConnection.SendAsync(HttpRequestMessage request, Boolean async, CancellationToken cancellationToken)
         at System.Net.Http.HttpConnectionPool.SendWithVersionDetectionAndRetryAsync(HttpRequestMessage request, Boolean async, Boolean doRequestAuth, CancellationToken cancellationToken)
         at System.Net.Http.DiagnosticsHandler.SendAsyncCore(HttpRequestMessage request, Boolean async, CancellationToken cancellationToken)
         at System.Net.Http.RedirectHandler.SendAsync(HttpRequestMessage request, Boolean async, CancellationToken cancellationToken)
         at Microsoft.Extensions.Http.Logging.LoggingHttpMessageHandler.<SendCoreAsync>g__Core|4_0(HttpRequestMessage request, Boolean useAsync, CancellationToken cancellationToken)
         at Microsoft.Extensions.Http.Logging.LoggingScopeHttpMessageHandler.<SendCoreAsync>g__Core|4_0(HttpRequestMessage request, Boolean useAsync, CancellationToken cancellationToken)
fail: Microsoft.AspNetCore.Diagnostics.DeveloperExceptionPageMiddleware[1]
      An unhandled exception has occurred while executing the request.
      System.Net.Http.HttpRequestException: An error occurred while sending the request.
       ---> System.Net.Http.HttpIOException: The response ended prematurely. (ResponseEnded)
         at System.Net.Http.HttpConnection.SendAsync(HttpRequestMessage request, Boolean async, CancellationToken cancellationToken)
         --- End of inner exception stack trace ---
         at System.Net.Http.HttpConnection.SendAsync(HttpRequestMessage request, Boolean async, CancellationToken cancellationToken)
         at System.Net.Http.HttpConnectionPool.SendWithVersionDetectionAndRetryAsync(HttpRequestMessage request, Boolean async, Boolean doRequestAuth, CancellationToken cancellationToken)
         at System.Net.Http.DiagnosticsHandler.SendAsyncCore(HttpRequestMessage request, Boolean async, CancellationToken cancellationToken)
         at System.Net.Http.RedirectHandler.SendAsync(HttpRequestMessage request, Boolean async, CancellationToken cancellationToken)
         at Microsoft.Extensions.Http.Logging.LoggingHttpMessageHandler.<SendCoreAsync>g__Core|4_0(HttpRequestMessage request, Boolean useAsync, CancellationToken cancellationToken)
         at Microsoft.Extensions.Http.Logging.LoggingScopeHttpMessageHandler.<SendCoreAsync>g__Core|4_0(HttpRequestMessage request, Boolean useAsync, CancellationToken cancellationToken)
         at System.Net.Http.HttpClient.<SendAsync>g__Core|83_0(HttpRequestMessage request, HttpCompletionOption completionOption, CancellationTokenSource cts, Boolean disposeCts, CancellationTokenSource pendingRequestsCts, CancellationToken originalCancellationToken)
         at Chatbot.Sst.Infrastructure.Dispatch.HttpChatbotDispatchClient.DispatchAsync(ChatQuestionSubmission submission, CancellationToken cancellationToken) in C:\Users\jvrincon\Documents\chatbot_aplicado_sst\app\back\src\Chatbot.Sst.Infrastructure\Dispatch\HttpChatbotDispatchClient.cs:line 53
         at Chatbot.Sst.Application.ChatDispatchCoordinator.SubmitAsync(ChatQuestionSubmission submission, CancellationToken cancellationToken) in C:\Users\jvrincon\Documents\chatbot_aplicado_sst\app\back\src\Chatbot.Sst.Application\ChatDispatchCoordinator.cs:line 38
         at Program.<>c.<<<Main>$>b__0_1>d.MoveNext() in C:\Users\jvrincon\Documents\chatbot_aplicado_sst\app\back\src\Chatbot.Sst.Api\Program.cs:line 62
      --- End of stack trace from previous location ---
         at Microsoft.AspNetCore.Http.RequestDelegateFactory.ExecuteTaskResult[T](Task`1 task, HttpContext httpContext)
         at Microsoft.AspNetCore.Http.RequestDelegateFactory.<>c__DisplayClass102_2.<<HandleRequestBodyAndCompileRequestDelegateForJson>b__2>d.MoveNext()
      --- End of stack trace from previous location ---
         at Microsoft.AspNetCore.Diagnostics.DeveloperExceptionPageMiddlewareImpl.Invoke(HttpContext context)
info: System.Net.Http.HttpClient.IChatbotDispatchClient.LogicalHandler[100]
      Start processing HTTP request GET http://127.0.0.1:8765/api/platform/projects/proj_sst-general/releases?*
info: System.Net.Http.HttpClient.IChatbotDispatchClient.ClientHandler[100]
      Sending HTTP request GET http://127.0.0.1:8765/api/platform/projects/proj_sst-general/releases?*
info: System.Net.Http.HttpClient.IChatbotDispatchClient.ClientHandler[101]
      Received HTTP response headers after 7.7473ms - 200
info: System.Net.Http.HttpClient.IChatbotDispatchClient.LogicalHandler[101]
      End processing HTTP request after 7.9362ms - 200
[ChatbotDispatch DEBUG] POST /api/chatbot/questions body={"project_id":"proj_sst-general","rag_variant_id":"ragv_local-bge","rag_release_id":"ragr_1d2f9c1a4f444da0","question":"Cuales son los objetivos especificos del manual de convivencia?","conversation_id":"conv_chunks_20260828172002","message_id":"msg_chunks_20260828172200_55","top_k":8}
info: System.Net.Http.HttpClient.IChatbotDispatchClient.LogicalHandler[100]
      Start processing HTTP request POST http://127.0.0.1:8765/api/chatbot/questions
info: System.Net.Http.HttpClient.IChatbotDispatchClient.ClientHandler[100]
      Sending HTTP request POST http://127.0.0.1:8765/api/chatbot/questions
info: System.Net.Http.HttpClient.ILlmProvider.LogicalHandler[100]
      Start processing HTTP request POST http://127.0.0.1:8001/v1/chat/completions
info: System.Net.Http.HttpClient.ILlmProvider.ClientHandler[100]
      Sending HTTP request POST http://127.0.0.1:8001/v1/chat/completions
info: System.Net.Http.HttpClient.ILlmProvider.ClientHandler[104]
      HTTP request failed after 2027.5522ms
      System.Net.Http.HttpRequestException: No se puede establecer una conexión ya que el equipo de destino denegó expresamente dicha conexión. (127.0.0.1:8001)
       ---> System.Net.Sockets.SocketException (10061): No se puede establecer una conexión ya que el equipo de destino denegó expresamente dicha conexión.
         at System.Net.Sockets.Socket.AwaitableSocketAsyncEventArgs.System.Threading.Tasks.Sources.IValueTaskSource.GetResult(Int16 token)
         at System.Net.Http.HttpConnectionPool.ConnectToTcpHostAsync(String host, Int32 port, HttpRequestMessage initialRequest, Boolean async, CancellationToken cancellationToken)
         --- End of inner exception stack trace ---
         at System.Net.Http.HttpConnectionPool.ConnectToTcpHostAsync(String host, Int32 port, HttpRequestMessage initialRequest, Boolean async, CancellationToken cancellationToken)
         at System.Net.Http.HttpConnectionPool.ConnectAsync(HttpRequestMessage request, Boolean async, CancellationToken cancellationToken)
         at System.Net.Http.HttpConnectionPool.CreateHttp11ConnectionAsync(HttpRequestMessage request, Boolean async, CancellationToken cancellationToken)
         at System.Net.Http.HttpConnectionPool.InjectNewHttp11ConnectionAsync(QueueItem queueItem)
         at System.Threading.Tasks.TaskCompletionSourceWithCancellation`1.WaitWithCancellationAsync(CancellationToken cancellationToken)
         at System.Net.Http.HttpConnectionPool.SendWithVersionDetectionAndRetryAsync(HttpRequestMessage request, Boolean async, Boolean doRequestAuth, CancellationToken cancellationToken)
         at System.Net.Http.DiagnosticsHandler.SendAsyncCore(HttpRequestMessage request, Boolean async, CancellationToken cancellationToken)
         at System.Net.Http.RedirectHandler.SendAsync(HttpRequestMessage request, Boolean async, CancellationToken cancellationToken)
         at Microsoft.Extensions.Http.Logging.LoggingHttpMessageHandler.<SendCoreAsync>g__Core|4_0(HttpRequestMessage request, Boolean useAsync, CancellationToken cancellationToken)
info: System.Net.Http.HttpClient.ILlmProvider.LogicalHandler[104]
      HTTP request failed after 2027.7576ms
      System.Net.Http.HttpRequestException: No se puede establecer una conexión ya que el equipo de destino denegó expresamente dicha conexión. (127.0.0.1:8001)
       ---> System.Net.Sockets.SocketException (10061): No se puede establecer una conexión ya que el equipo de destino denegó expresamente dicha conexión.
         at System.Net.Sockets.Socket.AwaitableSocketAsyncEventArgs.System.Threading.Tasks.Sources.IValueTaskSource.GetResult(Int16 token)
         at System.Net.Http.HttpConnectionPool.ConnectToTcpHostAsync(String host, Int32 port, HttpRequestMessage initialRequest, Boolean async, CancellationToken cancellationToken)
         --- End of inner exception stack trace ---
         at System.Net.Http.HttpConnectionPool.ConnectToTcpHostAsync(String host, Int32 port, HttpRequestMessage initialRequest, Boolean async, CancellationToken cancellationToken)
         at System.Net.Http.HttpConnectionPool.ConnectAsync(HttpRequestMessage request, Boolean async, CancellationToken cancellationToken)
         at System.Net.Http.HttpConnectionPool.CreateHttp11ConnectionAsync(HttpRequestMessage request, Boolean async, CancellationToken cancellationToken)
         at System.Net.Http.HttpConnectionPool.InjectNewHttp11ConnectionAsync(QueueItem queueItem)
         at System.Threading.Tasks.TaskCompletionSourceWithCancellation`1.WaitWithCancellationAsync(CancellationToken cancellationToken)
         at System.Net.Http.HttpConnectionPool.SendWithVersionDetectionAndRetryAsync(HttpRequestMessage request, Boolean async, Boolean doRequestAuth, CancellationToken cancellationToken)
         at System.Net.Http.DiagnosticsHandler.SendAsyncCore(HttpRequestMessage request, Boolean async, CancellationToken cancellationToken)
         at System.Net.Http.RedirectHandler.SendAsync(HttpRequestMessage request, Boolean async, CancellationToken cancellationToken)
         at Microsoft.Extensions.Http.Logging.LoggingHttpMessageHandler.<SendCoreAsync>g__Core|4_0(HttpRequestMessage request, Boolean useAsync, CancellationToken cancellationToken)
         at Microsoft.Extensions.Http.Logging.LoggingScopeHttpMessageHandler.<SendCoreAsync>g__Core|4_0(HttpRequestMessage request, Boolean useAsync, CancellationToken cancellationToken)
info: System.Net.Http.HttpClient.IChatbotDispatchClient.ClientHandler[101]
      Received HTTP response headers after 9095.433ms - 502
info: System.Net.Http.HttpClient.IChatbotDispatchClient.LogicalHandler[101]
      End processing HTTP request after 9095.4744ms - 502
info: System.Net.Http.HttpClient.IChatbotDispatchClient.LogicalHandler[100]
      Start processing HTTP request GET http://127.0.0.1:8765/api/platform/projects/proj_sst-general/releases?*
info: System.Net.Http.HttpClient.IChatbotDispatchClient.ClientHandler[100]
      Sending HTTP request GET http://127.0.0.1:8765/api/platform/projects/proj_sst-general/releases?*
info: System.Net.Http.HttpClient.IChatbotDispatchClient.ClientHandler[101]
      Received HTTP response headers after 76.8057ms - 200
info: System.Net.Http.HttpClient.IChatbotDispatchClient.LogicalHandler[101]
      End processing HTTP request after 76.8746ms - 200
[ChatbotDispatch DEBUG] POST /api/chatbot/questions body={"project_id":"proj_sst-general","rag_variant_id":"ragv_local-bge","rag_release_id":"ragr_1d2f9c1a4f444da0","question":"En cuanto tiempo debe el Comite de Convivencia dar tramite a una queja?","conversation_id":"conv_chunks_20260828172002","message_id":"msg_chunks_20260828172209_56","top_k":8}
info: System.Net.Http.HttpClient.IChatbotDispatchClient.LogicalHandler[100]
      Start processing HTTP request POST http://127.0.0.1:8765/api/chatbot/questions
info: System.Net.Http.HttpClient.IChatbotDispatchClient.ClientHandler[100]
      Sending HTTP request POST http://127.0.0.1:8765/api/chatbot/questions
info: System.Net.Http.HttpClient.IChatbotDispatchClient.ClientHandler[104]
      HTTP request failed after 0.607ms
      System.Net.Http.HttpRequestException: An error occurred while sending the request.
       ---> System.Net.Http.HttpIOException: The response ended prematurely. (ResponseEnded)
         at System.Net.Http.HttpConnection.SendAsync(HttpRequestMessage request, Boolean async, CancellationToken cancellationToken)
         --- End of inner exception stack trace ---
         at System.Net.Http.HttpConnection.SendAsync(HttpRequestMessage request, Boolean async, CancellationToken cancellationToken)
         at System.Net.Http.HttpConnectionPool.SendWithVersionDetectionAndRetryAsync(HttpRequestMessage request, Boolean async, Boolean doRequestAuth, CancellationToken cancellationToken)
         at System.Net.Http.DiagnosticsHandler.SendAsyncCore(HttpRequestMessage request, Boolean async, CancellationToken cancellationToken)
         at System.Net.Http.RedirectHandler.SendAsync(HttpRequestMessage request, Boolean async, CancellationToken cancellationToken)
         at Microsoft.Extensions.Http.Logging.LoggingHttpMessageHandler.<SendCoreAsync>g__Core|4_0(HttpRequestMessage request, Boolean useAsync, CancellationToken cancellationToken)
info: System.Net.Http.HttpClient.IChatbotDispatchClient.LogicalHandler[104]
      HTTP request failed after 0.6921ms
      System.Net.Http.HttpRequestException: An error occurred while sending the request.
       ---> System.Net.Http.HttpIOException: The response ended prematurely. (ResponseEnded)
         at System.Net.Http.HttpConnection.SendAsync(HttpRequestMessage request, Boolean async, CancellationToken cancellationToken)
         --- End of inner exception stack trace ---
         at System.Net.Http.HttpConnection.SendAsync(HttpRequestMessage request, Boolean async, CancellationToken cancellationToken)
         at System.Net.Http.HttpConnectionPool.SendWithVersionDetectionAndRetryAsync(HttpRequestMessage request, Boolean async, Boolean doRequestAuth, CancellationToken cancellationToken)
         at System.Net.Http.DiagnosticsHandler.SendAsyncCore(HttpRequestMessage request, Boolean async, CancellationToken cancellationToken)
         at System.Net.Http.RedirectHandler.SendAsync(HttpRequestMessage request, Boolean async, CancellationToken cancellationToken)
         at Microsoft.Extensions.Http.Logging.LoggingHttpMessageHandler.<SendCoreAsync>g__Core|4_0(HttpRequestMessage request, Boolean useAsync, CancellationToken cancellationToken)
         at Microsoft.Extensions.Http.Logging.LoggingScopeHttpMessageHandler.<SendCoreAsync>g__Core|4_0(HttpRequestMessage request, Boolean useAsync, CancellationToken cancellationToken)
fail: Microsoft.AspNetCore.Diagnostics.DeveloperExceptionPageMiddleware[1]
      An unhandled exception has occurred while executing the request.
      System.Net.Http.HttpRequestException: An error occurred while sending the request.
       ---> System.Net.Http.HttpIOException: The response ended prematurely. (ResponseEnded)
         at System.Net.Http.HttpConnection.SendAsync(HttpRequestMessage request, Boolean async, CancellationToken cancellationToken)
         --- End of inner exception stack trace ---
         at System.Net.Http.HttpConnection.SendAsync(HttpRequestMessage request, Boolean async, CancellationToken cancellationToken)
         at System.Net.Http.HttpConnectionPool.SendWithVersionDetectionAndRetryAsync(HttpRequestMessage request, Boolean async, Boolean doRequestAuth, CancellationToken cancellationToken)
         at System.Net.Http.DiagnosticsHandler.SendAsyncCore(HttpRequestMessage request, Boolean async, CancellationToken cancellationToken)
         at System.Net.Http.RedirectHandler.SendAsync(HttpRequestMessage request, Boolean async, CancellationToken cancellationToken)
         at Microsoft.Extensions.Http.Logging.LoggingHttpMessageHandler.<SendCoreAsync>g__Core|4_0(HttpRequestMessage request, Boolean useAsync, CancellationToken cancellationToken)
         at Microsoft.Extensions.Http.Logging.LoggingScopeHttpMessageHandler.<SendCoreAsync>g__Core|4_0(HttpRequestMessage request, Boolean useAsync, CancellationToken cancellationToken)
         at System.Net.Http.HttpClient.<SendAsync>g__Core|83_0(HttpRequestMessage request, HttpCompletionOption completionOption, CancellationTokenSource cts, Boolean disposeCts, CancellationTokenSource pendingRequestsCts, CancellationToken originalCancellationToken)
         at Chatbot.Sst.Infrastructure.Dispatch.HttpChatbotDispatchClient.DispatchAsync(ChatQuestionSubmission submission, CancellationToken cancellationToken) in C:\Users\jvrincon\Documents\chatbot_aplicado_sst\app\back\src\Chatbot.Sst.Infrastructure\Dispatch\HttpChatbotDispatchClient.cs:line 53
         at Chatbot.Sst.Application.ChatDispatchCoordinator.SubmitAsync(ChatQuestionSubmission submission, CancellationToken cancellationToken) in C:\Users\jvrincon\Documents\chatbot_aplicado_sst\app\back\src\Chatbot.Sst.Application\ChatDispatchCoordinator.cs:line 38
         at Program.<>c.<<<Main>$>b__0_1>d.MoveNext() in C:\Users\jvrincon\Documents\chatbot_aplicado_sst\app\back\src\Chatbot.Sst.Api\Program.cs:line 62
      --- End of stack trace from previous location ---
         at Microsoft.AspNetCore.Http.RequestDelegateFactory.ExecuteTaskResult[T](Task`1 task, HttpContext httpContext)
         at Microsoft.AspNetCore.Http.RequestDelegateFactory.<>c__DisplayClass102_2.<<HandleRequestBodyAndCompileRequestDelegateForJson>b__2>d.MoveNext()
      --- End of stack trace from previous location ---
         at Microsoft.AspNetCore.Diagnostics.DeveloperExceptionPageMiddlewareImpl.Invoke(HttpContext context)
info: System.Net.Http.HttpClient.IChatbotDispatchClient.LogicalHandler[100]
      Start processing HTTP request GET http://127.0.0.1:8765/api/platform/projects/proj_sst-general/releases?*
info: System.Net.Http.HttpClient.IChatbotDispatchClient.ClientHandler[100]
      Sending HTTP request GET http://127.0.0.1:8765/api/platform/projects/proj_sst-general/releases?*
info: System.Net.Http.HttpClient.IChatbotDispatchClient.ClientHandler[101]
      Received HTTP response headers after 7.0722ms - 200
info: System.Net.Http.HttpClient.IChatbotDispatchClient.LogicalHandler[101]
      End processing HTTP request after 7.1019ms - 200
[ChatbotDispatch DEBUG] POST /api/chatbot/questions body={"project_id":"proj_sst-general","rag_variant_id":"ragv_local-bge","rag_release_id":"ragr_1d2f9c1a4f444da0","question":"Que ocurre si un integrante del Comite de Convivencia es parte de una queja o investigacion?","conversation_id":"conv_chunks_20260828172002","message_id":"msg_chunks_20260828172209_57","top_k":8}
info: System.Net.Http.HttpClient.IChatbotDispatchClient.LogicalHandler[100]
      Start processing HTTP request POST http://127.0.0.1:8765/api/chatbot/questions
info: System.Net.Http.HttpClient.IChatbotDispatchClient.ClientHandler[100]
      Sending HTTP request POST http://127.0.0.1:8765/api/chatbot/questions
info: System.Net.Http.HttpClient.IChatbotDispatchClient.ClientHandler[104]
      HTTP request failed after 0.4942ms
      System.Net.Http.HttpRequestException: An error occurred while sending the request.
       ---> System.Net.Http.HttpIOException: The response ended prematurely. (ResponseEnded)
         at System.Net.Http.HttpConnection.SendAsync(HttpRequestMessage request, Boolean async, CancellationToken cancellationToken)
         --- End of inner exception stack trace ---
         at System.Net.Http.HttpConnection.SendAsync(HttpRequestMessage request, Boolean async, CancellationToken cancellationToken)
         at System.Net.Http.HttpConnectionPool.SendWithVersionDetectionAndRetryAsync(HttpRequestMessage request, Boolean async, Boolean doRequestAuth, CancellationToken cancellationToken)
         at System.Net.Http.DiagnosticsHandler.SendAsyncCore(HttpRequestMessage request, Boolean async, CancellationToken cancellationToken)
         at System.Net.Http.RedirectHandler.SendAsync(HttpRequestMessage request, Boolean async, CancellationToken cancellationToken)
         at Microsoft.Extensions.Http.Logging.LoggingHttpMessageHandler.<SendCoreAsync>g__Core|4_0(HttpRequestMessage request, Boolean useAsync, CancellationToken cancellationToken)
info: System.Net.Http.HttpClient.IChatbotDispatchClient.LogicalHandler[104]
      HTTP request failed after 0.5721ms
      System.Net.Http.HttpRequestException: An error occurred while sending the request.
       ---> System.Net.Http.HttpIOException: The response ended prematurely. (ResponseEnded)
         at System.Net.Http.HttpConnection.SendAsync(HttpRequestMessage request, Boolean async, CancellationToken cancellationToken)
         --- End of inner exception stack trace ---
         at System.Net.Http.HttpConnection.SendAsync(HttpRequestMessage request, Boolean async, CancellationToken cancellationToken)
         at System.Net.Http.HttpConnectionPool.SendWithVersionDetectionAndRetryAsync(HttpRequestMessage request, Boolean async, Boolean doRequestAuth, CancellationToken cancellationToken)
         at System.Net.Http.DiagnosticsHandler.SendAsyncCore(HttpRequestMessage request, Boolean async, CancellationToken cancellationToken)
         at System.Net.Http.RedirectHandler.SendAsync(HttpRequestMessage request, Boolean async, CancellationToken cancellationToken)
         at Microsoft.Extensions.Http.Logging.LoggingHttpMessageHandler.<SendCoreAsync>g__Core|4_0(HttpRequestMessage request, Boolean useAsync, CancellationToken cancellationToken)
         at Microsoft.Extensions.Http.Logging.LoggingScopeHttpMessageHandler.<SendCoreAsync>g__Core|4_0(HttpRequestMessage request, Boolean useAsync, CancellationToken cancellationToken)
fail: Microsoft.AspNetCore.Diagnostics.DeveloperExceptionPageMiddleware[1]
      An unhandled exception has occurred while executing the request.
      System.Net.Http.HttpRequestException: An error occurred while sending the request.
       ---> System.Net.Http.HttpIOException: The response ended prematurely. (ResponseEnded)
         at System.Net.Http.HttpConnection.SendAsync(HttpRequestMessage request, Boolean async, CancellationToken cancellationToken)
         --- End of inner exception stack trace ---
         at System.Net.Http.HttpConnection.SendAsync(HttpRequestMessage request, Boolean async, CancellationToken cancellationToken)
         at System.Net.Http.HttpConnectionPool.SendWithVersionDetectionAndRetryAsync(HttpRequestMessage request, Boolean async, Boolean doRequestAuth, CancellationToken cancellationToken)
         at System.Net.Http.DiagnosticsHandler.SendAsyncCore(HttpRequestMessage request, Boolean async, CancellationToken cancellationToken)
         at System.Net.Http.RedirectHandler.SendAsync(HttpRequestMessage request, Boolean async, CancellationToken cancellationToken)
         at Microsoft.Extensions.Http.Logging.LoggingHttpMessageHandler.<SendCoreAsync>g__Core|4_0(HttpRequestMessage request, Boolean useAsync, CancellationToken cancellationToken)
         at Microsoft.Extensions.Http.Logging.LoggingScopeHttpMessageHandler.<SendCoreAsync>g__Core|4_0(HttpRequestMessage request, Boolean useAsync, CancellationToken cancellationToken)
         at System.Net.Http.HttpClient.<SendAsync>g__Core|83_0(HttpRequestMessage request, HttpCompletionOption completionOption, CancellationTokenSource cts, Boolean disposeCts, CancellationTokenSource pendingRequestsCts, CancellationToken originalCancellationToken)
         at Chatbot.Sst.Infrastructure.Dispatch.HttpChatbotDispatchClient.DispatchAsync(ChatQuestionSubmission submission, CancellationToken cancellationToken) in C:\Users\jvrincon\Documents\chatbot_aplicado_sst\app\back\src\Chatbot.Sst.Infrastructure\Dispatch\HttpChatbotDispatchClient.cs:line 53
         at Chatbot.Sst.Application.ChatDispatchCoordinator.SubmitAsync(ChatQuestionSubmission submission, CancellationToken cancellationToken) in C:\Users\jvrincon\Documents\chatbot_aplicado_sst\app\back\src\Chatbot.Sst.Application\ChatDispatchCoordinator.cs:line 38
         at Program.<>c.<<<Main>$>b__0_1>d.MoveNext() in C:\Users\jvrincon\Documents\chatbot_aplicado_sst\app\back\src\Chatbot.Sst.Api\Program.cs:line 62
      --- End of stack trace from previous location ---
         at Microsoft.AspNetCore.Http.RequestDelegateFactory.ExecuteTaskResult[T](Task`1 task, HttpContext httpContext)
         at Microsoft.AspNetCore.Http.RequestDelegateFactory.<>c__DisplayClass102_2.<<HandleRequestBodyAndCompileRequestDelegateForJson>b__2>d.MoveNext()
      --- End of stack trace from previous location ---
         at Microsoft.AspNetCore.Diagnostics.DeveloperExceptionPageMiddlewareImpl.Invoke(HttpContext context)
info: System.Net.Http.HttpClient.IChatbotDispatchClient.LogicalHandler[100]
      Start processing HTTP request GET http://127.0.0.1:8765/api/platform/projects/proj_sst-general/releases?*
info: System.Net.Http.HttpClient.IChatbotDispatchClient.ClientHandler[100]
      Sending HTTP request GET http://127.0.0.1:8765/api/platform/projects/proj_sst-general/releases?*
info: System.Net.Http.HttpClient.IChatbotDispatchClient.ClientHandler[101]
      Received HTTP response headers after 7.2431ms - 200
info: System.Net.Http.HttpClient.IChatbotDispatchClient.LogicalHandler[101]
      End processing HTTP request after 7.2746ms - 200
[ChatbotDispatch DEBUG] POST /api/chatbot/questions body={"project_id":"proj_sst-general","rag_variant_id":"ragv_local-bge","rag_release_id":"ragr_1d2f9c1a4f444da0","question":"Por que la seguridad vial es una responsabilidad compartida?","conversation_id":"conv_chunks_20260828172002","message_id":"msg_chunks_20260828172209_58","top_k":8}
info: System.Net.Http.HttpClient.IChatbotDispatchClient.LogicalHandler[100]
      Start processing HTTP request POST http://127.0.0.1:8765/api/chatbot/questions
info: System.Net.Http.HttpClient.IChatbotDispatchClient.ClientHandler[100]
      Sending HTTP request POST http://127.0.0.1:8765/api/chatbot/questions
info: System.Net.Http.HttpClient.IChatbotDispatchClient.ClientHandler[104]
      HTTP request failed after 0.5081ms
      System.Net.Http.HttpRequestException: An error occurred while sending the request.
       ---> System.Net.Http.HttpIOException: The response ended prematurely. (ResponseEnded)
         at System.Net.Http.HttpConnection.SendAsync(HttpRequestMessage request, Boolean async, CancellationToken cancellationToken)
         --- End of inner exception stack trace ---
         at System.Net.Http.HttpConnection.SendAsync(HttpRequestMessage request, Boolean async, CancellationToken cancellationToken)
         at System.Net.Http.HttpConnectionPool.SendWithVersionDetectionAndRetryAsync(HttpRequestMessage request, Boolean async, Boolean doRequestAuth, CancellationToken cancellationToken)
         at System.Net.Http.DiagnosticsHandler.SendAsyncCore(HttpRequestMessage request, Boolean async, CancellationToken cancellationToken)
         at System.Net.Http.RedirectHandler.SendAsync(HttpRequestMessage request, Boolean async, CancellationToken cancellationToken)
         at Microsoft.Extensions.Http.Logging.LoggingHttpMessageHandler.<SendCoreAsync>g__Core|4_0(HttpRequestMessage request, Boolean useAsync, CancellationToken cancellationToken)
info: System.Net.Http.HttpClient.IChatbotDispatchClient.LogicalHandler[104]
      HTTP request failed after 0.5864ms
      System.Net.Http.HttpRequestException: An error occurred while sending the request.
       ---> System.Net.Http.HttpIOException: The response ended prematurely. (ResponseEnded)
         at System.Net.Http.HttpConnection.SendAsync(HttpRequestMessage request, Boolean async, CancellationToken cancellationToken)
         --- End of inner exception stack trace ---
         at System.Net.Http.HttpConnection.SendAsync(HttpRequestMessage request, Boolean async, CancellationToken cancellationToken)
         at System.Net.Http.HttpConnectionPool.SendWithVersionDetectionAndRetryAsync(HttpRequestMessage request, Boolean async, Boolean doRequestAuth, CancellationToken cancellationToken)
         at System.Net.Http.DiagnosticsHandler.SendAsyncCore(HttpRequestMessage request, Boolean async, CancellationToken cancellationToken)
         at System.Net.Http.RedirectHandler.SendAsync(HttpRequestMessage request, Boolean async, CancellationToken cancellationToken)
         at Microsoft.Extensions.Http.Logging.LoggingHttpMessageHandler.<SendCoreAsync>g__Core|4_0(HttpRequestMessage request, Boolean useAsync, CancellationToken cancellationToken)
         at Microsoft.Extensions.Http.Logging.LoggingScopeHttpMessageHandler.<SendCoreAsync>g__Core|4_0(HttpRequestMessage request, Boolean useAsync, CancellationToken cancellationToken)
fail: Microsoft.AspNetCore.Diagnostics.DeveloperExceptionPageMiddleware[1]
      An unhandled exception has occurred while executing the request.
      System.Net.Http.HttpRequestException: An error occurred while sending the request.
       ---> System.Net.Http.HttpIOException: The response ended prematurely. (ResponseEnded)
         at System.Net.Http.HttpConnection.SendAsync(HttpRequestMessage request, Boolean async, CancellationToken cancellationToken)
         --- End of inner exception stack trace ---
         at System.Net.Http.HttpConnection.SendAsync(HttpRequestMessage request, Boolean async, CancellationToken cancellationToken)
         at System.Net.Http.HttpConnectionPool.SendWithVersionDetectionAndRetryAsync(HttpRequestMessage request, Boolean async, Boolean doRequestAuth, CancellationToken cancellationToken)
         at System.Net.Http.DiagnosticsHandler.SendAsyncCore(HttpRequestMessage request, Boolean async, CancellationToken cancellationToken)
         at System.Net.Http.RedirectHandler.SendAsync(HttpRequestMessage request, Boolean async, CancellationToken cancellationToken)
         at Microsoft.Extensions.Http.Logging.LoggingHttpMessageHandler.<SendCoreAsync>g__Core|4_0(HttpRequestMessage request, Boolean useAsync, CancellationToken cancellationToken)
         at Microsoft.Extensions.Http.Logging.LoggingScopeHttpMessageHandler.<SendCoreAsync>g__Core|4_0(HttpRequestMessage request, Boolean useAsync, CancellationToken cancellationToken)
         at System.Net.Http.HttpClient.<SendAsync>g__Core|83_0(HttpRequestMessage request, HttpCompletionOption completionOption, CancellationTokenSource cts, Boolean disposeCts, CancellationTokenSource pendingRequestsCts, CancellationToken originalCancellationToken)
         at Chatbot.Sst.Infrastructure.Dispatch.HttpChatbotDispatchClient.DispatchAsync(ChatQuestionSubmission submission, CancellationToken cancellationToken) in C:\Users\jvrincon\Documents\chatbot_aplicado_sst\app\back\src\Chatbot.Sst.Infrastructure\Dispatch\HttpChatbotDispatchClient.cs:line 53
         at Chatbot.Sst.Application.ChatDispatchCoordinator.SubmitAsync(ChatQuestionSubmission submission, CancellationToken cancellationToken) in C:\Users\jvrincon\Documents\chatbot_aplicado_sst\app\back\src\Chatbot.Sst.Application\ChatDispatchCoordinator.cs:line 38
         at Program.<>c.<<<Main>$>b__0_1>d.MoveNext() in C:\Users\jvrincon\Documents\chatbot_aplicado_sst\app\back\src\Chatbot.Sst.Api\Program.cs:line 62
      --- End of stack trace from previous location ---
         at Microsoft.AspNetCore.Http.RequestDelegateFactory.ExecuteTaskResult[T](Task`1 task, HttpContext httpContext)
         at Microsoft.AspNetCore.Http.RequestDelegateFactory.<>c__DisplayClass102_2.<<HandleRequestBodyAndCompileRequestDelegateForJson>b__2>d.MoveNext()
      --- End of stack trace from previous location ---
         at Microsoft.AspNetCore.Diagnostics.DeveloperExceptionPageMiddlewareImpl.Invoke(HttpContext context)
info: System.Net.Http.HttpClient.IChatbotDispatchClient.LogicalHandler[100]
      Start processing HTTP request GET http://127.0.0.1:8765/api/platform/projects/proj_sst-general/releases?*
info: System.Net.Http.HttpClient.IChatbotDispatchClient.ClientHandler[100]
      Sending HTTP request GET http://127.0.0.1:8765/api/platform/projects/proj_sst-general/releases?*
info: System.Net.Http.HttpClient.IChatbotDispatchClient.ClientHandler[101]
      Received HTTP response headers after 6.6578ms - 200
info: System.Net.Http.HttpClient.IChatbotDispatchClient.LogicalHandler[101]
      End processing HTTP request after 6.6888ms - 200
[ChatbotDispatch DEBUG] POST /api/chatbot/questions body={"project_id":"proj_sst-general","rag_variant_id":"ragv_local-bge","rag_release_id":"ragr_1d2f9c1a4f444da0","question":"Que programa incluye el PESV para proteger actores viales vulnerables?","conversation_id":"conv_chunks_20260828172002","message_id":"msg_chunks_20260828172209_59","top_k":8}
info: System.Net.Http.HttpClient.IChatbotDispatchClient.LogicalHandler[100]
      Start processing HTTP request POST http://127.0.0.1:8765/api/chatbot/questions
info: System.Net.Http.HttpClient.IChatbotDispatchClient.ClientHandler[100]
      Sending HTTP request POST http://127.0.0.1:8765/api/chatbot/questions
info: System.Net.Http.HttpClient.IChatbotDispatchClient.ClientHandler[104]
      HTTP request failed after 0.767ms
      System.Net.Http.HttpRequestException: An error occurred while sending the request.
       ---> System.Net.Http.HttpIOException: The response ended prematurely. (ResponseEnded)
         at System.Net.Http.HttpConnection.SendAsync(HttpRequestMessage request, Boolean async, CancellationToken cancellationToken)
         --- End of inner exception stack trace ---
         at System.Net.Http.HttpConnection.SendAsync(HttpRequestMessage request, Boolean async, CancellationToken cancellationToken)
         at System.Net.Http.HttpConnectionPool.SendWithVersionDetectionAndRetryAsync(HttpRequestMessage request, Boolean async, Boolean doRequestAuth, CancellationToken cancellationToken)
         at System.Net.Http.DiagnosticsHandler.SendAsyncCore(HttpRequestMessage request, Boolean async, CancellationToken cancellationToken)
         at System.Net.Http.RedirectHandler.SendAsync(HttpRequestMessage request, Boolean async, CancellationToken cancellationToken)
         at Microsoft.Extensions.Http.Logging.LoggingHttpMessageHandler.<SendCoreAsync>g__Core|4_0(HttpRequestMessage request, Boolean useAsync, CancellationToken cancellationToken)
info: System.Net.Http.HttpClient.IChatbotDispatchClient.LogicalHandler[104]
      HTTP request failed after 0.8513ms
      System.Net.Http.HttpRequestException: An error occurred while sending the request.
       ---> System.Net.Http.HttpIOException: The response ended prematurely. (ResponseEnded)
         at System.Net.Http.HttpConnection.SendAsync(HttpRequestMessage request, Boolean async, CancellationToken cancellationToken)
         --- End of inner exception stack trace ---
         at System.Net.Http.HttpConnection.SendAsync(HttpRequestMessage request, Boolean async, CancellationToken cancellationToken)
         at System.Net.Http.HttpConnectionPool.SendWithVersionDetectionAndRetryAsync(HttpRequestMessage request, Boolean async, Boolean doRequestAuth, CancellationToken cancellationToken)
         at System.Net.Http.DiagnosticsHandler.SendAsyncCore(HttpRequestMessage request, Boolean async, CancellationToken cancellationToken)
         at System.Net.Http.RedirectHandler.SendAsync(HttpRequestMessage request, Boolean async, CancellationToken cancellationToken)
         at Microsoft.Extensions.Http.Logging.LoggingHttpMessageHandler.<SendCoreAsync>g__Core|4_0(HttpRequestMessage request, Boolean useAsync, CancellationToken cancellationToken)
         at Microsoft.Extensions.Http.Logging.LoggingScopeHttpMessageHandler.<SendCoreAsync>g__Core|4_0(HttpRequestMessage request, Boolean useAsync, CancellationToken cancellationToken)
fail: Microsoft.AspNetCore.Diagnostics.DeveloperExceptionPageMiddleware[1]
      An unhandled exception has occurred while executing the request.
      System.Net.Http.HttpRequestException: An error occurred while sending the request.
       ---> System.Net.Http.HttpIOException: The response ended prematurely. (ResponseEnded)
         at System.Net.Http.HttpConnection.SendAsync(HttpRequestMessage request, Boolean async, CancellationToken cancellationToken)
         --- End of inner exception stack trace ---
         at System.Net.Http.HttpConnection.SendAsync(HttpRequestMessage request, Boolean async, CancellationToken cancellationToken)
         at System.Net.Http.HttpConnectionPool.SendWithVersionDetectionAndRetryAsync(HttpRequestMessage request, Boolean async, Boolean doRequestAuth, CancellationToken cancellationToken)
         at System.Net.Http.DiagnosticsHandler.SendAsyncCore(HttpRequestMessage request, Boolean async, CancellationToken cancellationToken)
         at System.Net.Http.RedirectHandler.SendAsync(HttpRequestMessage request, Boolean async, CancellationToken cancellationToken)
         at Microsoft.Extensions.Http.Logging.LoggingHttpMessageHandler.<SendCoreAsync>g__Core|4_0(HttpRequestMessage request, Boolean useAsync, CancellationToken cancellationToken)
         at Microsoft.Extensions.Http.Logging.LoggingScopeHttpMessageHandler.<SendCoreAsync>g__Core|4_0(HttpRequestMessage request, Boolean useAsync, CancellationToken cancellationToken)
         at System.Net.Http.HttpClient.<SendAsync>g__Core|83_0(HttpRequestMessage request, HttpCompletionOption completionOption, CancellationTokenSource cts, Boolean disposeCts, CancellationTokenSource pendingRequestsCts, CancellationToken originalCancellationToken)
         at Chatbot.Sst.Infrastructure.Dispatch.HttpChatbotDispatchClient.DispatchAsync(ChatQuestionSubmission submission, CancellationToken cancellationToken) in C:\Users\jvrincon\Documents\chatbot_aplicado_sst\app\back\src\Chatbot.Sst.Infrastructure\Dispatch\HttpChatbotDispatchClient.cs:line 53
         at Chatbot.Sst.Application.ChatDispatchCoordinator.SubmitAsync(ChatQuestionSubmission submission, CancellationToken cancellationToken) in C:\Users\jvrincon\Documents\chatbot_aplicado_sst\app\back\src\Chatbot.Sst.Application\ChatDispatchCoordinator.cs:line 38
         at Program.<>c.<<<Main>$>b__0_1>d.MoveNext() in C:\Users\jvrincon\Documents\chatbot_aplicado_sst\app\back\src\Chatbot.Sst.Api\Program.cs:line 62
      --- End of stack trace from previous location ---
         at Microsoft.AspNetCore.Http.RequestDelegateFactory.ExecuteTaskResult[T](Task`1 task, HttpContext httpContext)
         at Microsoft.AspNetCore.Http.RequestDelegateFactory.<>c__DisplayClass102_2.<<HandleRequestBodyAndCompileRequestDelegateForJson>b__2>d.MoveNext()
      --- End of stack trace from previous location ---
         at Microsoft.AspNetCore.Diagnostics.DeveloperExceptionPageMiddlewareImpl.Invoke(HttpContext context)
info: System.Net.Http.HttpClient.IChatbotDispatchClient.LogicalHandler[100]
      Start processing HTTP request GET http://127.0.0.1:8765/api/platform/projects/proj_sst-general/releases?*
info: System.Net.Http.HttpClient.IChatbotDispatchClient.ClientHandler[100]
      Sending HTTP request GET http://127.0.0.1:8765/api/platform/projects/proj_sst-general/releases?*
info: System.Net.Http.HttpClient.IChatbotDispatchClient.ClientHandler[101]
      Received HTTP response headers after 6.8859ms - 200
info: System.Net.Http.HttpClient.IChatbotDispatchClient.LogicalHandler[101]
      End processing HTTP request after 6.9182ms - 200
[ChatbotDispatch DEBUG] POST /api/chatbot/questions body={"project_id":"proj_sst-general","rag_variant_id":"ragv_local-bge","rag_release_id":"ragr_1d2f9c1a4f444da0","question":"Que metodologia debe adoptar la empresa para mejorar continuamente la prevencion del riesgo vial?","conversation_id":"conv_chunks_20260828172002","message_id":"msg_chunks_20260828172209_60","top_k":8}
info: System.Net.Http.HttpClient.IChatbotDispatchClient.LogicalHandler[100]
      Start processing HTTP request POST http://127.0.0.1:8765/api/chatbot/questions
info: System.Net.Http.HttpClient.IChatbotDispatchClient.ClientHandler[100]
      Sending HTTP request POST http://127.0.0.1:8765/api/chatbot/questions
info: System.Net.Http.HttpClient.IChatbotDispatchClient.ClientHandler[104]
      HTTP request failed after 0.3809ms
      System.Net.Http.HttpRequestException: An error occurred while sending the request.
       ---> System.Net.Http.HttpIOException: The response ended prematurely. (ResponseEnded)
         at System.Net.Http.HttpConnection.SendAsync(HttpRequestMessage request, Boolean async, CancellationToken cancellationToken)
         --- End of inner exception stack trace ---
         at System.Net.Http.HttpConnection.SendAsync(HttpRequestMessage request, Boolean async, CancellationToken cancellationToken)
         at System.Net.Http.HttpConnectionPool.SendWithVersionDetectionAndRetryAsync(HttpRequestMessage request, Boolean async, Boolean doRequestAuth, CancellationToken cancellationToken)
         at System.Net.Http.DiagnosticsHandler.SendAsyncCore(HttpRequestMessage request, Boolean async, CancellationToken cancellationToken)
         at System.Net.Http.RedirectHandler.SendAsync(HttpRequestMessage request, Boolean async, CancellationToken cancellationToken)
         at Microsoft.Extensions.Http.Logging.LoggingHttpMessageHandler.<SendCoreAsync>g__Core|4_0(HttpRequestMessage request, Boolean useAsync, CancellationToken cancellationToken)
info: System.Net.Http.HttpClient.IChatbotDispatchClient.LogicalHandler[104]
      HTTP request failed after 0.4652ms
      System.Net.Http.HttpRequestException: An error occurred while sending the request.
       ---> System.Net.Http.HttpIOException: The response ended prematurely. (ResponseEnded)
         at System.Net.Http.HttpConnection.SendAsync(HttpRequestMessage request, Boolean async, CancellationToken cancellationToken)
         --- End of inner exception stack trace ---
         at System.Net.Http.HttpConnection.SendAsync(HttpRequestMessage request, Boolean async, CancellationToken cancellationToken)
         at System.Net.Http.HttpConnectionPool.SendWithVersionDetectionAndRetryAsync(HttpRequestMessage request, Boolean async, Boolean doRequestAuth, CancellationToken cancellationToken)
         at System.Net.Http.DiagnosticsHandler.SendAsyncCore(HttpRequestMessage request, Boolean async, CancellationToken cancellationToken)
         at System.Net.Http.RedirectHandler.SendAsync(HttpRequestMessage request, Boolean async, CancellationToken cancellationToken)
         at Microsoft.Extensions.Http.Logging.LoggingHttpMessageHandler.<SendCoreAsync>g__Core|4_0(HttpRequestMessage request, Boolean useAsync, CancellationToken cancellationToken)
         at Microsoft.Extensions.Http.Logging.LoggingScopeHttpMessageHandler.<SendCoreAsync>g__Core|4_0(HttpRequestMessage request, Boolean useAsync, CancellationToken cancellationToken)
fail: Microsoft.AspNetCore.Diagnostics.DeveloperExceptionPageMiddleware[1]
      An unhandled exception has occurred while executing the request.
      System.Net.Http.HttpRequestException: An error occurred while sending the request.
       ---> System.Net.Http.HttpIOException: The response ended prematurely. (ResponseEnded)
         at System.Net.Http.HttpConnection.SendAsync(HttpRequestMessage request, Boolean async, CancellationToken cancellationToken)
         --- End of inner exception stack trace ---
         at System.Net.Http.HttpConnection.SendAsync(HttpRequestMessage request, Boolean async, CancellationToken cancellationToken)
         at System.Net.Http.HttpConnectionPool.SendWithVersionDetectionAndRetryAsync(HttpRequestMessage request, Boolean async, Boolean doRequestAuth, CancellationToken cancellationToken)
         at System.Net.Http.DiagnosticsHandler.SendAsyncCore(HttpRequestMessage request, Boolean async, CancellationToken cancellationToken)
         at System.Net.Http.RedirectHandler.SendAsync(HttpRequestMessage request, Boolean async, CancellationToken cancellationToken)
         at Microsoft.Extensions.Http.Logging.LoggingHttpMessageHandler.<SendCoreAsync>g__Core|4_0(HttpRequestMessage request, Boolean useAsync, CancellationToken cancellationToken)
         at Microsoft.Extensions.Http.Logging.LoggingScopeHttpMessageHandler.<SendCoreAsync>g__Core|4_0(HttpRequestMessage request, Boolean useAsync, CancellationToken cancellationToken)
         at System.Net.Http.HttpClient.<SendAsync>g__Core|83_0(HttpRequestMessage request, HttpCompletionOption completionOption, CancellationTokenSource cts, Boolean disposeCts, CancellationTokenSource pendingRequestsCts, CancellationToken originalCancellationToken)
         at Chatbot.Sst.Infrastructure.Dispatch.HttpChatbotDispatchClient.DispatchAsync(ChatQuestionSubmission submission, CancellationToken cancellationToken) in C:\Users\jvrincon\Documents\chatbot_aplicado_sst\app\back\src\Chatbot.Sst.Infrastructure\Dispatch\HttpChatbotDispatchClient.cs:line 53
         at Chatbot.Sst.Application.ChatDispatchCoordinator.SubmitAsync(ChatQuestionSubmission submission, CancellationToken cancellationToken) in C:\Users\jvrincon\Documents\chatbot_aplicado_sst\app\back\src\Chatbot.Sst.Application\ChatDispatchCoordinator.cs:line 38
         at Program.<>c.<<<Main>$>b__0_1>d.MoveNext() in C:\Users\jvrincon\Documents\chatbot_aplicado_sst\app\back\src\Chatbot.Sst.Api\Program.cs:line 62
      --- End of stack trace from previous location ---
         at Microsoft.AspNetCore.Http.RequestDelegateFactory.ExecuteTaskResult[T](Task`1 task, HttpContext httpContext)
         at Microsoft.AspNetCore.Http.RequestDelegateFactory.<>c__DisplayClass102_2.<<HandleRequestBodyAndCompileRequestDelegateForJson>b__2>d.MoveNext()
      --- End of stack trace from previous location ---
         at Microsoft.AspNetCore.Diagnostics.DeveloperExceptionPageMiddlewareImpl.Invoke(HttpContext context)
info: System.Net.Http.HttpClient.IChatbotDispatchClient.LogicalHandler[100]
      Start processing HTTP request GET http://127.0.0.1:8765/api/platform/projects/proj_sst-general/releases?*
info: System.Net.Http.HttpClient.IChatbotDispatchClient.ClientHandler[100]
      Sending HTTP request GET http://127.0.0.1:8765/api/platform/projects/proj_sst-general/releases?*
info: System.Net.Http.HttpClient.IChatbotDispatchClient.ClientHandler[101]
      Received HTTP response headers after 6.7135ms - 200
info: System.Net.Http.HttpClient.IChatbotDispatchClient.LogicalHandler[101]
      End processing HTTP request after 6.746ms - 200
[ChatbotDispatch DEBUG] POST /api/chatbot/questions body={"project_id":"proj_sst-general","rag_variant_id":"ragv_local-bge","rag_release_id":"ragr_1d2f9c1a4f444da0","question":"Que medidas preventivas y correctivas contempla el reglamento interno frente al acoso laboral y sexual?","conversation_id":"conv_chunks_20260828172002","message_id":"msg_chunks_20260828172209_61","top_k":8}
info: System.Net.Http.HttpClient.IChatbotDispatchClient.LogicalHandler[100]
      Start processing HTTP request POST http://127.0.0.1:8765/api/chatbot/questions
info: System.Net.Http.HttpClient.IChatbotDispatchClient.ClientHandler[100]
      Sending HTTP request POST http://127.0.0.1:8765/api/chatbot/questions
info: System.Net.Http.HttpClient.IChatbotDispatchClient.ClientHandler[104]
      HTTP request failed after 0.4339ms
      System.Net.Http.HttpRequestException: An error occurred while sending the request.
       ---> System.Net.Http.HttpIOException: The response ended prematurely. (ResponseEnded)
         at System.Net.Http.HttpConnection.SendAsync(HttpRequestMessage request, Boolean async, CancellationToken cancellationToken)
         --- End of inner exception stack trace ---
         at System.Net.Http.HttpConnection.SendAsync(HttpRequestMessage request, Boolean async, CancellationToken cancellationToken)
         at System.Net.Http.HttpConnectionPool.SendWithVersionDetectionAndRetryAsync(HttpRequestMessage request, Boolean async, Boolean doRequestAuth, CancellationToken cancellationToken)
         at System.Net.Http.DiagnosticsHandler.SendAsyncCore(HttpRequestMessage request, Boolean async, CancellationToken cancellationToken)
         at System.Net.Http.RedirectHandler.SendAsync(HttpRequestMessage request, Boolean async, CancellationToken cancellationToken)
         at Microsoft.Extensions.Http.Logging.LoggingHttpMessageHandler.<SendCoreAsync>g__Core|4_0(HttpRequestMessage request, Boolean useAsync, CancellationToken cancellationToken)
info: System.Net.Http.HttpClient.IChatbotDispatchClient.LogicalHandler[104]
      HTTP request failed after 0.5241ms
      System.Net.Http.HttpRequestException: An error occurred while sending the request.
       ---> System.Net.Http.HttpIOException: The response ended prematurely. (ResponseEnded)
         at System.Net.Http.HttpConnection.SendAsync(HttpRequestMessage request, Boolean async, CancellationToken cancellationToken)
         --- End of inner exception stack trace ---
         at System.Net.Http.HttpConnection.SendAsync(HttpRequestMessage request, Boolean async, CancellationToken cancellationToken)
         at System.Net.Http.HttpConnectionPool.SendWithVersionDetectionAndRetryAsync(HttpRequestMessage request, Boolean async, Boolean doRequestAuth, CancellationToken cancellationToken)
         at System.Net.Http.DiagnosticsHandler.SendAsyncCore(HttpRequestMessage request, Boolean async, CancellationToken cancellationToken)
         at System.Net.Http.RedirectHandler.SendAsync(HttpRequestMessage request, Boolean async, CancellationToken cancellationToken)
         at Microsoft.Extensions.Http.Logging.LoggingHttpMessageHandler.<SendCoreAsync>g__Core|4_0(HttpRequestMessage request, Boolean useAsync, CancellationToken cancellationToken)
         at Microsoft.Extensions.Http.Logging.LoggingScopeHttpMessageHandler.<SendCoreAsync>g__Core|4_0(HttpRequestMessage request, Boolean useAsync, CancellationToken cancellationToken)
fail: Microsoft.AspNetCore.Diagnostics.DeveloperExceptionPageMiddleware[1]
      An unhandled exception has occurred while executing the request.
      System.Net.Http.HttpRequestException: An error occurred while sending the request.
       ---> System.Net.Http.HttpIOException: The response ended prematurely. (ResponseEnded)
         at System.Net.Http.HttpConnection.SendAsync(HttpRequestMessage request, Boolean async, CancellationToken cancellationToken)
         --- End of inner exception stack trace ---
         at System.Net.Http.HttpConnection.SendAsync(HttpRequestMessage request, Boolean async, CancellationToken cancellationToken)
         at System.Net.Http.HttpConnectionPool.SendWithVersionDetectionAndRetryAsync(HttpRequestMessage request, Boolean async, Boolean doRequestAuth, CancellationToken cancellationToken)
         at System.Net.Http.DiagnosticsHandler.SendAsyncCore(HttpRequestMessage request, Boolean async, CancellationToken cancellationToken)
         at System.Net.Http.RedirectHandler.SendAsync(HttpRequestMessage request, Boolean async, CancellationToken cancellationToken)
         at Microsoft.Extensions.Http.Logging.LoggingHttpMessageHandler.<SendCoreAsync>g__Core|4_0(HttpRequestMessage request, Boolean useAsync, CancellationToken cancellationToken)
         at Microsoft.Extensions.Http.Logging.LoggingScopeHttpMessageHandler.<SendCoreAsync>g__Core|4_0(HttpRequestMessage request, Boolean useAsync, CancellationToken cancellationToken)
         at System.Net.Http.HttpClient.<SendAsync>g__Core|83_0(HttpRequestMessage request, HttpCompletionOption completionOption, CancellationTokenSource cts, Boolean disposeCts, CancellationTokenSource pendingRequestsCts, CancellationToken originalCancellationToken)
         at Chatbot.Sst.Infrastructure.Dispatch.HttpChatbotDispatchClient.DispatchAsync(ChatQuestionSubmission submission, CancellationToken cancellationToken) in C:\Users\jvrincon\Documents\chatbot_aplicado_sst\app\back\src\Chatbot.Sst.Infrastructure\Dispatch\HttpChatbotDispatchClient.cs:line 53
         at Chatbot.Sst.Application.ChatDispatchCoordinator.SubmitAsync(ChatQuestionSubmission submission, CancellationToken cancellationToken) in C:\Users\jvrincon\Documents\chatbot_aplicado_sst\app\back\src\Chatbot.Sst.Application\ChatDispatchCoordinator.cs:line 38
         at Program.<>c.<<<Main>$>b__0_1>d.MoveNext() in C:\Users\jvrincon\Documents\chatbot_aplicado_sst\app\back\src\Chatbot.Sst.Api\Program.cs:line 62
      --- End of stack trace from previous location ---
         at Microsoft.AspNetCore.Http.RequestDelegateFactory.ExecuteTaskResult[T](Task`1 task, HttpContext httpContext)
         at Microsoft.AspNetCore.Http.RequestDelegateFactory.<>c__DisplayClass102_2.<<HandleRequestBodyAndCompileRequestDelegateForJson>b__2>d.MoveNext()
      --- End of stack trace from previous location ---
         at Microsoft.AspNetCore.Diagnostics.DeveloperExceptionPageMiddlewareImpl.Invoke(HttpContext context)
