Usando la configuración de inicio de C:\Users\jvrincon\Documents\chatbot_aplicado_sst\app\back\src\Chatbot.Sst.Api\Properties\launchSettings.json...
info: Microsoft.Hosting.Lifetime[14]
      Now listening on: http://localhost:5254
info: Microsoft.Hosting.Lifetime[0]
      Application started. Press Ctrl+C to shut down.
info: Microsoft.Hosting.Lifetime[0]
      Hosting environment: Development
info: Microsoft.Hosting.Lifetime[0]
      Content root path: C:\Users\jvrincon\Documents\chatbot_aplicado_sst\app\back\src\Chatbot.Sst.Api
warn: Microsoft.AspNetCore.HttpsPolicy.HttpsRedirectionMiddleware[3]
      Failed to determine the https port for redirect.
info: System.Net.Http.HttpClient.IChatbotDispatchClient.LogicalHandler[100]
      Start processing HTTP request GET http://127.0.0.1:8765/api/platform/projects/proj_sst-general/releases?*
info: System.Net.Http.HttpClient.IChatbotDispatchClient.ClientHandler[100]
      Sending HTTP request GET http://127.0.0.1:8765/api/platform/projects/proj_sst-general/releases?*
info: System.Net.Http.HttpClient.IChatbotDispatchClient.ClientHandler[101]
      Received HTTP response headers after 62.1686ms - 200
info: System.Net.Http.HttpClient.IChatbotDispatchClient.LogicalHandler[101]
      End processing HTTP request after 69.0812ms - 200
[ChatbotDispatch DEBUG] POST /api/chatbot/questions body={"project_id":"proj_sst-general","rag_variant_id":"ragv_local-bge","rag_release_id":"ragr_1d2f9c1a4f444da0","question":"Que establece la politica de seguridad y salud en el trabajo?","conversation_id":"conv_sanity_3","message_id":"msg_sanity_3","top_k":8}
info: System.Net.Http.HttpClient.IChatbotDispatchClient.LogicalHandler[100]
      Start processing HTTP request POST http://127.0.0.1:8765/api/chatbot/questions
info: System.Net.Http.HttpClient.IChatbotDispatchClient.ClientHandler[100]
      Sending HTTP request POST http://127.0.0.1:8765/api/chatbot/questions
info: System.Net.Http.HttpClient.ILlmProvider.LogicalHandler[100]
      Start processing HTTP request POST http://127.0.0.1:8001/v1/chat/completions
info: System.Net.Http.HttpClient.ILlmProvider.ClientHandler[100]
      Sending HTTP request POST http://127.0.0.1:8001/v1/chat/completions
info: System.Net.Http.HttpClient.ILlmProvider.ClientHandler[104]
      HTTP request failed after 2054.9696ms
      System.Net.Http.HttpRequestException: No se puede establecer una conexión ya que el equipo de destino denegó expresamente dicha conexión. (127.0.0.1:8001)
       ---> System.Net.Sockets.SocketException (10061): No se puede establecer una conexión ya que el equipo de destino denegó expresamente dicha conexión.
         at System.Net.Sockets.Socket.AwaitableSocketAsyncEventArgs.ThrowException(SocketError error, CancellationToken cancellationToken)
         at System.Net.Sockets.Socket.AwaitableSocketAsyncEventArgs.System.Threading.Tasks.Sources.IValueTaskSource.GetResult(Int16 token)
         at System.Net.Http.HttpConnectionPool.ConnectToTcpHostAsync(String host, Int32 port, HttpRequestMessage initialRequest, Boolean async, CancellationToken cancellationToken)
         --- End of inner exception stack trace ---
         at System.Net.Http.HttpConnectionPool.ConnectToTcpHostAsync(String host, Int32 port, HttpRequestMessage initialRequest, Boolean async, CancellationToken cancellationToken)
         at System.Net.Http.HttpConnectionPool.ConnectAsync(HttpRequestMessage request, Boolean async, CancellationToken cancellationToken)
         at System.Net.Http.HttpConnectionPool.CreateHttp11ConnectionAsync(HttpRequestMessage request, Boolean async, CancellationToken cancellationToken)
         at System.Net.Http.HttpConnectionPool.InjectNewHttp11ConnectionAsync(QueueItem queueItem)
         at System.Threading.Tasks.TaskCompletionSourceWithCancellation`1.WaitWithCancellationAsync(CancellationToken cancellationToken)
         at System.Net.Http.HttpConnectionPool.SendWithVersionDetectionAndRetryAsync(HttpRequestMessage request, Boolean async, Boolean doRequestAuth, CancellationToken cancellationToken)
         at System.Net.Http.DiagnosticsHandler.SendAsyncCore(HttpRequestMessage request, Boolean async, CancellationToken cancellationToken)
         at System.Net.Http.RedirectHandler.SendAsync(HttpRequestMessage request, Boolean async, CancellationToken cancellationToken)
         at System.Net.Http.SocketsHttpHandler.<SendAsync>g__CreateHandlerAndSendAsync|115_0(HttpRequestMessage request, CancellationToken cancellationToken)
         at Microsoft.Extensions.Http.Logging.LoggingHttpMessageHandler.<SendCoreAsync>g__Core|4_0(HttpRequestMessage request, Boolean useAsync, CancellationToken cancellationToken)
info: System.Net.Http.HttpClient.ILlmProvider.LogicalHandler[104]
      HTTP request failed after 2057.7143ms
      System.Net.Http.HttpRequestException: No se puede establecer una conexión ya que el equipo de destino denegó expresamente dicha conexión. (127.0.0.1:8001)
       ---> System.Net.Sockets.SocketException (10061): No se puede establecer una conexión ya que el equipo de destino denegó expresamente dicha conexión.
         at System.Net.Sockets.Socket.AwaitableSocketAsyncEventArgs.ThrowException(SocketError error, CancellationToken cancellationToken)
         at System.Net.Sockets.Socket.AwaitableSocketAsyncEventArgs.System.Threading.Tasks.Sources.IValueTaskSource.GetResult(Int16 token)
         at System.Net.Http.HttpConnectionPool.ConnectToTcpHostAsync(String host, Int32 port, HttpRequestMessage initialRequest, Boolean async, CancellationToken cancellationToken)
         --- End of inner exception stack trace ---
         at System.Net.Http.HttpConnectionPool.ConnectToTcpHostAsync(String host, Int32 port, HttpRequestMessage initialRequest, Boolean async, CancellationToken cancellationToken)
         at System.Net.Http.HttpConnectionPool.ConnectAsync(HttpRequestMessage request, Boolean async, CancellationToken cancellationToken)
         at System.Net.Http.HttpConnectionPool.CreateHttp11ConnectionAsync(HttpRequestMessage request, Boolean async, CancellationToken cancellationToken)
         at System.Net.Http.HttpConnectionPool.InjectNewHttp11ConnectionAsync(QueueItem queueItem)
         at System.Threading.Tasks.TaskCompletionSourceWithCancellation`1.WaitWithCancellationAsync(CancellationToken cancellationToken)
         at System.Net.Http.HttpConnectionPool.SendWithVersionDetectionAndRetryAsync(HttpRequestMessage request, Boolean async, Boolean doRequestAuth, CancellationToken cancellationToken)
         at System.Net.Http.DiagnosticsHandler.SendAsyncCore(HttpRequestMessage request, Boolean async, CancellationToken cancellationToken)
         at System.Net.Http.RedirectHandler.SendAsync(HttpRequestMessage request, Boolean async, CancellationToken cancellationToken)
         at System.Net.Http.SocketsHttpHandler.<SendAsync>g__CreateHandlerAndSendAsync|115_0(HttpRequestMessage request, CancellationToken cancellationToken)
         at Microsoft.Extensions.Http.Logging.LoggingHttpMessageHandler.<SendCoreAsync>g__Core|4_0(HttpRequestMessage request, Boolean useAsync, CancellationToken cancellationToken)
         at Microsoft.Extensions.Http.Logging.LoggingScopeHttpMessageHandler.<SendCoreAsync>g__Core|4_0(HttpRequestMessage request, Boolean useAsync, CancellationToken cancellationToken)
info: System.Net.Http.HttpClient.IChatbotDispatchClient.ClientHandler[101]
      Received HTTP response headers after 12017.5269ms - 502
info: System.Net.Http.HttpClient.IChatbotDispatchClient.LogicalHandler[101]
      End processing HTTP request after 12017.6369ms - 502
info: System.Net.Http.HttpClient.IChatbotDispatchClient.LogicalHandler[100]
      Start processing HTTP request GET http://127.0.0.1:8765/api/platform/projects/proj_sst-general/releases?*
info: System.Net.Http.HttpClient.IChatbotDispatchClient.ClientHandler[100]
      Sending HTTP request GET http://127.0.0.1:8765/api/platform/projects/proj_sst-general/releases?*
info: System.Net.Http.HttpClient.IChatbotDispatchClient.ClientHandler[101]
      Received HTTP response headers after 170.354ms - 200
info: System.Net.Http.HttpClient.IChatbotDispatchClient.LogicalHandler[101]
      End processing HTTP request after 170.468ms - 200
[ChatbotDispatch DEBUG] POST /api/chatbot/questions body={"project_id":"proj_sst-general","rag_variant_id":"ragv_local-bge","rag_release_id":"ragr_1d2f9c1a4f444da0","question":"Que establece la politica de seguridad y salud en el trabajo?","conversation_id":"conv_chunks_20260828171614","message_id":"msg_chunks_20260828171614_01","top_k":8}
info: System.Net.Http.HttpClient.IChatbotDispatchClient.LogicalHandler[100]
      Start processing HTTP request POST http://127.0.0.1:8765/api/chatbot/questions
info: System.Net.Http.HttpClient.IChatbotDispatchClient.ClientHandler[100]
      Sending HTTP request POST http://127.0.0.1:8765/api/chatbot/questions
info: System.Net.Http.HttpClient.IChatbotDispatchClient.ClientHandler[104]
      HTTP request failed after 3.2608ms
      System.Net.Http.HttpRequestException: An error occurred while sending the request.
       ---> System.Net.Http.HttpIOException: The response ended prematurely. (ResponseEnded)
         at System.Net.Http.HttpConnection.SendAsync(HttpRequestMessage request, Boolean async, CancellationToken cancellationToken)
         --- End of inner exception stack trace ---
         at System.Net.Http.HttpConnection.SendAsync(HttpRequestMessage request, Boolean async, CancellationToken cancellationToken)
         at System.Net.Http.HttpConnectionPool.SendWithVersionDetectionAndRetryAsync(HttpRequestMessage request, Boolean async, Boolean doRequestAuth, CancellationToken cancellationToken)
         at System.Net.Http.DiagnosticsHandler.SendAsyncCore(HttpRequestMessage request, Boolean async, CancellationToken cancellationToken)
         at System.Net.Http.RedirectHandler.SendAsync(HttpRequestMessage request, Boolean async, CancellationToken cancellationToken)
         at Microsoft.Extensions.Http.Logging.LoggingHttpMessageHandler.<SendCoreAsync>g__Core|4_0(HttpRequestMessage request, Boolean useAsync, CancellationToken cancellationToken)
info: System.Net.Http.HttpClient.IChatbotDispatchClient.LogicalHandler[104]
      HTTP request failed after 3.4653ms
      System.Net.Http.HttpRequestException: An error occurred while sending the request.
       ---> System.Net.Http.HttpIOException: The response ended prematurely. (ResponseEnded)
         at System.Net.Http.HttpConnection.SendAsync(HttpRequestMessage request, Boolean async, CancellationToken cancellationToken)
         --- End of inner exception stack trace ---
         at System.Net.Http.HttpConnection.SendAsync(HttpRequestMessage request, Boolean async, CancellationToken cancellationToken)
         at System.Net.Http.HttpConnectionPool.SendWithVersionDetectionAndRetryAsync(HttpRequestMessage request, Boolean async, Boolean doRequestAuth, CancellationToken cancellationToken)
         at System.Net.Http.DiagnosticsHandler.SendAsyncCore(HttpRequestMessage request, Boolean async, CancellationToken cancellationToken)
         at System.Net.Http.RedirectHandler.SendAsync(HttpRequestMessage request, Boolean async, CancellationToken cancellationToken)
         at Microsoft.Extensions.Http.Logging.LoggingHttpMessageHandler.<SendCoreAsync>g__Core|4_0(HttpRequestMessage request, Boolean useAsync, CancellationToken cancellationToken)
         at Microsoft.Extensions.Http.Logging.LoggingScopeHttpMessageHandler.<SendCoreAsync>g__Core|4_0(HttpRequestMessage request, Boolean useAsync, CancellationToken cancellationToken)
fail: Microsoft.AspNetCore.Diagnostics.DeveloperExceptionPageMiddleware[1]
      An unhandled exception has occurred while executing the request.
      System.Net.Http.HttpRequestException: An error occurred while sending the request.
       ---> System.Net.Http.HttpIOException: The response ended prematurely. (ResponseEnded)
         at System.Net.Http.HttpConnection.SendAsync(HttpRequestMessage request, Boolean async, CancellationToken cancellationToken)
         --- End of inner exception stack trace ---
         at System.Net.Http.HttpConnection.SendAsync(HttpRequestMessage request, Boolean async, CancellationToken cancellationToken)
         at System.Net.Http.HttpConnectionPool.SendWithVersionDetectionAndRetryAsync(HttpRequestMessage request, Boolean async, Boolean doRequestAuth, CancellationToken cancellationToken)
         at System.Net.Http.DiagnosticsHandler.SendAsyncCore(HttpRequestMessage request, Boolean async, CancellationToken cancellationToken)
         at System.Net.Http.RedirectHandler.SendAsync(HttpRequestMessage request, Boolean async, CancellationToken cancellationToken)
         at Microsoft.Extensions.Http.Logging.LoggingHttpMessageHandler.<SendCoreAsync>g__Core|4_0(HttpRequestMessage request, Boolean useAsync, CancellationToken cancellationToken)
         at Microsoft.Extensions.Http.Logging.LoggingScopeHttpMessageHandler.<SendCoreAsync>g__Core|4_0(HttpRequestMessage request, Boolean useAsync, CancellationToken cancellationToken)
         at System.Net.Http.HttpClient.<SendAsync>g__Core|83_0(HttpRequestMessage request, HttpCompletionOption completionOption, CancellationTokenSource cts, Boolean disposeCts, CancellationTokenSource pendingRequestsCts, CancellationToken originalCancellationToken)
         at Chatbot.Sst.Infrastructure.Dispatch.HttpChatbotDispatchClient.DispatchAsync(ChatQuestionSubmission submission, CancellationToken cancellationToken) in C:\Users\jvrincon\Documents\chatbot_aplicado_sst\app\back\src\Chatbot.Sst.Infrastructure\Dispatch\HttpChatbotDispatchClient.cs:line 53
         at Chatbot.Sst.Application.ChatDispatchCoordinator.SubmitAsync(ChatQuestionSubmission submission, CancellationToken cancellationToken) in C:\Users\jvrincon\Documents\chatbot_aplicado_sst\app\back\src\Chatbot.Sst.Application\ChatDispatchCoordinator.cs:line 38
         at Program.<>c.<<<Main>$>b__0_1>d.MoveNext() in C:\Users\jvrincon\Documents\chatbot_aplicado_sst\app\back\src\Chatbot.Sst.Api\Program.cs:line 62
      --- End of stack trace from previous location ---
         at Microsoft.AspNetCore.Http.RequestDelegateFactory.ExecuteTaskResult[T](Task`1 task, HttpContext httpContext)
         at Microsoft.AspNetCore.Http.RequestDelegateFactory.<>c__DisplayClass102_2.<<HandleRequestBodyAndCompileRequestDelegateForJson>b__2>d.MoveNext()
      --- End of stack trace from previous location ---
         at Microsoft.AspNetCore.Diagnostics.DeveloperExceptionPageMiddlewareImpl.Invoke(HttpContext context)
info: System.Net.Http.HttpClient.IChatbotDispatchClient.LogicalHandler[100]
      Start processing HTTP request GET http://127.0.0.1:8765/api/platform/projects/proj_sst-general/releases?*
info: System.Net.Http.HttpClient.IChatbotDispatchClient.ClientHandler[100]
      Sending HTTP request GET http://127.0.0.1:8765/api/platform/projects/proj_sst-general/releases?*
info: System.Net.Http.HttpClient.IChatbotDispatchClient.ClientHandler[101]
      Received HTTP response headers after 12.5302ms - 200
info: System.Net.Http.HttpClient.IChatbotDispatchClient.LogicalHandler[101]
      End processing HTTP request after 12.6153ms - 200
[ChatbotDispatch DEBUG] POST /api/chatbot/questions body={"project_id":"proj_sst-general","rag_variant_id":"ragv_local-bge","rag_release_id":"ragr_1d2f9c1a4f444da0","question":"Cuales son los objetivos del SG-SST?","conversation_id":"conv_chunks_20260828171614","message_id":"msg_chunks_20260828171615_02","top_k":8}
info: System.Net.Http.HttpClient.IChatbotDispatchClient.LogicalHandler[100]
      Start processing HTTP request POST http://127.0.0.1:8765/api/chatbot/questions
info: System.Net.Http.HttpClient.IChatbotDispatchClient.ClientHandler[100]
      Sending HTTP request POST http://127.0.0.1:8765/api/chatbot/questions
info: System.Net.Http.HttpClient.IChatbotDispatchClient.ClientHandler[104]
      HTTP request failed after 0.7666ms
      System.Net.Http.HttpRequestException: An error occurred while sending the request.
       ---> System.Net.Http.HttpIOException: The response ended prematurely. (ResponseEnded)
         at System.Net.Http.HttpConnection.SendAsync(HttpRequestMessage request, Boolean async, CancellationToken cancellationToken)
         --- End of inner exception stack trace ---
         at System.Net.Http.HttpConnection.SendAsync(HttpRequestMessage request, Boolean async, CancellationToken cancellationToken)
         at System.Net.Http.HttpConnectionPool.SendWithVersionDetectionAndRetryAsync(HttpRequestMessage request, Boolean async, Boolean doRequestAuth, CancellationToken cancellationToken)
         at System.Net.Http.DiagnosticsHandler.SendAsyncCore(HttpRequestMessage request, Boolean async, CancellationToken cancellationToken)
         at System.Net.Http.RedirectHandler.SendAsync(HttpRequestMessage request, Boolean async, CancellationToken cancellationToken)
         at Microsoft.Extensions.Http.Logging.LoggingHttpMessageHandler.<SendCoreAsync>g__Core|4_0(HttpRequestMessage request, Boolean useAsync, CancellationToken cancellationToken)
info: System.Net.Http.HttpClient.IChatbotDispatchClient.LogicalHandler[104]
      HTTP request failed after 0.9998ms
      System.Net.Http.HttpRequestException: An error occurred while sending the request.
       ---> System.Net.Http.HttpIOException: The response ended prematurely. (ResponseEnded)
         at System.Net.Http.HttpConnection.SendAsync(HttpRequestMessage request, Boolean async, CancellationToken cancellationToken)
         --- End of inner exception stack trace ---
         at System.Net.Http.HttpConnection.SendAsync(HttpRequestMessage request, Boolean async, CancellationToken cancellationToken)
         at System.Net.Http.HttpConnectionPool.SendWithVersionDetectionAndRetryAsync(HttpRequestMessage request, Boolean async, Boolean doRequestAuth, CancellationToken cancellationToken)
         at System.Net.Http.DiagnosticsHandler.SendAsyncCore(HttpRequestMessage request, Boolean async, CancellationToken cancellationToken)
         at System.Net.Http.RedirectHandler.SendAsync(HttpRequestMessage request, Boolean async, CancellationToken cancellationToken)
         at Microsoft.Extensions.Http.Logging.LoggingHttpMessageHandler.<SendCoreAsync>g__Core|4_0(HttpRequestMessage request, Boolean useAsync, CancellationToken cancellationToken)
         at Microsoft.Extensions.Http.Logging.LoggingScopeHttpMessageHandler.<SendCoreAsync>g__Core|4_0(HttpRequestMessage request, Boolean useAsync, CancellationToken cancellationToken)
fail: Microsoft.AspNetCore.Diagnostics.DeveloperExceptionPageMiddleware[1]
      An unhandled exception has occurred while executing the request.
      System.Net.Http.HttpRequestException: An error occurred while sending the request.
       ---> System.Net.Http.HttpIOException: The response ended prematurely. (ResponseEnded)
         at System.Net.Http.HttpConnection.SendAsync(HttpRequestMessage request, Boolean async, CancellationToken cancellationToken)
         --- End of inner exception stack trace ---
         at System.Net.Http.HttpConnection.SendAsync(HttpRequestMessage request, Boolean async, CancellationToken cancellationToken)
         at System.Net.Http.HttpConnectionPool.SendWithVersionDetectionAndRetryAsync(HttpRequestMessage request, Boolean async, Boolean doRequestAuth, CancellationToken cancellationToken)
         at System.Net.Http.DiagnosticsHandler.SendAsyncCore(HttpRequestMessage request, Boolean async, CancellationToken cancellationToken)
         at System.Net.Http.RedirectHandler.SendAsync(HttpRequestMessage request, Boolean async, CancellationToken cancellationToken)
         at Microsoft.Extensions.Http.Logging.LoggingHttpMessageHandler.<SendCoreAsync>g__Core|4_0(HttpRequestMessage request, Boolean useAsync, CancellationToken cancellationToken)
         at Microsoft.Extensions.Http.Logging.LoggingScopeHttpMessageHandler.<SendCoreAsync>g__Core|4_0(HttpRequestMessage request, Boolean useAsync, CancellationToken cancellationToken)
         at System.Net.Http.HttpClient.<SendAsync>g__Core|83_0(HttpRequestMessage request, HttpCompletionOption completionOption, CancellationTokenSource cts, Boolean disposeCts, CancellationTokenSource pendingRequestsCts, CancellationToken originalCancellationToken)
         at Chatbot.Sst.Infrastructure.Dispatch.HttpChatbotDispatchClient.DispatchAsync(ChatQuestionSubmission submission, CancellationToken cancellationToken) in C:\Users\jvrincon\Documents\chatbot_aplicado_sst\app\back\src\Chatbot.Sst.Infrastructure\Dispatch\HttpChatbotDispatchClient.cs:line 53
         at Chatbot.Sst.Application.ChatDispatchCoordinator.SubmitAsync(ChatQuestionSubmission submission, CancellationToken cancellationToken) in C:\Users\jvrincon\Documents\chatbot_aplicado_sst\app\back\src\Chatbot.Sst.Application\ChatDispatchCoordinator.cs:line 38
         at Program.<>c.<<<Main>$>b__0_1>d.MoveNext() in C:\Users\jvrincon\Documents\chatbot_aplicado_sst\app\back\src\Chatbot.Sst.Api\Program.cs:line 62
      --- End of stack trace from previous location ---
         at Microsoft.AspNetCore.Http.RequestDelegateFactory.ExecuteTaskResult[T](Task`1 task, HttpContext httpContext)
         at Microsoft.AspNetCore.Http.RequestDelegateFactory.<>c__DisplayClass102_2.<<HandleRequestBodyAndCompileRequestDelegateForJson>b__2>d.MoveNext()
      --- End of stack trace from previous location ---
         at Microsoft.AspNetCore.Diagnostics.DeveloperExceptionPageMiddlewareImpl.Invoke(HttpContext context)
info: System.Net.Http.HttpClient.IChatbotDispatchClient.LogicalHandler[100]
      Start processing HTTP request GET http://127.0.0.1:8765/api/platform/projects/proj_sst-general/releases?*
info: System.Net.Http.HttpClient.IChatbotDispatchClient.ClientHandler[100]
      Sending HTTP request GET http://127.0.0.1:8765/api/platform/projects/proj_sst-general/releases?*
info: System.Net.Http.HttpClient.IChatbotDispatchClient.ClientHandler[101]
      Received HTTP response headers after 11.4457ms - 200
info: System.Net.Http.HttpClient.IChatbotDispatchClient.LogicalHandler[101]
      End processing HTTP request after 11.5257ms - 200
[ChatbotDispatch DEBUG] POST /api/chatbot/questions body={"project_id":"proj_sst-general","rag_variant_id":"ragv_local-bge","rag_release_id":"ragr_1d2f9c1a4f444da0","question":"Como identifica la empresa los peligros y valora los riesgos?","conversation_id":"conv_chunks_20260828171614","message_id":"msg_chunks_20260828171615_03","top_k":8}
info: System.Net.Http.HttpClient.IChatbotDispatchClient.LogicalHandler[100]
      Start processing HTTP request POST http://127.0.0.1:8765/api/chatbot/questions
info: System.Net.Http.HttpClient.IChatbotDispatchClient.ClientHandler[100]
      Sending HTTP request POST http://127.0.0.1:8765/api/chatbot/questions
info: System.Net.Http.HttpClient.IChatbotDispatchClient.ClientHandler[104]
      HTTP request failed after 0.9541ms
      System.Net.Http.HttpRequestException: An error occurred while sending the request.
       ---> System.Net.Http.HttpIOException: The response ended prematurely. (ResponseEnded)
         at System.Net.Http.HttpConnection.SendAsync(HttpRequestMessage request, Boolean async, CancellationToken cancellationToken)
         --- End of inner exception stack trace ---
         at System.Net.Http.HttpConnection.SendAsync(HttpRequestMessage request, Boolean async, CancellationToken cancellationToken)
         at System.Net.Http.HttpConnectionPool.SendWithVersionDetectionAndRetryAsync(HttpRequestMessage request, Boolean async, Boolean doRequestAuth, CancellationToken cancellationToken)
         at System.Net.Http.DiagnosticsHandler.SendAsyncCore(HttpRequestMessage request, Boolean async, CancellationToken cancellationToken)
         at System.Net.Http.RedirectHandler.SendAsync(HttpRequestMessage request, Boolean async, CancellationToken cancellationToken)
         at Microsoft.Extensions.Http.Logging.LoggingHttpMessageHandler.<SendCoreAsync>g__Core|4_0(HttpRequestMessage request, Boolean useAsync, CancellationToken cancellationToken)
info: System.Net.Http.HttpClient.IChatbotDispatchClient.LogicalHandler[104]
      HTTP request failed after 1.2193ms
      System.Net.Http.HttpRequestException: An error occurred while sending the request.
       ---> System.Net.Http.HttpIOException: The response ended prematurely. (ResponseEnded)
         at System.Net.Http.HttpConnection.SendAsync(HttpRequestMessage request, Boolean async, CancellationToken cancellationToken)
         --- End of inner exception stack trace ---
         at System.Net.Http.HttpConnection.SendAsync(HttpRequestMessage request, Boolean async, CancellationToken cancellationToken)
         at System.Net.Http.HttpConnectionPool.SendWithVersionDetectionAndRetryAsync(HttpRequestMessage request, Boolean async, Boolean doRequestAuth, CancellationToken cancellationToken)
         at System.Net.Http.DiagnosticsHandler.SendAsyncCore(HttpRequestMessage request, Boolean async, CancellationToken cancellationToken)
         at System.Net.Http.RedirectHandler.SendAsync(HttpRequestMessage request, Boolean async, CancellationToken cancellationToken)
         at Microsoft.Extensions.Http.Logging.LoggingHttpMessageHandler.<SendCoreAsync>g__Core|4_0(HttpRequestMessage request, Boolean useAsync, CancellationToken cancellationToken)
         at Microsoft.Extensions.Http.Logging.LoggingScopeHttpMessageHandler.<SendCoreAsync>g__Core|4_0(HttpRequestMessage request, Boolean useAsync, CancellationToken cancellationToken)
fail: Microsoft.AspNetCore.Diagnostics.DeveloperExceptionPageMiddleware[1]
      An unhandled exception has occurred while executing the request.
      System.Net.Http.HttpRequestException: An error occurred while sending the request.
       ---> System.Net.Http.HttpIOException: The response ended prematurely. (ResponseEnded)
         at System.Net.Http.HttpConnection.SendAsync(HttpRequestMessage request, Boolean async, CancellationToken cancellationToken)
         --- End of inner exception stack trace ---
         at System.Net.Http.HttpConnection.SendAsync(HttpRequestMessage request, Boolean async, CancellationToken cancellationToken)
         at System.Net.Http.HttpConnectionPool.SendWithVersionDetectionAndRetryAsync(HttpRequestMessage request, Boolean async, Boolean doRequestAuth, CancellationToken cancellationToken)
         at System.Net.Http.DiagnosticsHandler.SendAsyncCore(HttpRequestMessage request, Boolean async, CancellationToken cancellationToken)
         at System.Net.Http.RedirectHandler.SendAsync(HttpRequestMessage request, Boolean async, CancellationToken cancellationToken)
         at Microsoft.Extensions.Http.Logging.LoggingHttpMessageHandler.<SendCoreAsync>g__Core|4_0(HttpRequestMessage request, Boolean useAsync, CancellationToken cancellationToken)
         at Microsoft.Extensions.Http.Logging.LoggingScopeHttpMessageHandler.<SendCoreAsync>g__Core|4_0(HttpRequestMessage request, Boolean useAsync, CancellationToken cancellationToken)
         at System.Net.Http.HttpClient.<SendAsync>g__Core|83_0(HttpRequestMessage request, HttpCompletionOption completionOption, CancellationTokenSource cts, Boolean disposeCts, CancellationTokenSource pendingRequestsCts, CancellationToken originalCancellationToken)
         at Chatbot.Sst.Infrastructure.Dispatch.HttpChatbotDispatchClient.DispatchAsync(ChatQuestionSubmission submission, CancellationToken cancellationToken) in C:\Users\jvrincon\Documents\chatbot_aplicado_sst\app\back\src\Chatbot.Sst.Infrastructure\Dispatch\HttpChatbotDispatchClient.cs:line 53
         at Chatbot.Sst.Application.ChatDispatchCoordinator.SubmitAsync(ChatQuestionSubmission submission, CancellationToken cancellationToken) in C:\Users\jvrincon\Documents\chatbot_aplicado_sst\app\back\src\Chatbot.Sst.Application\ChatDispatchCoordinator.cs:line 38
         at Program.<>c.<<<Main>$>b__0_1>d.MoveNext() in C:\Users\jvrincon\Documents\chatbot_aplicado_sst\app\back\src\Chatbot.Sst.Api\Program.cs:line 62
      --- End of stack trace from previous location ---
         at Microsoft.AspNetCore.Http.RequestDelegateFactory.ExecuteTaskResult[T](Task`1 task, HttpContext httpContext)
         at Microsoft.AspNetCore.Http.RequestDelegateFactory.<>c__DisplayClass102_2.<<HandleRequestBodyAndCompileRequestDelegateForJson>b__2>d.MoveNext()
      --- End of stack trace from previous location ---
         at Microsoft.AspNetCore.Diagnostics.DeveloperExceptionPageMiddlewareImpl.Invoke(HttpContext context)
info: System.Net.Http.HttpClient.IChatbotDispatchClient.LogicalHandler[100]
      Start processing HTTP request GET http://127.0.0.1:8765/api/platform/projects/proj_sst-general/releases?*
info: System.Net.Http.HttpClient.IChatbotDispatchClient.ClientHandler[100]
      Sending HTTP request GET http://127.0.0.1:8765/api/platform/projects/proj_sst-general/releases?*
info: System.Net.Http.HttpClient.IChatbotDispatchClient.ClientHandler[101]
      Received HTTP response headers after 10.3226ms - 200
info: System.Net.Http.HttpClient.IChatbotDispatchClient.LogicalHandler[101]
      End processing HTTP request after 10.4057ms - 200
[ChatbotDispatch DEBUG] POST /api/chatbot/questions body={"project_id":"proj_sst-general","rag_variant_id":"ragv_local-bge","rag_release_id":"ragr_1d2f9c1a4f444da0","question":"Que programas conforman la planificacion del SG-SST?","conversation_id":"conv_chunks_20260828171614","message_id":"msg_chunks_20260828171615_04","top_k":8}
info: System.Net.Http.HttpClient.IChatbotDispatchClient.LogicalHandler[100]
      Start processing HTTP request POST http://127.0.0.1:8765/api/chatbot/questions
info: System.Net.Http.HttpClient.IChatbotDispatchClient.ClientHandler[100]
      Sending HTTP request POST http://127.0.0.1:8765/api/chatbot/questions
info: System.Net.Http.HttpClient.ILlmProvider.LogicalHandler[100]
      Start processing HTTP request POST http://127.0.0.1:8001/v1/chat/completions
info: System.Net.Http.HttpClient.ILlmProvider.ClientHandler[100]
      Sending HTTP request POST http://127.0.0.1:8001/v1/chat/completions
info: System.Net.Http.HttpClient.ILlmProvider.ClientHandler[104]
      HTTP request failed after 2036.2939ms
      System.Net.Http.HttpRequestException: No se puede establecer una conexión ya que el equipo de destino denegó expresamente dicha conexión. (127.0.0.1:8001)
       ---> System.Net.Sockets.SocketException (10061): No se puede establecer una conexión ya que el equipo de destino denegó expresamente dicha conexión.
         at System.Net.Sockets.Socket.AwaitableSocketAsyncEventArgs.ThrowException(SocketError error, CancellationToken cancellationToken)
         at System.Net.Sockets.Socket.AwaitableSocketAsyncEventArgs.System.Threading.Tasks.Sources.IValueTaskSource.GetResult(Int16 token)
         at System.Net.Http.HttpConnectionPool.ConnectToTcpHostAsync(String host, Int32 port, HttpRequestMessage initialRequest, Boolean async, CancellationToken cancellationToken)
         --- End of inner exception stack trace ---
         at System.Net.Http.HttpConnectionPool.ConnectToTcpHostAsync(String host, Int32 port, HttpRequestMessage initialRequest, Boolean async, CancellationToken cancellationToken)
         at System.Net.Http.HttpConnectionPool.ConnectAsync(HttpRequestMessage request, Boolean async, CancellationToken cancellationToken)
         at System.Net.Http.HttpConnectionPool.CreateHttp11ConnectionAsync(HttpRequestMessage request, Boolean async, CancellationToken cancellationToken)
         at System.Net.Http.HttpConnectionPool.InjectNewHttp11ConnectionAsync(QueueItem queueItem)
         at System.Threading.Tasks.TaskCompletionSourceWithCancellation`1.WaitWithCancellationAsync(CancellationToken cancellationToken)
         at System.Net.Http.HttpConnectionPool.SendWithVersionDetectionAndRetryAsync(HttpRequestMessage request, Boolean async, Boolean doRequestAuth, CancellationToken cancellationToken)
         at System.Net.Http.DiagnosticsHandler.SendAsyncCore(HttpRequestMessage request, Boolean async, CancellationToken cancellationToken)
         at System.Net.Http.RedirectHandler.SendAsync(HttpRequestMessage request, Boolean async, CancellationToken cancellationToken)
         at Microsoft.Extensions.Http.Logging.LoggingHttpMessageHandler.<SendCoreAsync>g__Core|4_0(HttpRequestMessage request, Boolean useAsync, CancellationToken cancellationToken)
info: System.Net.Http.HttpClient.ILlmProvider.LogicalHandler[104]
      HTTP request failed after 2036.5867ms
      System.Net.Http.HttpRequestException: No se puede establecer una conexión ya que el equipo de destino denegó expresamente dicha conexión. (127.0.0.1:8001)
       ---> System.Net.Sockets.SocketException (10061): No se puede establecer una conexión ya que el equipo de destino denegó expresamente dicha conexión.
         at System.Net.Sockets.Socket.AwaitableSocketAsyncEventArgs.ThrowException(SocketError error, CancellationToken cancellationToken)
         at System.Net.Sockets.Socket.AwaitableSocketAsyncEventArgs.System.Threading.Tasks.Sources.IValueTaskSource.GetResult(Int16 token)
         at System.Net.Http.HttpConnectionPool.ConnectToTcpHostAsync(String host, Int32 port, HttpRequestMessage initialRequest, Boolean async, CancellationToken cancellationToken)
         --- End of inner exception stack trace ---
         at System.Net.Http.HttpConnectionPool.ConnectToTcpHostAsync(String host, Int32 port, HttpRequestMessage initialRequest, Boolean async, CancellationToken cancellationToken)
         at System.Net.Http.HttpConnectionPool.ConnectAsync(HttpRequestMessage request, Boolean async, CancellationToken cancellationToken)
         at System.Net.Http.HttpConnectionPool.CreateHttp11ConnectionAsync(HttpRequestMessage request, Boolean async, CancellationToken cancellationToken)
         at System.Net.Http.HttpConnectionPool.InjectNewHttp11ConnectionAsync(QueueItem queueItem)
         at System.Threading.Tasks.TaskCompletionSourceWithCancellation`1.WaitWithCancellationAsync(CancellationToken cancellationToken)
         at System.Net.Http.HttpConnectionPool.SendWithVersionDetectionAndRetryAsync(HttpRequestMessage request, Boolean async, Boolean doRequestAuth, CancellationToken cancellationToken)
         at System.Net.Http.DiagnosticsHandler.SendAsyncCore(HttpRequestMessage request, Boolean async, CancellationToken cancellationToken)
         at System.Net.Http.RedirectHandler.SendAsync(HttpRequestMessage request, Boolean async, CancellationToken cancellationToken)
         at Microsoft.Extensions.Http.Logging.LoggingHttpMessageHandler.<SendCoreAsync>g__Core|4_0(HttpRequestMessage request, Boolean useAsync, CancellationToken cancellationToken)
         at Microsoft.Extensions.Http.Logging.LoggingScopeHttpMessageHandler.<SendCoreAsync>g__Core|4_0(HttpRequestMessage request, Boolean useAsync, CancellationToken cancellationToken)
info: System.Net.Http.HttpClient.IChatbotDispatchClient.ClientHandler[101]
      Received HTTP response headers after 10271.5706ms - 502
info: System.Net.Http.HttpClient.IChatbotDispatchClient.LogicalHandler[101]
      End processing HTTP request after 10271.8801ms - 502
info: System.Net.Http.HttpClient.IChatbotDispatchClient.LogicalHandler[100]
      Start processing HTTP request GET http://127.0.0.1:8765/api/platform/projects/proj_sst-general/releases?*
info: System.Net.Http.HttpClient.IChatbotDispatchClient.ClientHandler[100]
      Sending HTTP request GET http://127.0.0.1:8765/api/platform/projects/proj_sst-general/releases?*
info: System.Net.Http.HttpClient.IChatbotDispatchClient.ClientHandler[101]
      Received HTTP response headers after 107.9786ms - 200
info: System.Net.Http.HttpClient.IChatbotDispatchClient.LogicalHandler[101]
      End processing HTTP request after 108.1098ms - 200
[ChatbotDispatch DEBUG] POST /api/chatbot/questions body={"project_id":"proj_sst-general","rag_variant_id":"ragv_local-bge","rag_release_id":"ragr_1d2f9c1a4f444da0","question":"Como se gestionan los requisitos legales en SST?","conversation_id":"conv_chunks_20260828171614","message_id":"msg_chunks_20260828171625_05","top_k":8}
info: System.Net.Http.HttpClient.IChatbotDispatchClient.LogicalHandler[100]
      Start processing HTTP request POST http://127.0.0.1:8765/api/chatbot/questions
info: System.Net.Http.HttpClient.IChatbotDispatchClient.ClientHandler[100]
      Sending HTTP request POST http://127.0.0.1:8765/api/chatbot/questions
info: System.Net.Http.HttpClient.ILlmProvider.LogicalHandler[100]
      Start processing HTTP request POST http://127.0.0.1:8001/v1/chat/completions
info: System.Net.Http.HttpClient.ILlmProvider.ClientHandler[100]
      Sending HTTP request POST http://127.0.0.1:8001/v1/chat/completions
info: System.Net.Http.HttpClient.ILlmProvider.ClientHandler[104]
      HTTP request failed after 2028.2106ms
      System.Net.Http.HttpRequestException: No se puede establecer una conexión ya que el equipo de destino denegó expresamente dicha conexión. (127.0.0.1:8001)
       ---> System.Net.Sockets.SocketException (10061): No se puede establecer una conexión ya que el equipo de destino denegó expresamente dicha conexión.
         at System.Net.Sockets.Socket.AwaitableSocketAsyncEventArgs.ThrowException(SocketError error, CancellationToken cancellationToken)
         at System.Net.Sockets.Socket.AwaitableSocketAsyncEventArgs.System.Threading.Tasks.Sources.IValueTaskSource.GetResult(Int16 token)
         at System.Net.Http.HttpConnectionPool.ConnectToTcpHostAsync(String host, Int32 port, HttpRequestMessage initialRequest, Boolean async, CancellationToken cancellationToken)
         --- End of inner exception stack trace ---
         at System.Net.Http.HttpConnectionPool.ConnectToTcpHostAsync(String host, Int32 port, HttpRequestMessage initialRequest, Boolean async, CancellationToken cancellationToken)
         at System.Net.Http.HttpConnectionPool.ConnectAsync(HttpRequestMessage request, Boolean async, CancellationToken cancellationToken)
         at System.Net.Http.HttpConnectionPool.CreateHttp11ConnectionAsync(HttpRequestMessage request, Boolean async, CancellationToken cancellationToken)
         at System.Net.Http.HttpConnectionPool.InjectNewHttp11ConnectionAsync(QueueItem queueItem)
         at System.Threading.Tasks.TaskCompletionSourceWithCancellation`1.WaitWithCancellationAsync(CancellationToken cancellationToken)
         at System.Net.Http.HttpConnectionPool.SendWithVersionDetectionAndRetryAsync(HttpRequestMessage request, Boolean async, Boolean doRequestAuth, CancellationToken cancellationToken)
         at System.Net.Http.DiagnosticsHandler.SendAsyncCore(HttpRequestMessage request, Boolean async, CancellationToken cancellationToken)
         at System.Net.Http.RedirectHandler.SendAsync(HttpRequestMessage request, Boolean async, CancellationToken cancellationToken)
         at Microsoft.Extensions.Http.Logging.LoggingHttpMessageHandler.<SendCoreAsync>g__Core|4_0(HttpRequestMessage request, Boolean useAsync, CancellationToken cancellationToken)
info: System.Net.Http.HttpClient.ILlmProvider.LogicalHandler[104]
      HTTP request failed after 2028.5335ms
      System.Net.Http.HttpRequestException: No se puede establecer una conexión ya que el equipo de destino denegó expresamente dicha conexión. (127.0.0.1:8001)
       ---> System.Net.Sockets.SocketException (10061): No se puede establecer una conexión ya que el equipo de destino denegó expresamente dicha conexión.
         at System.Net.Sockets.Socket.AwaitableSocketAsyncEventArgs.ThrowException(SocketError error, CancellationToken cancellationToken)
         at System.Net.Sockets.Socket.AwaitableSocketAsyncEventArgs.System.Threading.Tasks.Sources.IValueTaskSource.GetResult(Int16 token)
         at System.Net.Http.HttpConnectionPool.ConnectToTcpHostAsync(String host, Int32 port, HttpRequestMessage initialRequest, Boolean async, CancellationToken cancellationToken)
         --- End of inner exception stack trace ---
         at System.Net.Http.HttpConnectionPool.ConnectToTcpHostAsync(String host, Int32 port, HttpRequestMessage initialRequest, Boolean async, CancellationToken cancellationToken)
         at System.Net.Http.HttpConnectionPool.ConnectAsync(HttpRequestMessage request, Boolean async, CancellationToken cancellationToken)
         at System.Net.Http.HttpConnectionPool.CreateHttp11ConnectionAsync(HttpRequestMessage request, Boolean async, CancellationToken cancellationToken)
         at System.Net.Http.HttpConnectionPool.InjectNewHttp11ConnectionAsync(QueueItem queueItem)
         at System.Threading.Tasks.TaskCompletionSourceWithCancellation`1.WaitWithCancellationAsync(CancellationToken cancellationToken)
         at System.Net.Http.HttpConnectionPool.SendWithVersionDetectionAndRetryAsync(HttpRequestMessage request, Boolean async, Boolean doRequestAuth, CancellationToken cancellationToken)
         at System.Net.Http.DiagnosticsHandler.SendAsyncCore(HttpRequestMessage request, Boolean async, CancellationToken cancellationToken)
         at System.Net.Http.RedirectHandler.SendAsync(HttpRequestMessage request, Boolean async, CancellationToken cancellationToken)
         at Microsoft.Extensions.Http.Logging.LoggingHttpMessageHandler.<SendCoreAsync>g__Core|4_0(HttpRequestMessage request, Boolean useAsync, CancellationToken cancellationToken)
         at Microsoft.Extensions.Http.Logging.LoggingScopeHttpMessageHandler.<SendCoreAsync>g__Core|4_0(HttpRequestMessage request, Boolean useAsync, CancellationToken cancellationToken)
info: System.Net.Http.HttpClient.IChatbotDispatchClient.ClientHandler[101]
      Received HTTP response headers after 8845.7541ms - 502
info: System.Net.Http.HttpClient.IChatbotDispatchClient.LogicalHandler[101]
      End processing HTTP request after 8845.8524ms - 502
info: System.Net.Http.HttpClient.IChatbotDispatchClient.LogicalHandler[100]
      Start processing HTTP request GET http://127.0.0.1:8765/api/platform/projects/proj_sst-general/releases?*
info: System.Net.Http.HttpClient.IChatbotDispatchClient.ClientHandler[100]
      Sending HTTP request GET http://127.0.0.1:8765/api/platform/projects/proj_sst-general/releases?*
info: System.Net.Http.HttpClient.IChatbotDispatchClient.ClientHandler[101]
      Received HTTP response headers after 39.9499ms - 200
info: System.Net.Http.HttpClient.IChatbotDispatchClient.LogicalHandler[101]
      End processing HTTP request after 40.0648ms - 200
[ChatbotDispatch DEBUG] POST /api/chatbot/questions body={"project_id":"proj_sst-general","rag_variant_id":"ragv_local-bge","rag_release_id":"ragr_1d2f9c1a4f444da0","question":"Que contempla la gestion del cambio en seguridad y salud?","conversation_id":"conv_chunks_20260828171614","message_id":"msg_chunks_20260828171634_06","top_k":8}
info: System.Net.Http.HttpClient.IChatbotDispatchClient.LogicalHandler[100]
      Start processing HTTP request POST http://127.0.0.1:8765/api/chatbot/questions
info: System.Net.Http.HttpClient.IChatbotDispatchClient.ClientHandler[100]
      Sending HTTP request POST http://127.0.0.1:8765/api/chatbot/questions
info: System.Net.Http.HttpClient.IChatbotDispatchClient.ClientHandler[104]
      HTTP request failed after 0.6058ms
      System.Net.Http.HttpRequestException: An error occurred while sending the request.
       ---> System.Net.Http.HttpIOException: The response ended prematurely. (ResponseEnded)
         at System.Net.Http.HttpConnection.SendAsync(HttpRequestMessage request, Boolean async, CancellationToken cancellationToken)
         --- End of inner exception stack trace ---
         at System.Net.Http.HttpConnection.SendAsync(HttpRequestMessage request, Boolean async, CancellationToken cancellationToken)
         at System.Net.Http.HttpConnectionPool.SendWithVersionDetectionAndRetryAsync(HttpRequestMessage request, Boolean async, Boolean doRequestAuth, CancellationToken cancellationToken)
         at System.Net.Http.DiagnosticsHandler.SendAsyncCore(HttpRequestMessage request, Boolean async, CancellationToken cancellationToken)
         at System.Net.Http.RedirectHandler.SendAsync(HttpRequestMessage request, Boolean async, CancellationToken cancellationToken)
         at Microsoft.Extensions.Http.Logging.LoggingHttpMessageHandler.<SendCoreAsync>g__Core|4_0(HttpRequestMessage request, Boolean useAsync, CancellationToken cancellationToken)
info: System.Net.Http.HttpClient.IChatbotDispatchClient.LogicalHandler[104]
      HTTP request failed after 0.7627ms
      System.Net.Http.HttpRequestException: An error occurred while sending the request.
       ---> System.Net.Http.HttpIOException: The response ended prematurely. (ResponseEnded)
         at System.Net.Http.HttpConnection.SendAsync(HttpRequestMessage request, Boolean async, CancellationToken cancellationToken)
         --- End of inner exception stack trace ---
         at System.Net.Http.HttpConnection.SendAsync(HttpRequestMessage request, Boolean async, CancellationToken cancellationToken)
         at System.Net.Http.HttpConnectionPool.SendWithVersionDetectionAndRetryAsync(HttpRequestMessage request, Boolean async, Boolean doRequestAuth, CancellationToken cancellationToken)
         at System.Net.Http.DiagnosticsHandler.SendAsyncCore(HttpRequestMessage request, Boolean async, CancellationToken cancellationToken)
         at System.Net.Http.RedirectHandler.SendAsync(HttpRequestMessage request, Boolean async, CancellationToken cancellationToken)
         at Microsoft.Extensions.Http.Logging.LoggingHttpMessageHandler.<SendCoreAsync>g__Core|4_0(HttpRequestMessage request, Boolean useAsync, CancellationToken cancellationToken)
         at Microsoft.Extensions.Http.Logging.LoggingScopeHttpMessageHandler.<SendCoreAsync>g__Core|4_0(HttpRequestMessage request, Boolean useAsync, CancellationToken cancellationToken)
fail: Microsoft.AspNetCore.Diagnostics.DeveloperExceptionPageMiddleware[1]
      An unhandled exception has occurred while executing the request.
      System.Net.Http.HttpRequestException: An error occurred while sending the request.
       ---> System.Net.Http.HttpIOException: The response ended prematurely. (ResponseEnded)
         at System.Net.Http.HttpConnection.SendAsync(HttpRequestMessage request, Boolean async, CancellationToken cancellationToken)
         --- End of inner exception stack trace ---
         at System.Net.Http.HttpConnection.SendAsync(HttpRequestMessage request, Boolean async, CancellationToken cancellationToken)
         at System.Net.Http.HttpConnectionPool.SendWithVersionDetectionAndRetryAsync(HttpRequestMessage request, Boolean async, Boolean doRequestAuth, CancellationToken cancellationToken)
         at System.Net.Http.DiagnosticsHandler.SendAsyncCore(HttpRequestMessage request, Boolean async, CancellationToken cancellationToken)
         at System.Net.Http.RedirectHandler.SendAsync(HttpRequestMessage request, Boolean async, CancellationToken cancellationToken)
         at Microsoft.Extensions.Http.Logging.LoggingHttpMessageHandler.<SendCoreAsync>g__Core|4_0(HttpRequestMessage request, Boolean useAsync, CancellationToken cancellationToken)
         at Microsoft.Extensions.Http.Logging.LoggingScopeHttpMessageHandler.<SendCoreAsync>g__Core|4_0(HttpRequestMessage request, Boolean useAsync, CancellationToken cancellationToken)
         at System.Net.Http.HttpClient.<SendAsync>g__Core|83_0(HttpRequestMessage request, HttpCompletionOption completionOption, CancellationTokenSource cts, Boolean disposeCts, CancellationTokenSource pendingRequestsCts, CancellationToken originalCancellationToken)
         at Chatbot.Sst.Infrastructure.Dispatch.HttpChatbotDispatchClient.DispatchAsync(ChatQuestionSubmission submission, CancellationToken cancellationToken) in C:\Users\jvrincon\Documents\chatbot_aplicado_sst\app\back\src\Chatbot.Sst.Infrastructure\Dispatch\HttpChatbotDispatchClient.cs:line 53
         at Chatbot.Sst.Application.ChatDispatchCoordinator.SubmitAsync(ChatQuestionSubmission submission, CancellationToken cancellationToken) in C:\Users\jvrincon\Documents\chatbot_aplicado_sst\app\back\src\Chatbot.Sst.Application\ChatDispatchCoordinator.cs:line 38
         at Program.<>c.<<<Main>$>b__0_1>d.MoveNext() in C:\Users\jvrincon\Documents\chatbot_aplicado_sst\app\back\src\Chatbot.Sst.Api\Program.cs:line 62
      --- End of stack trace from previous location ---
         at Microsoft.AspNetCore.Http.RequestDelegateFactory.ExecuteTaskResult[T](Task`1 task, HttpContext httpContext)
         at Microsoft.AspNetCore.Http.RequestDelegateFactory.<>c__DisplayClass102_2.<<HandleRequestBodyAndCompileRequestDelegateForJson>b__2>d.MoveNext()
      --- End of stack trace from previous location ---
         at Microsoft.AspNetCore.Diagnostics.DeveloperExceptionPageMiddlewareImpl.Invoke(HttpContext context)
info: System.Net.Http.HttpClient.IChatbotDispatchClient.LogicalHandler[100]
      Start processing HTTP request GET http://127.0.0.1:8765/api/platform/projects/proj_sst-general/releases?*
info: System.Net.Http.HttpClient.IChatbotDispatchClient.ClientHandler[100]
      Sending HTTP request GET http://127.0.0.1:8765/api/platform/projects/proj_sst-general/releases?*
info: System.Net.Http.HttpClient.IChatbotDispatchClient.ClientHandler[101]
      Received HTTP response headers after 8.3661ms - 200
info: System.Net.Http.HttpClient.IChatbotDispatchClient.LogicalHandler[101]
      End processing HTTP request after 8.5387ms - 200
[ChatbotDispatch DEBUG] POST /api/chatbot/questions body={"project_id":"proj_sst-general","rag_variant_id":"ragv_local-bge","rag_release_id":"ragr_1d2f9c1a4f444da0","question":"Como se prepara la empresa para emergencias?","conversation_id":"conv_chunks_20260828171614","message_id":"msg_chunks_20260828171634_07","top_k":8}
info: System.Net.Http.HttpClient.IChatbotDispatchClient.LogicalHandler[100]
      Start processing HTTP request POST http://127.0.0.1:8765/api/chatbot/questions
info: System.Net.Http.HttpClient.IChatbotDispatchClient.ClientHandler[100]
      Sending HTTP request POST http://127.0.0.1:8765/api/chatbot/questions
info: System.Net.Http.HttpClient.IChatbotDispatchClient.ClientHandler[104]
      HTTP request failed after 0.7428ms
      System.Net.Http.HttpRequestException: An error occurred while sending the request.
       ---> System.Net.Http.HttpIOException: The response ended prematurely. (ResponseEnded)
         at System.Net.Http.HttpConnection.SendAsync(HttpRequestMessage request, Boolean async, CancellationToken cancellationToken)
         --- End of inner exception stack trace ---
         at System.Net.Http.HttpConnection.SendAsync(HttpRequestMessage request, Boolean async, CancellationToken cancellationToken)
         at System.Net.Http.HttpConnectionPool.SendWithVersionDetectionAndRetryAsync(HttpRequestMessage request, Boolean async, Boolean doRequestAuth, CancellationToken cancellationToken)
         at System.Net.Http.DiagnosticsHandler.SendAsyncCore(HttpRequestMessage request, Boolean async, CancellationToken cancellationToken)
         at System.Net.Http.RedirectHandler.SendAsync(HttpRequestMessage request, Boolean async, CancellationToken cancellationToken)
         at Microsoft.Extensions.Http.Logging.LoggingHttpMessageHandler.<SendCoreAsync>g__Core|4_0(HttpRequestMessage request, Boolean useAsync, CancellationToken cancellationToken)
info: System.Net.Http.HttpClient.IChatbotDispatchClient.LogicalHandler[104]
      HTTP request failed after 0.866ms
      System.Net.Http.HttpRequestException: An error occurred while sending the request.
       ---> System.Net.Http.HttpIOException: The response ended prematurely. (ResponseEnded)
         at System.Net.Http.HttpConnection.SendAsync(HttpRequestMessage request, Boolean async, CancellationToken cancellationToken)
         --- End of inner exception stack trace ---
         at System.Net.Http.HttpConnection.SendAsync(HttpRequestMessage request, Boolean async, CancellationToken cancellationToken)
         at System.Net.Http.HttpConnectionPool.SendWithVersionDetectionAndRetryAsync(HttpRequestMessage request, Boolean async, Boolean doRequestAuth, CancellationToken cancellationToken)
         at System.Net.Http.DiagnosticsHandler.SendAsyncCore(HttpRequestMessage request, Boolean async, CancellationToken cancellationToken)
         at System.Net.Http.RedirectHandler.SendAsync(HttpRequestMessage request, Boolean async, CancellationToken cancellationToken)
         at Microsoft.Extensions.Http.Logging.LoggingHttpMessageHandler.<SendCoreAsync>g__Core|4_0(HttpRequestMessage request, Boolean useAsync, CancellationToken cancellationToken)
         at Microsoft.Extensions.Http.Logging.LoggingScopeHttpMessageHandler.<SendCoreAsync>g__Core|4_0(HttpRequestMessage request, Boolean useAsync, CancellationToken cancellationToken)
fail: Microsoft.AspNetCore.Diagnostics.DeveloperExceptionPageMiddleware[1]
      An unhandled exception has occurred while executing the request.
      System.Net.Http.HttpRequestException: An error occurred while sending the request.
       ---> System.Net.Http.HttpIOException: The response ended prematurely. (ResponseEnded)
         at System.Net.Http.HttpConnection.SendAsync(HttpRequestMessage request, Boolean async, CancellationToken cancellationToken)
         --- End of inner exception stack trace ---
         at System.Net.Http.HttpConnection.SendAsync(HttpRequestMessage request, Boolean async, CancellationToken cancellationToken)
         at System.Net.Http.HttpConnectionPool.SendWithVersionDetectionAndRetryAsync(HttpRequestMessage request, Boolean async, Boolean doRequestAuth, CancellationToken cancellationToken)
         at System.Net.Http.DiagnosticsHandler.SendAsyncCore(HttpRequestMessage request, Boolean async, CancellationToken cancellationToken)
         at System.Net.Http.RedirectHandler.SendAsync(HttpRequestMessage request, Boolean async, CancellationToken cancellationToken)
         at Microsoft.Extensions.Http.Logging.LoggingHttpMessageHandler.<SendCoreAsync>g__Core|4_0(HttpRequestMessage request, Boolean useAsync, CancellationToken cancellationToken)
         at Microsoft.Extensions.Http.Logging.LoggingScopeHttpMessageHandler.<SendCoreAsync>g__Core|4_0(HttpRequestMessage request, Boolean useAsync, CancellationToken cancellationToken)
         at System.Net.Http.HttpClient.<SendAsync>g__Core|83_0(HttpRequestMessage request, HttpCompletionOption completionOption, CancellationTokenSource cts, Boolean disposeCts, CancellationTokenSource pendingRequestsCts, CancellationToken originalCancellationToken)
         at Chatbot.Sst.Infrastructure.Dispatch.HttpChatbotDispatchClient.DispatchAsync(ChatQuestionSubmission submission, CancellationToken cancellationToken) in C:\Users\jvrincon\Documents\chatbot_aplicado_sst\app\back\src\Chatbot.Sst.Infrastructure\Dispatch\HttpChatbotDispatchClient.cs:line 53
         at Chatbot.Sst.Application.ChatDispatchCoordinator.SubmitAsync(ChatQuestionSubmission submission, CancellationToken cancellationToken) in C:\Users\jvrincon\Documents\chatbot_aplicado_sst\app\back\src\Chatbot.Sst.Application\ChatDispatchCoordinator.cs:line 38
         at Program.<>c.<<<Main>$>b__0_1>d.MoveNext() in C:\Users\jvrincon\Documents\chatbot_aplicado_sst\app\back\src\Chatbot.Sst.Api\Program.cs:line 62
      --- End of stack trace from previous location ---
         at Microsoft.AspNetCore.Http.RequestDelegateFactory.ExecuteTaskResult[T](Task`1 task, HttpContext httpContext)
         at Microsoft.AspNetCore.Http.RequestDelegateFactory.<>c__DisplayClass102_2.<<HandleRequestBodyAndCompileRequestDelegateForJson>b__2>d.MoveNext()
      --- End of stack trace from previous location ---
         at Microsoft.AspNetCore.Diagnostics.DeveloperExceptionPageMiddlewareImpl.Invoke(HttpContext context)
info: System.Net.Http.HttpClient.IChatbotDispatchClient.LogicalHandler[100]
      Start processing HTTP request GET http://127.0.0.1:8765/api/platform/projects/proj_sst-general/releases?*
info: System.Net.Http.HttpClient.IChatbotDispatchClient.ClientHandler[100]
      Sending HTTP request GET http://127.0.0.1:8765/api/platform/projects/proj_sst-general/releases?*
info: System.Net.Http.HttpClient.IChatbotDispatchClient.ClientHandler[101]
      Received HTTP response headers after 8.9682ms - 200
info: System.Net.Http.HttpClient.IChatbotDispatchClient.LogicalHandler[101]
      End processing HTTP request after 9.0298ms - 200
[ChatbotDispatch DEBUG] POST /api/chatbot/questions body={"project_id":"proj_sst-general","rag_variant_id":"ragv_local-bge","rag_release_id":"ragr_1d2f9c1a4f444da0","question":"Que lineamientos aplican a proveedores y contratistas en SST?","conversation_id":"conv_chunks_20260828171614","message_id":"msg_chunks_20260828171634_08","top_k":8}
info: System.Net.Http.HttpClient.IChatbotDispatchClient.LogicalHandler[100]
      Start processing HTTP request POST http://127.0.0.1:8765/api/chatbot/questions
info: System.Net.Http.HttpClient.IChatbotDispatchClient.ClientHandler[100]
      Sending HTTP request POST http://127.0.0.1:8765/api/chatbot/questions
info: System.Net.Http.HttpClient.ILlmProvider.LogicalHandler[100]
      Start processing HTTP request POST http://127.0.0.1:8001/v1/chat/completions
info: System.Net.Http.HttpClient.ILlmProvider.ClientHandler[100]
      Sending HTTP request POST http://127.0.0.1:8001/v1/chat/completions
info: System.Net.Http.HttpClient.ILlmProvider.ClientHandler[104]
      HTTP request failed after 2051.7102ms
      System.Net.Http.HttpRequestException: No se puede establecer una conexión ya que el equipo de destino denegó expresamente dicha conexión. (127.0.0.1:8001)
       ---> System.Net.Sockets.SocketException (10061): No se puede establecer una conexión ya que el equipo de destino denegó expresamente dicha conexión.
         at System.Net.Sockets.Socket.AwaitableSocketAsyncEventArgs.ThrowException(SocketError error, CancellationToken cancellationToken)
         at System.Net.Sockets.Socket.AwaitableSocketAsyncEventArgs.System.Threading.Tasks.Sources.IValueTaskSource.GetResult(Int16 token)
         at System.Net.Http.HttpConnectionPool.ConnectToTcpHostAsync(String host, Int32 port, HttpRequestMessage initialRequest, Boolean async, CancellationToken cancellationToken)
         --- End of inner exception stack trace ---
         at System.Net.Http.HttpConnectionPool.ConnectToTcpHostAsync(String host, Int32 port, HttpRequestMessage initialRequest, Boolean async, CancellationToken cancellationToken)
         at System.Net.Http.HttpConnectionPool.ConnectAsync(HttpRequestMessage request, Boolean async, CancellationToken cancellationToken)
         at System.Net.Http.HttpConnectionPool.CreateHttp11ConnectionAsync(HttpRequestMessage request, Boolean async, CancellationToken cancellationToken)
         at System.Net.Http.HttpConnectionPool.InjectNewHttp11ConnectionAsync(QueueItem queueItem)
         at System.Threading.Tasks.TaskCompletionSourceWithCancellation`1.WaitWithCancellationAsync(CancellationToken cancellationToken)
         at System.Net.Http.HttpConnectionPool.SendWithVersionDetectionAndRetryAsync(HttpRequestMessage request, Boolean async, Boolean doRequestAuth, CancellationToken cancellationToken)
         at System.Net.Http.DiagnosticsHandler.SendAsyncCore(HttpRequestMessage request, Boolean async, CancellationToken cancellationToken)
         at System.Net.Http.RedirectHandler.SendAsync(HttpRequestMessage request, Boolean async, CancellationToken cancellationToken)
         at Microsoft.Extensions.Http.Logging.LoggingHttpMessageHandler.<SendCoreAsync>g__Core|4_0(HttpRequestMessage request, Boolean useAsync, CancellationToken cancellationToken)
info: System.Net.Http.HttpClient.ILlmProvider.LogicalHandler[104]
      HTTP request failed after 2051.9284ms
      System.Net.Http.HttpRequestException: No se puede establecer una conexión ya que el equipo de destino denegó expresamente dicha conexión. (127.0.0.1:8001)
       ---> System.Net.Sockets.SocketException (10061): No se puede establecer una conexión ya que el equipo de destino denegó expresamente dicha conexión.
         at System.Net.Sockets.Socket.AwaitableSocketAsyncEventArgs.ThrowException(SocketError error, CancellationToken cancellationToken)
         at System.Net.Sockets.Socket.AwaitableSocketAsyncEventArgs.System.Threading.Tasks.Sources.IValueTaskSource.GetResult(Int16 token)
         at System.Net.Http.HttpConnectionPool.ConnectToTcpHostAsync(String host, Int32 port, HttpRequestMessage initialRequest, Boolean async, CancellationToken cancellationToken)
         --- End of inner exception stack trace ---
         at System.Net.Http.HttpConnectionPool.ConnectToTcpHostAsync(String host, Int32 port, HttpRequestMessage initialRequest, Boolean async, CancellationToken cancellationToken)
         at System.Net.Http.HttpConnectionPool.ConnectAsync(HttpRequestMessage request, Boolean async, CancellationToken cancellationToken)
         at System.Net.Http.HttpConnectionPool.CreateHttp11ConnectionAsync(HttpRequestMessage request, Boolean async, CancellationToken cancellationToken)
         at System.Net.Http.HttpConnectionPool.InjectNewHttp11ConnectionAsync(QueueItem queueItem)
         at System.Threading.Tasks.TaskCompletionSourceWithCancellation`1.WaitWithCancellationAsync(CancellationToken cancellationToken)
         at System.Net.Http.HttpConnectionPool.SendWithVersionDetectionAndRetryAsync(HttpRequestMessage request, Boolean async, Boolean doRequestAuth, CancellationToken cancellationToken)
         at System.Net.Http.DiagnosticsHandler.SendAsyncCore(HttpRequestMessage request, Boolean async, CancellationToken cancellationToken)
         at System.Net.Http.RedirectHandler.SendAsync(HttpRequestMessage request, Boolean async, CancellationToken cancellationToken)
         at Microsoft.Extensions.Http.Logging.LoggingHttpMessageHandler.<SendCoreAsync>g__Core|4_0(HttpRequestMessage request, Boolean useAsync, CancellationToken cancellationToken)
         at Microsoft.Extensions.Http.Logging.LoggingScopeHttpMessageHandler.<SendCoreAsync>g__Core|4_0(HttpRequestMessage request, Boolean useAsync, CancellationToken cancellationToken)
info: System.Net.Http.HttpClient.IChatbotDispatchClient.ClientHandler[101]
      Received HTTP response headers after 8381.1177ms - 502
info: System.Net.Http.HttpClient.IChatbotDispatchClient.LogicalHandler[101]
      End processing HTTP request after 8381.2069ms - 502
info: System.Net.Http.HttpClient.IChatbotDispatchClient.LogicalHandler[100]
      Start processing HTTP request GET http://127.0.0.1:8765/api/platform/projects/proj_sst-general/releases?*
info: System.Net.Http.HttpClient.IChatbotDispatchClient.ClientHandler[100]
      Sending HTTP request GET http://127.0.0.1:8765/api/platform/projects/proj_sst-general/releases?*
info: System.Net.Http.HttpClient.IChatbotDispatchClient.ClientHandler[101]
      Received HTTP response headers after 39.9873ms - 200
info: System.Net.Http.HttpClient.IChatbotDispatchClient.LogicalHandler[101]
      End processing HTTP request after 40.0439ms - 200
[ChatbotDispatch DEBUG] POST /api/chatbot/questions body={"project_id":"proj_sst-general","rag_variant_id":"ragv_local-bge","rag_release_id":"ragr_1d2f9c1a4f444da0","question":"Como se hacen auditorias internas del SG-SST?","conversation_id":"conv_chunks_20260828171614","message_id":"msg_chunks_20260828171642_09","top_k":8}
info: System.Net.Http.HttpClient.IChatbotDispatchClient.LogicalHandler[100]
      Start processing HTTP request POST http://127.0.0.1:8765/api/chatbot/questions
info: System.Net.Http.HttpClient.IChatbotDispatchClient.ClientHandler[100]
      Sending HTTP request POST http://127.0.0.1:8765/api/chatbot/questions
info: System.Net.Http.HttpClient.ILlmProvider.LogicalHandler[100]
      Start processing HTTP request POST http://127.0.0.1:8001/v1/chat/completions
info: System.Net.Http.HttpClient.ILlmProvider.ClientHandler[100]
      Sending HTTP request POST http://127.0.0.1:8001/v1/chat/completions
info: System.Net.Http.HttpClient.ILlmProvider.ClientHandler[104]
      HTTP request failed after 2035.6983ms
      System.Net.Http.HttpRequestException: No se puede establecer una conexión ya que el equipo de destino denegó expresamente dicha conexión. (127.0.0.1:8001)
       ---> System.Net.Sockets.SocketException (10061): No se puede establecer una conexión ya que el equipo de destino denegó expresamente dicha conexión.
         at System.Net.Sockets.Socket.AwaitableSocketAsyncEventArgs.ThrowException(SocketError error, CancellationToken cancellationToken)
         at System.Net.Sockets.Socket.AwaitableSocketAsyncEventArgs.System.Threading.Tasks.Sources.IValueTaskSource.GetResult(Int16 token)
         at System.Net.Http.HttpConnectionPool.ConnectToTcpHostAsync(String host, Int32 port, HttpRequestMessage initialRequest, Boolean async, CancellationToken cancellationToken)
         --- End of inner exception stack trace ---
         at System.Net.Http.HttpConnectionPool.ConnectToTcpHostAsync(String host, Int32 port, HttpRequestMessage initialRequest, Boolean async, CancellationToken cancellationToken)
         at System.Net.Http.HttpConnectionPool.ConnectAsync(HttpRequestMessage request, Boolean async, CancellationToken cancellationToken)
         at System.Net.Http.HttpConnectionPool.CreateHttp11ConnectionAsync(HttpRequestMessage request, Boolean async, CancellationToken cancellationToken)
         at System.Net.Http.HttpConnectionPool.InjectNewHttp11ConnectionAsync(QueueItem queueItem)
         at System.Threading.Tasks.TaskCompletionSourceWithCancellation`1.WaitWithCancellationAsync(CancellationToken cancellationToken)
         at System.Net.Http.HttpConnectionPool.SendWithVersionDetectionAndRetryAsync(HttpRequestMessage request, Boolean async, Boolean doRequestAuth, CancellationToken cancellationToken)
         at System.Net.Http.DiagnosticsHandler.SendAsyncCore(HttpRequestMessage request, Boolean async, CancellationToken cancellationToken)
         at System.Net.Http.RedirectHandler.SendAsync(HttpRequestMessage request, Boolean async, CancellationToken cancellationToken)
         at Microsoft.Extensions.Http.Logging.LoggingHttpMessageHandler.<SendCoreAsync>g__Core|4_0(HttpRequestMessage request, Boolean useAsync, CancellationToken cancellationToken)
info: System.Net.Http.HttpClient.ILlmProvider.LogicalHandler[104]
      HTTP request failed after 2035.9149ms
      System.Net.Http.HttpRequestException: No se puede establecer una conexión ya que el equipo de destino denegó expresamente dicha conexión. (127.0.0.1:8001)
       ---> System.Net.Sockets.SocketException (10061): No se puede establecer una conexión ya que el equipo de destino denegó expresamente dicha conexión.
         at System.Net.Sockets.Socket.AwaitableSocketAsyncEventArgs.ThrowException(SocketError error, CancellationToken cancellationToken)
         at System.Net.Sockets.Socket.AwaitableSocketAsyncEventArgs.System.Threading.Tasks.Sources.IValueTaskSource.GetResult(Int16 token)
         at System.Net.Http.HttpConnectionPool.ConnectToTcpHostAsync(String host, Int32 port, HttpRequestMessage initialRequest, Boolean async, CancellationToken cancellationToken)
         --- End of inner exception stack trace ---
         at System.Net.Http.HttpConnectionPool.ConnectToTcpHostAsync(String host, Int32 port, HttpRequestMessage initialRequest, Boolean async, CancellationToken cancellationToken)
         at System.Net.Http.HttpConnectionPool.ConnectAsync(HttpRequestMessage request, Boolean async, CancellationToken cancellationToken)
         at System.Net.Http.HttpConnectionPool.CreateHttp11ConnectionAsync(HttpRequestMessage request, Boolean async, CancellationToken cancellationToken)
         at System.Net.Http.HttpConnectionPool.InjectNewHttp11ConnectionAsync(QueueItem queueItem)
         at System.Threading.Tasks.TaskCompletionSourceWithCancellation`1.WaitWithCancellationAsync(CancellationToken cancellationToken)
         at System.Net.Http.HttpConnectionPool.SendWithVersionDetectionAndRetryAsync(HttpRequestMessage request, Boolean async, Boolean doRequestAuth, CancellationToken cancellationToken)
         at System.Net.Http.DiagnosticsHandler.SendAsyncCore(HttpRequestMessage request, Boolean async, CancellationToken cancellationToken)
         at System.Net.Http.RedirectHandler.SendAsync(HttpRequestMessage request, Boolean async, CancellationToken cancellationToken)
         at Microsoft.Extensions.Http.Logging.LoggingHttpMessageHandler.<SendCoreAsync>g__Core|4_0(HttpRequestMessage request, Boolean useAsync, CancellationToken cancellationToken)
         at Microsoft.Extensions.Http.Logging.LoggingScopeHttpMessageHandler.<SendCoreAsync>g__Core|4_0(HttpRequestMessage request, Boolean useAsync, CancellationToken cancellationToken)
info: System.Net.Http.HttpClient.IChatbotDispatchClient.ClientHandler[101]
      Received HTTP response headers after 7646.0364ms - 502
info: System.Net.Http.HttpClient.IChatbotDispatchClient.LogicalHandler[101]
      End processing HTTP request after 7646.1028ms - 502
info: System.Net.Http.HttpClient.IChatbotDispatchClient.LogicalHandler[100]
      Start processing HTTP request GET http://127.0.0.1:8765/api/platform/projects/proj_sst-general/releases?*
info: System.Net.Http.HttpClient.IChatbotDispatchClient.ClientHandler[100]
      Sending HTTP request GET http://127.0.0.1:8765/api/platform/projects/proj_sst-general/releases?*
info: System.Net.Http.HttpClient.IChatbotDispatchClient.ClientHandler[101]
      Received HTTP response headers after 35.269ms - 200
info: System.Net.Http.HttpClient.IChatbotDispatchClient.LogicalHandler[101]
      End processing HTTP request after 35.3567ms - 200
[ChatbotDispatch DEBUG] POST /api/chatbot/questions body={"project_id":"proj_sst-general","rag_variant_id":"ragv_local-bge","rag_release_id":"ragr_1d2f9c1a4f444da0","question":"Como se revisa el SG-SST por la alta direccion?","conversation_id":"conv_chunks_20260828171614","message_id":"msg_chunks_20260828171650_10","top_k":8}
info: System.Net.Http.HttpClient.IChatbotDispatchClient.LogicalHandler[100]
      Start processing HTTP request POST http://127.0.0.1:8765/api/chatbot/questions
info: System.Net.Http.HttpClient.IChatbotDispatchClient.ClientHandler[100]
      Sending HTTP request POST http://127.0.0.1:8765/api/chatbot/questions
info: System.Net.Http.HttpClient.IChatbotDispatchClient.ClientHandler[104]
      HTTP request failed after 0.4138ms
      System.Net.Http.HttpRequestException: An error occurred while sending the request.
       ---> System.Net.Http.HttpIOException: The response ended prematurely. (ResponseEnded)
         at System.Net.Http.HttpConnection.SendAsync(HttpRequestMessage request, Boolean async, CancellationToken cancellationToken)
         --- End of inner exception stack trace ---
         at System.Net.Http.HttpConnection.SendAsync(HttpRequestMessage request, Boolean async, CancellationToken cancellationToken)
         at System.Net.Http.HttpConnectionPool.SendWithVersionDetectionAndRetryAsync(HttpRequestMessage request, Boolean async, Boolean doRequestAuth, CancellationToken cancellationToken)
         at System.Net.Http.DiagnosticsHandler.SendAsyncCore(HttpRequestMessage request, Boolean async, CancellationToken cancellationToken)
         at System.Net.Http.RedirectHandler.SendAsync(HttpRequestMessage request, Boolean async, CancellationToken cancellationToken)
         at Microsoft.Extensions.Http.Logging.LoggingHttpMessageHandler.<SendCoreAsync>g__Core|4_0(HttpRequestMessage request, Boolean useAsync, CancellationToken cancellationToken)
info: System.Net.Http.HttpClient.IChatbotDispatchClient.LogicalHandler[104]
      HTTP request failed after 0.5107ms
      System.Net.Http.HttpRequestException: An error occurred while sending the request.
       ---> System.Net.Http.HttpIOException: The response ended prematurely. (ResponseEnded)
         at System.Net.Http.HttpConnection.SendAsync(HttpRequestMessage request, Boolean async, CancellationToken cancellationToken)
         --- End of inner exception stack trace ---
         at System.Net.Http.HttpConnection.SendAsync(HttpRequestMessage request, Boolean async, CancellationToken cancellationToken)
         at System.Net.Http.HttpConnectionPool.SendWithVersionDetectionAndRetryAsync(HttpRequestMessage request, Boolean async, Boolean doRequestAuth, CancellationToken cancellationToken)
         at System.Net.Http.DiagnosticsHandler.SendAsyncCore(HttpRequestMessage request, Boolean async, CancellationToken cancellationToken)
         at System.Net.Http.RedirectHandler.SendAsync(HttpRequestMessage request, Boolean async, CancellationToken cancellationToken)
         at Microsoft.Extensions.Http.Logging.LoggingHttpMessageHandler.<SendCoreAsync>g__Core|4_0(HttpRequestMessage request, Boolean useAsync, CancellationToken cancellationToken)
         at Microsoft.Extensions.Http.Logging.LoggingScopeHttpMessageHandler.<SendCoreAsync>g__Core|4_0(HttpRequestMessage request, Boolean useAsync, CancellationToken cancellationToken)
fail: Microsoft.AspNetCore.Diagnostics.DeveloperExceptionPageMiddleware[1]
      An unhandled exception has occurred while executing the request.
      System.Net.Http.HttpRequestException: An error occurred while sending the request.
       ---> System.Net.Http.HttpIOException: The response ended prematurely. (ResponseEnded)
         at System.Net.Http.HttpConnection.SendAsync(HttpRequestMessage request, Boolean async, CancellationToken cancellationToken)
         --- End of inner exception stack trace ---
         at System.Net.Http.HttpConnection.SendAsync(HttpRequestMessage request, Boolean async, CancellationToken cancellationToken)
         at System.Net.Http.HttpConnectionPool.SendWithVersionDetectionAndRetryAsync(HttpRequestMessage request, Boolean async, Boolean doRequestAuth, CancellationToken cancellationToken)
         at System.Net.Http.DiagnosticsHandler.SendAsyncCore(HttpRequestMessage request, Boolean async, CancellationToken cancellationToken)
         at System.Net.Http.RedirectHandler.SendAsync(HttpRequestMessage request, Boolean async, CancellationToken cancellationToken)
         at Microsoft.Extensions.Http.Logging.LoggingHttpMessageHandler.<SendCoreAsync>g__Core|4_0(HttpRequestMessage request, Boolean useAsync, CancellationToken cancellationToken)
         at Microsoft.Extensions.Http.Logging.LoggingScopeHttpMessageHandler.<SendCoreAsync>g__Core|4_0(HttpRequestMessage request, Boolean useAsync, CancellationToken cancellationToken)
         at System.Net.Http.HttpClient.<SendAsync>g__Core|83_0(HttpRequestMessage request, HttpCompletionOption completionOption, CancellationTokenSource cts, Boolean disposeCts, CancellationTokenSource pendingRequestsCts, CancellationToken originalCancellationToken)
         at Chatbot.Sst.Infrastructure.Dispatch.HttpChatbotDispatchClient.DispatchAsync(ChatQuestionSubmission submission, CancellationToken cancellationToken) in C:\Users\jvrincon\Documents\chatbot_aplicado_sst\app\back\src\Chatbot.Sst.Infrastructure\Dispatch\HttpChatbotDispatchClient.cs:line 53
         at Chatbot.Sst.Application.ChatDispatchCoordinator.SubmitAsync(ChatQuestionSubmission submission, CancellationToken cancellationToken) in C:\Users\jvrincon\Documents\chatbot_aplicado_sst\app\back\src\Chatbot.Sst.Application\ChatDispatchCoordinator.cs:line 38
         at Program.<>c.<<<Main>$>b__0_1>d.MoveNext() in C:\Users\jvrincon\Documents\chatbot_aplicado_sst\app\back\src\Chatbot.Sst.Api\Program.cs:line 62
      --- End of stack trace from previous location ---
         at Microsoft.AspNetCore.Http.RequestDelegateFactory.ExecuteTaskResult[T](Task`1 task, HttpContext httpContext)
         at Microsoft.AspNetCore.Http.RequestDelegateFactory.<>c__DisplayClass102_2.<<HandleRequestBodyAndCompileRequestDelegateForJson>b__2>d.MoveNext()
      --- End of stack trace from previous location ---
         at Microsoft.AspNetCore.Diagnostics.DeveloperExceptionPageMiddlewareImpl.Invoke(HttpContext context)
info: System.Net.Http.HttpClient.IChatbotDispatchClient.LogicalHandler[100]
      Start processing HTTP request GET http://127.0.0.1:8765/api/platform/projects/proj_sst-general/releases?*
info: System.Net.Http.HttpClient.IChatbotDispatchClient.ClientHandler[100]
      Sending HTTP request GET http://127.0.0.1:8765/api/platform/projects/proj_sst-general/releases?*
info: System.Net.Http.HttpClient.IChatbotDispatchClient.ClientHandler[101]
      Received HTTP response headers after 7.8031ms - 200
info: System.Net.Http.HttpClient.IChatbotDispatchClient.LogicalHandler[101]
      End processing HTTP request after 7.8512ms - 200
[ChatbotDispatch DEBUG] POST /api/chatbot/questions body={"project_id":"proj_sst-general","rag_variant_id":"ragv_local-bge","rag_release_id":"ragr_1d2f9c1a4f444da0","question":"Que fuentes se usan para identificar oportunidades de mejora continua?","conversation_id":"conv_chunks_20260828171614","message_id":"msg_chunks_20260828171650_11","top_k":8}
info: System.Net.Http.HttpClient.IChatbotDispatchClient.LogicalHandler[100]
      Start processing HTTP request POST http://127.0.0.1:8765/api/chatbot/questions
info: System.Net.Http.HttpClient.IChatbotDispatchClient.ClientHandler[100]
      Sending HTTP request POST http://127.0.0.1:8765/api/chatbot/questions
info: System.Net.Http.HttpClient.IChatbotDispatchClient.ClientHandler[104]
      HTTP request failed after 0.4653ms
      System.Net.Http.HttpRequestException: An error occurred while sending the request.
       ---> System.Net.Http.HttpIOException: The response ended prematurely. (ResponseEnded)
         at System.Net.Http.HttpConnection.SendAsync(HttpRequestMessage request, Boolean async, CancellationToken cancellationToken)
         --- End of inner exception stack trace ---
         at System.Net.Http.HttpConnection.SendAsync(HttpRequestMessage request, Boolean async, CancellationToken cancellationToken)
         at System.Net.Http.HttpConnectionPool.SendWithVersionDetectionAndRetryAsync(HttpRequestMessage request, Boolean async, Boolean doRequestAuth, CancellationToken cancellationToken)
         at System.Net.Http.DiagnosticsHandler.SendAsyncCore(HttpRequestMessage request, Boolean async, CancellationToken cancellationToken)
         at System.Net.Http.RedirectHandler.SendAsync(HttpRequestMessage request, Boolean async, CancellationToken cancellationToken)
         at Microsoft.Extensions.Http.Logging.LoggingHttpMessageHandler.<SendCoreAsync>g__Core|4_0(HttpRequestMessage request, Boolean useAsync, CancellationToken cancellationToken)
info: System.Net.Http.HttpClient.IChatbotDispatchClient.LogicalHandler[104]
      HTTP request failed after 0.5696ms
      System.Net.Http.HttpRequestException: An error occurred while sending the request.
       ---> System.Net.Http.HttpIOException: The response ended prematurely. (ResponseEnded)
         at System.Net.Http.HttpConnection.SendAsync(HttpRequestMessage request, Boolean async, CancellationToken cancellationToken)
         --- End of inner exception stack trace ---
         at System.Net.Http.HttpConnection.SendAsync(HttpRequestMessage request, Boolean async, CancellationToken cancellationToken)
         at System.Net.Http.HttpConnectionPool.SendWithVersionDetectionAndRetryAsync(HttpRequestMessage request, Boolean async, Boolean doRequestAuth, CancellationToken cancellationToken)
         at System.Net.Http.DiagnosticsHandler.SendAsyncCore(HttpRequestMessage request, Boolean async, CancellationToken cancellationToken)
         at System.Net.Http.RedirectHandler.SendAsync(HttpRequestMessage request, Boolean async, CancellationToken cancellationToken)
         at Microsoft.Extensions.Http.Logging.LoggingHttpMessageHandler.<SendCoreAsync>g__Core|4_0(HttpRequestMessage request, Boolean useAsync, CancellationToken cancellationToken)
         at Microsoft.Extensions.Http.Logging.LoggingScopeHttpMessageHandler.<SendCoreAsync>g__Core|4_0(HttpRequestMessage request, Boolean useAsync, CancellationToken cancellationToken)
fail: Microsoft.AspNetCore.Diagnostics.DeveloperExceptionPageMiddleware[1]
      An unhandled exception has occurred while executing the request.
      System.Net.Http.HttpRequestException: An error occurred while sending the request.
       ---> System.Net.Http.HttpIOException: The response ended prematurely. (ResponseEnded)
         at System.Net.Http.HttpConnection.SendAsync(HttpRequestMessage request, Boolean async, CancellationToken cancellationToken)
         --- End of inner exception stack trace ---
         at System.Net.Http.HttpConnection.SendAsync(HttpRequestMessage request, Boolean async, CancellationToken cancellationToken)
         at System.Net.Http.HttpConnectionPool.SendWithVersionDetectionAndRetryAsync(HttpRequestMessage request, Boolean async, Boolean doRequestAuth, CancellationToken cancellationToken)
         at System.Net.Http.DiagnosticsHandler.SendAsyncCore(HttpRequestMessage request, Boolean async, CancellationToken cancellationToken)
         at System.Net.Http.RedirectHandler.SendAsync(HttpRequestMessage request, Boolean async, CancellationToken cancellationToken)
         at Microsoft.Extensions.Http.Logging.LoggingHttpMessageHandler.<SendCoreAsync>g__Core|4_0(HttpRequestMessage request, Boolean useAsync, CancellationToken cancellationToken)
         at Microsoft.Extensions.Http.Logging.LoggingScopeHttpMessageHandler.<SendCoreAsync>g__Core|4_0(HttpRequestMessage request, Boolean useAsync, CancellationToken cancellationToken)
         at System.Net.Http.HttpClient.<SendAsync>g__Core|83_0(HttpRequestMessage request, HttpCompletionOption completionOption, CancellationTokenSource cts, Boolean disposeCts, CancellationTokenSource pendingRequestsCts, CancellationToken originalCancellationToken)
         at Chatbot.Sst.Infrastructure.Dispatch.HttpChatbotDispatchClient.DispatchAsync(ChatQuestionSubmission submission, CancellationToken cancellationToken) in C:\Users\jvrincon\Documents\chatbot_aplicado_sst\app\back\src\Chatbot.Sst.Infrastructure\Dispatch\HttpChatbotDispatchClient.cs:line 53
         at Chatbot.Sst.Application.ChatDispatchCoordinator.SubmitAsync(ChatQuestionSubmission submission, CancellationToken cancellationToken) in C:\Users\jvrincon\Documents\chatbot_aplicado_sst\app\back\src\Chatbot.Sst.Application\ChatDispatchCoordinator.cs:line 38
         at Program.<>c.<<<Main>$>b__0_1>d.MoveNext() in C:\Users\jvrincon\Documents\chatbot_aplicado_sst\app\back\src\Chatbot.Sst.Api\Program.cs:line 62
      --- End of stack trace from previous location ---
         at Microsoft.AspNetCore.Http.RequestDelegateFactory.ExecuteTaskResult[T](Task`1 task, HttpContext httpContext)
         at Microsoft.AspNetCore.Http.RequestDelegateFactory.<>c__DisplayClass102_2.<<HandleRequestBodyAndCompileRequestDelegateForJson>b__2>d.MoveNext()
      --- End of stack trace from previous location ---
         at Microsoft.AspNetCore.Diagnostics.DeveloperExceptionPageMiddlewareImpl.Invoke(HttpContext context)
info: System.Net.Http.HttpClient.IChatbotDispatchClient.LogicalHandler[100]
      Start processing HTTP request GET http://127.0.0.1:8765/api/platform/projects/proj_sst-general/releases?*
info: System.Net.Http.HttpClient.IChatbotDispatchClient.ClientHandler[100]
      Sending HTTP request GET http://127.0.0.1:8765/api/platform/projects/proj_sst-general/releases?*
info: System.Net.Http.HttpClient.IChatbotDispatchClient.ClientHandler[101]
      Received HTTP response headers after 7.0356ms - 200
info: System.Net.Http.HttpClient.IChatbotDispatchClient.LogicalHandler[101]
      End processing HTTP request after 7.0776ms - 200
[ChatbotDispatch DEBUG] POST /api/chatbot/questions body={"project_id":"proj_sst-general","rag_variant_id":"ragv_local-bge","rag_release_id":"ragr_1d2f9c1a4f444da0","question":"Como se gestionan las acciones correctivas y preventivas?","conversation_id":"conv_chunks_20260828171614","message_id":"msg_chunks_20260828171650_12","top_k":8}
info: System.Net.Http.HttpClient.IChatbotDispatchClient.LogicalHandler[100]
      Start processing HTTP request POST http://127.0.0.1:8765/api/chatbot/questions
info: System.Net.Http.HttpClient.IChatbotDispatchClient.ClientHandler[100]
      Sending HTTP request POST http://127.0.0.1:8765/api/chatbot/questions
info: System.Net.Http.HttpClient.IChatbotDispatchClient.ClientHandler[104]
      HTTP request failed after 0.3941ms
      System.Net.Http.HttpRequestException: An error occurred while sending the request.
       ---> System.Net.Http.HttpIOException: The response ended prematurely. (ResponseEnded)
         at System.Net.Http.HttpConnection.SendAsync(HttpRequestMessage request, Boolean async, CancellationToken cancellationToken)
         --- End of inner exception stack trace ---
         at System.Net.Http.HttpConnection.SendAsync(HttpRequestMessage request, Boolean async, CancellationToken cancellationToken)
         at System.Net.Http.HttpConnectionPool.SendWithVersionDetectionAndRetryAsync(HttpRequestMessage request, Boolean async, Boolean doRequestAuth, CancellationToken cancellationToken)
         at System.Net.Http.DiagnosticsHandler.SendAsyncCore(HttpRequestMessage request, Boolean async, CancellationToken cancellationToken)
         at System.Net.Http.RedirectHandler.SendAsync(HttpRequestMessage request, Boolean async, CancellationToken cancellationToken)
         at Microsoft.Extensions.Http.Logging.LoggingHttpMessageHandler.<SendCoreAsync>g__Core|4_0(HttpRequestMessage request, Boolean useAsync, CancellationToken cancellationToken)
info: System.Net.Http.HttpClient.IChatbotDispatchClient.LogicalHandler[104]
      HTTP request failed after 0.4869ms
      System.Net.Http.HttpRequestException: An error occurred while sending the request.
       ---> System.Net.Http.HttpIOException: The response ended prematurely. (ResponseEnded)
         at System.Net.Http.HttpConnection.SendAsync(HttpRequestMessage request, Boolean async, CancellationToken cancellationToken)
         --- End of inner exception stack trace ---
         at System.Net.Http.HttpConnection.SendAsync(HttpRequestMessage request, Boolean async, CancellationToken cancellationToken)
         at System.Net.Http.HttpConnectionPool.SendWithVersionDetectionAndRetryAsync(HttpRequestMessage request, Boolean async, Boolean doRequestAuth, CancellationToken cancellationToken)
         at System.Net.Http.DiagnosticsHandler.SendAsyncCore(HttpRequestMessage request, Boolean async, CancellationToken cancellationToken)
         at System.Net.Http.RedirectHandler.SendAsync(HttpRequestMessage request, Boolean async, CancellationToken cancellationToken)
         at Microsoft.Extensions.Http.Logging.LoggingHttpMessageHandler.<SendCoreAsync>g__Core|4_0(HttpRequestMessage request, Boolean useAsync, CancellationToken cancellationToken)
         at Microsoft.Extensions.Http.Logging.LoggingScopeHttpMessageHandler.<SendCoreAsync>g__Core|4_0(HttpRequestMessage request, Boolean useAsync, CancellationToken cancellationToken)
fail: Microsoft.AspNetCore.Diagnostics.DeveloperExceptionPageMiddleware[1]
      An unhandled exception has occurred while executing the request.
      System.Net.Http.HttpRequestException: An error occurred while sending the request.
       ---> System.Net.Http.HttpIOException: The response ended prematurely. (ResponseEnded)
         at System.Net.Http.HttpConnection.SendAsync(HttpRequestMessage request, Boolean async, CancellationToken cancellationToken)
         --- End of inner exception stack trace ---
         at System.Net.Http.HttpConnection.SendAsync(HttpRequestMessage request, Boolean async, CancellationToken cancellationToken)
         at System.Net.Http.HttpConnectionPool.SendWithVersionDetectionAndRetryAsync(HttpRequestMessage request, Boolean async, Boolean doRequestAuth, CancellationToken cancellationToken)
         at System.Net.Http.DiagnosticsHandler.SendAsyncCore(HttpRequestMessage request, Boolean async, CancellationToken cancellationToken)
         at System.Net.Http.RedirectHandler.SendAsync(HttpRequestMessage request, Boolean async, CancellationToken cancellationToken)
         at Microsoft.Extensions.Http.Logging.LoggingHttpMessageHandler.<SendCoreAsync>g__Core|4_0(HttpRequestMessage request, Boolean useAsync, CancellationToken cancellationToken)
         at Microsoft.Extensions.Http.Logging.LoggingScopeHttpMessageHandler.<SendCoreAsync>g__Core|4_0(HttpRequestMessage request, Boolean useAsync, CancellationToken cancellationToken)
         at System.Net.Http.HttpClient.<SendAsync>g__Core|83_0(HttpRequestMessage request, HttpCompletionOption completionOption, CancellationTokenSource cts, Boolean disposeCts, CancellationTokenSource pendingRequestsCts, CancellationToken originalCancellationToken)
         at Chatbot.Sst.Infrastructure.Dispatch.HttpChatbotDispatchClient.DispatchAsync(ChatQuestionSubmission submission, CancellationToken cancellationToken) in C:\Users\jvrincon\Documents\chatbot_aplicado_sst\app\back\src\Chatbot.Sst.Infrastructure\Dispatch\HttpChatbotDispatchClient.cs:line 53
         at Chatbot.Sst.Application.ChatDispatchCoordinator.SubmitAsync(ChatQuestionSubmission submission, CancellationToken cancellationToken) in C:\Users\jvrincon\Documents\chatbot_aplicado_sst\app\back\src\Chatbot.Sst.Application\ChatDispatchCoordinator.cs:line 38
         at Program.<>c.<<<Main>$>b__0_1>d.MoveNext() in C:\Users\jvrincon\Documents\chatbot_aplicado_sst\app\back\src\Chatbot.Sst.Api\Program.cs:line 62
      --- End of stack trace from previous location ---
         at Microsoft.AspNetCore.Http.RequestDelegateFactory.ExecuteTaskResult[T](Task`1 task, HttpContext httpContext)
         at Microsoft.AspNetCore.Http.RequestDelegateFactory.<>c__DisplayClass102_2.<<HandleRequestBodyAndCompileRequestDelegateForJson>b__2>d.MoveNext()
      --- End of stack trace from previous location ---
         at Microsoft.AspNetCore.Diagnostics.DeveloperExceptionPageMiddlewareImpl.Invoke(HttpContext context)
info: System.Net.Http.HttpClient.IChatbotDispatchClient.LogicalHandler[100]
      Start processing HTTP request GET http://127.0.0.1:8765/api/platform/projects/proj_sst-general/releases?*
info: System.Net.Http.HttpClient.IChatbotDispatchClient.ClientHandler[100]
      Sending HTTP request GET http://127.0.0.1:8765/api/platform/projects/proj_sst-general/releases?*
info: System.Net.Http.HttpClient.IChatbotDispatchClient.ClientHandler[101]
      Received HTTP response headers after 19.8942ms - 200
info: System.Net.Http.HttpClient.IChatbotDispatchClient.LogicalHandler[101]
      End processing HTTP request after 19.9964ms - 200
[ChatbotDispatch DEBUG] POST /api/chatbot/questions body={"project_id":"proj_sst-general","rag_variant_id":"ragv_local-bge","rag_release_id":"ragr_1d2f9c1a4f444da0","question":"Como se investigan incidentes accidentes y enfermedades laborales?","conversation_id":"conv_chunks_20260828171614","message_id":"msg_chunks_20260828171650_13","top_k":8}
info: System.Net.Http.HttpClient.IChatbotDispatchClient.LogicalHandler[100]
      Start processing HTTP request POST http://127.0.0.1:8765/api/chatbot/questions
info: System.Net.Http.HttpClient.IChatbotDispatchClient.ClientHandler[100]
      Sending HTTP request POST http://127.0.0.1:8765/api/chatbot/questions
info: System.Net.Http.HttpClient.IChatbotDispatchClient.ClientHandler[104]
      HTTP request failed after 0.9778ms
      System.Net.Http.HttpRequestException: An error occurred while sending the request.
       ---> System.Net.Http.HttpIOException: The response ended prematurely. (ResponseEnded)
         at System.Net.Http.HttpConnection.SendAsync(HttpRequestMessage request, Boolean async, CancellationToken cancellationToken)
         --- End of inner exception stack trace ---
         at System.Net.Http.HttpConnection.SendAsync(HttpRequestMessage request, Boolean async, CancellationToken cancellationToken)
         at System.Net.Http.HttpConnectionPool.SendWithVersionDetectionAndRetryAsync(HttpRequestMessage request, Boolean async, Boolean doRequestAuth, CancellationToken cancellationToken)
         at System.Net.Http.DiagnosticsHandler.SendAsyncCore(HttpRequestMessage request, Boolean async, CancellationToken cancellationToken)
         at System.Net.Http.RedirectHandler.SendAsync(HttpRequestMessage request, Boolean async, CancellationToken cancellationToken)
         at Microsoft.Extensions.Http.Logging.LoggingHttpMessageHandler.<SendCoreAsync>g__Core|4_0(HttpRequestMessage request, Boolean useAsync, CancellationToken cancellationToken)
info: System.Net.Http.HttpClient.IChatbotDispatchClient.LogicalHandler[104]
      HTTP request failed after 1.5582ms
      System.Net.Http.HttpRequestException: An error occurred while sending the request.
       ---> System.Net.Http.HttpIOException: The response ended prematurely. (ResponseEnded)
         at System.Net.Http.HttpConnection.SendAsync(HttpRequestMessage request, Boolean async, CancellationToken cancellationToken)
         --- End of inner exception stack trace ---
         at System.Net.Http.HttpConnection.SendAsync(HttpRequestMessage request, Boolean async, CancellationToken cancellationToken)
         at System.Net.Http.HttpConnectionPool.SendWithVersionDetectionAndRetryAsync(HttpRequestMessage request, Boolean async, Boolean doRequestAuth, CancellationToken cancellationToken)
         at System.Net.Http.DiagnosticsHandler.SendAsyncCore(HttpRequestMessage request, Boolean async, CancellationToken cancellationToken)
         at System.Net.Http.RedirectHandler.SendAsync(HttpRequestMessage request, Boolean async, CancellationToken cancellationToken)
         at Microsoft.Extensions.Http.Logging.LoggingHttpMessageHandler.<SendCoreAsync>g__Core|4_0(HttpRequestMessage request, Boolean useAsync, CancellationToken cancellationToken)
         at Microsoft.Extensions.Http.Logging.LoggingScopeHttpMessageHandler.<SendCoreAsync>g__Core|4_0(HttpRequestMessage request, Boolean useAsync, CancellationToken cancellationToken)
fail: Microsoft.AspNetCore.Diagnostics.DeveloperExceptionPageMiddleware[1]
      An unhandled exception has occurred while executing the request.
      System.Net.Http.HttpRequestException: An error occurred while sending the request.
       ---> System.Net.Http.HttpIOException: The response ended prematurely. (ResponseEnded)
         at System.Net.Http.HttpConnection.SendAsync(HttpRequestMessage request, Boolean async, CancellationToken cancellationToken)
         --- End of inner exception stack trace ---
         at System.Net.Http.HttpConnection.SendAsync(HttpRequestMessage request, Boolean async, CancellationToken cancellationToken)
         at System.Net.Http.HttpConnectionPool.SendWithVersionDetectionAndRetryAsync(HttpRequestMessage request, Boolean async, Boolean doRequestAuth, CancellationToken cancellationToken)
         at System.Net.Http.DiagnosticsHandler.SendAsyncCore(HttpRequestMessage request, Boolean async, CancellationToken cancellationToken)
         at System.Net.Http.RedirectHandler.SendAsync(HttpRequestMessage request, Boolean async, CancellationToken cancellationToken)
         at Microsoft.Extensions.Http.Logging.LoggingHttpMessageHandler.<SendCoreAsync>g__Core|4_0(HttpRequestMessage request, Boolean useAsync, CancellationToken cancellationToken)
         at Microsoft.Extensions.Http.Logging.LoggingScopeHttpMessageHandler.<SendCoreAsync>g__Core|4_0(HttpRequestMessage request, Boolean useAsync, CancellationToken cancellationToken)
         at System.Net.Http.HttpClient.<SendAsync>g__Core|83_0(HttpRequestMessage request, HttpCompletionOption completionOption, CancellationTokenSource cts, Boolean disposeCts, CancellationTokenSource pendingRequestsCts, CancellationToken originalCancellationToken)
         at Chatbot.Sst.Infrastructure.Dispatch.HttpChatbotDispatchClient.DispatchAsync(ChatQuestionSubmission submission, CancellationToken cancellationToken) in C:\Users\jvrincon\Documents\chatbot_aplicado_sst\app\back\src\Chatbot.Sst.Infrastructure\Dispatch\HttpChatbotDispatchClient.cs:line 53
         at Chatbot.Sst.Application.ChatDispatchCoordinator.SubmitAsync(ChatQuestionSubmission submission, CancellationToken cancellationToken) in C:\Users\jvrincon\Documents\chatbot_aplicado_sst\app\back\src\Chatbot.Sst.Application\ChatDispatchCoordinator.cs:line 38
         at Program.<>c.<<<Main>$>b__0_1>d.MoveNext() in C:\Users\jvrincon\Documents\chatbot_aplicado_sst\app\back\src\Chatbot.Sst.Api\Program.cs:line 62
      --- End of stack trace from previous location ---
         at Microsoft.AspNetCore.Http.RequestDelegateFactory.ExecuteTaskResult[T](Task`1 task, HttpContext httpContext)
         at Microsoft.AspNetCore.Http.RequestDelegateFactory.<>c__DisplayClass102_2.<<HandleRequestBodyAndCompileRequestDelegateForJson>b__2>d.MoveNext()
      --- End of stack trace from previous location ---
         at Microsoft.AspNetCore.Diagnostics.DeveloperExceptionPageMiddlewareImpl.Invoke(HttpContext context)
info: System.Net.Http.HttpClient.IChatbotDispatchClient.LogicalHandler[100]
      Start processing HTTP request GET http://127.0.0.1:8765/api/platform/projects/proj_sst-general/releases?*
info: System.Net.Http.HttpClient.IChatbotDispatchClient.ClientHandler[100]
      Sending HTTP request GET http://127.0.0.1:8765/api/platform/projects/proj_sst-general/releases?*
info: System.Net.Http.HttpClient.IChatbotDispatchClient.ClientHandler[101]
      Received HTTP response headers after 8.0834ms - 200
info: System.Net.Http.HttpClient.IChatbotDispatchClient.LogicalHandler[101]
      End processing HTTP request after 8.151ms - 200
[ChatbotDispatch DEBUG] POST /api/chatbot/questions body={"project_id":"proj_sst-general","rag_variant_id":"ragv_local-bge","rag_release_id":"ragr_1d2f9c1a4f444da0","question":"Que debe comunicarse al COPASST sobre investigaciones de accidentes?","conversation_id":"conv_chunks_20260828171614","message_id":"msg_chunks_20260828171650_14","top_k":8}
info: System.Net.Http.HttpClient.IChatbotDispatchClient.LogicalHandler[100]
      Start processing HTTP request POST http://127.0.0.1:8765/api/chatbot/questions
info: System.Net.Http.HttpClient.IChatbotDispatchClient.ClientHandler[100]
      Sending HTTP request POST http://127.0.0.1:8765/api/chatbot/questions
info: System.Net.Http.HttpClient.ILlmProvider.LogicalHandler[100]
      Start processing HTTP request POST http://127.0.0.1:8001/v1/chat/completions
info: System.Net.Http.HttpClient.ILlmProvider.ClientHandler[100]
      Sending HTTP request POST http://127.0.0.1:8001/v1/chat/completions
info: System.Net.Http.HttpClient.ILlmProvider.ClientHandler[104]
      HTTP request failed after 2040.4426ms
      System.Net.Http.HttpRequestException: No se puede establecer una conexión ya que el equipo de destino denegó expresamente dicha conexión. (127.0.0.1:8001)
       ---> System.Net.Sockets.SocketException (10061): No se puede establecer una conexión ya que el equipo de destino denegó expresamente dicha conexión.
         at System.Net.Sockets.Socket.AwaitableSocketAsyncEventArgs.ThrowException(SocketError error, CancellationToken cancellationToken)
         at System.Net.Sockets.Socket.AwaitableSocketAsyncEventArgs.System.Threading.Tasks.Sources.IValueTaskSource.GetResult(Int16 token)
         at System.Net.Http.HttpConnectionPool.ConnectToTcpHostAsync(String host, Int32 port, HttpRequestMessage initialRequest, Boolean async, CancellationToken cancellationToken)
         --- End of inner exception stack trace ---
         at System.Net.Http.HttpConnectionPool.ConnectToTcpHostAsync(String host, Int32 port, HttpRequestMessage initialRequest, Boolean async, CancellationToken cancellationToken)
         at System.Net.Http.HttpConnectionPool.ConnectAsync(HttpRequestMessage request, Boolean async, CancellationToken cancellationToken)
         at System.Net.Http.HttpConnectionPool.CreateHttp11ConnectionAsync(HttpRequestMessage request, Boolean async, CancellationToken cancellationToken)
         at System.Net.Http.HttpConnectionPool.InjectNewHttp11ConnectionAsync(QueueItem queueItem)
         at System.Threading.Tasks.TaskCompletionSourceWithCancellation`1.WaitWithCancellationAsync(CancellationToken cancellationToken)
         at System.Net.Http.HttpConnectionPool.SendWithVersionDetectionAndRetryAsync(HttpRequestMessage request, Boolean async, Boolean doRequestAuth, CancellationToken cancellationToken)
         at System.Net.Http.DiagnosticsHandler.SendAsyncCore(HttpRequestMessage request, Boolean async, CancellationToken cancellationToken)
         at System.Net.Http.RedirectHandler.SendAsync(HttpRequestMessage request, Boolean async, CancellationToken cancellationToken)
         at Microsoft.Extensions.Http.Logging.LoggingHttpMessageHandler.<SendCoreAsync>g__Core|4_0(HttpRequestMessage request, Boolean useAsync, CancellationToken cancellationToken)
info: System.Net.Http.HttpClient.ILlmProvider.LogicalHandler[104]
      HTTP request failed after 2040.6507ms
      System.Net.Http.HttpRequestException: No se puede establecer una conexión ya que el equipo de destino denegó expresamente dicha conexión. (127.0.0.1:8001)
       ---> System.Net.Sockets.SocketException (10061): No se puede establecer una conexión ya que el equipo de destino denegó expresamente dicha conexión.
         at System.Net.Sockets.Socket.AwaitableSocketAsyncEventArgs.ThrowException(SocketError error, CancellationToken cancellationToken)
         at System.Net.Sockets.Socket.AwaitableSocketAsyncEventArgs.System.Threading.Tasks.Sources.IValueTaskSource.GetResult(Int16 token)
         at System.Net.Http.HttpConnectionPool.ConnectToTcpHostAsync(String host, Int32 port, HttpRequestMessage initialRequest, Boolean async, CancellationToken cancellationToken)
         --- End of inner exception stack trace ---
         at System.Net.Http.HttpConnectionPool.ConnectToTcpHostAsync(String host, Int32 port, HttpRequestMessage initialRequest, Boolean async, CancellationToken cancellationToken)
         at System.Net.Http.HttpConnectionPool.ConnectAsync(HttpRequestMessage request, Boolean async, CancellationToken cancellationToken)
         at System.Net.Http.HttpConnectionPool.CreateHttp11ConnectionAsync(HttpRequestMessage request, Boolean async, CancellationToken cancellationToken)
         at System.Net.Http.HttpConnectionPool.InjectNewHttp11ConnectionAsync(QueueItem queueItem)
         at System.Threading.Tasks.TaskCompletionSourceWithCancellation`1.WaitWithCancellationAsync(CancellationToken cancellationToken)
         at System.Net.Http.HttpConnectionPool.SendWithVersionDetectionAndRetryAsync(HttpRequestMessage request, Boolean async, Boolean doRequestAuth, CancellationToken cancellationToken)
         at System.Net.Http.DiagnosticsHandler.SendAsyncCore(HttpRequestMessage request, Boolean async, CancellationToken cancellationToken)
         at System.Net.Http.RedirectHandler.SendAsync(HttpRequestMessage request, Boolean async, CancellationToken cancellationToken)
         at Microsoft.Extensions.Http.Logging.LoggingHttpMessageHandler.<SendCoreAsync>g__Core|4_0(HttpRequestMessage request, Boolean useAsync, CancellationToken cancellationToken)
         at Microsoft.Extensions.Http.Logging.LoggingScopeHttpMessageHandler.<SendCoreAsync>g__Core|4_0(HttpRequestMessage request, Boolean useAsync, CancellationToken cancellationToken)
info: System.Net.Http.HttpClient.IChatbotDispatchClient.ClientHandler[101]
      Received HTTP response headers after 8762.7518ms - 502
info: System.Net.Http.HttpClient.IChatbotDispatchClient.LogicalHandler[101]
      End processing HTTP request after 8762.8469ms - 502
info: System.Net.Http.HttpClient.IChatbotDispatchClient.LogicalHandler[100]
      Start processing HTTP request GET http://127.0.0.1:8765/api/platform/projects/proj_sst-general/releases?*
info: System.Net.Http.HttpClient.IChatbotDispatchClient.ClientHandler[100]
      Sending HTTP request GET http://127.0.0.1:8765/api/platform/projects/proj_sst-general/releases?*
info: System.Net.Http.HttpClient.IChatbotDispatchClient.ClientHandler[101]
      Received HTTP response headers after 72.2774ms - 200
info: System.Net.Http.HttpClient.IChatbotDispatchClient.LogicalHandler[101]
      End processing HTTP request after 72.3396ms - 200
[ChatbotDispatch DEBUG] POST /api/chatbot/questions body={"project_id":"proj_sst-general","rag_variant_id":"ragv_local-bge","rag_release_id":"ragr_1d2f9c1a4f444da0","question":"Que responsabilidades tiene la ARL en seguridad y salud en el trabajo?","conversation_id":"conv_chunks_20260828171614","message_id":"msg_chunks_20260828171659_15","top_k":8}
info: System.Net.Http.HttpClient.IChatbotDispatchClient.LogicalHandler[100]
      Start processing HTTP request POST http://127.0.0.1:8765/api/chatbot/questions
info: System.Net.Http.HttpClient.IChatbotDispatchClient.ClientHandler[100]
      Sending HTTP request POST http://127.0.0.1:8765/api/chatbot/questions
info: System.Net.Http.HttpClient.IChatbotDispatchClient.ClientHandler[104]
      HTTP request failed after 0.4746ms
      System.Net.Http.HttpRequestException: An error occurred while sending the request.
       ---> System.Net.Http.HttpIOException: The response ended prematurely. (ResponseEnded)
         at System.Net.Http.HttpConnection.SendAsync(HttpRequestMessage request, Boolean async, CancellationToken cancellationToken)
         --- End of inner exception stack trace ---
         at System.Net.Http.HttpConnection.SendAsync(HttpRequestMessage request, Boolean async, CancellationToken cancellationToken)
         at System.Net.Http.HttpConnectionPool.SendWithVersionDetectionAndRetryAsync(HttpRequestMessage request, Boolean async, Boolean doRequestAuth, CancellationToken cancellationToken)
         at System.Net.Http.DiagnosticsHandler.SendAsyncCore(HttpRequestMessage request, Boolean async, CancellationToken cancellationToken)
         at System.Net.Http.RedirectHandler.SendAsync(HttpRequestMessage request, Boolean async, CancellationToken cancellationToken)
         at Microsoft.Extensions.Http.Logging.LoggingHttpMessageHandler.<SendCoreAsync>g__Core|4_0(HttpRequestMessage request, Boolean useAsync, CancellationToken cancellationToken)
info: System.Net.Http.HttpClient.IChatbotDispatchClient.LogicalHandler[104]
      HTTP request failed after 0.5663ms
      System.Net.Http.HttpRequestException: An error occurred while sending the request.
       ---> System.Net.Http.HttpIOException: The response ended prematurely. (ResponseEnded)
         at System.Net.Http.HttpConnection.SendAsync(HttpRequestMessage request, Boolean async, CancellationToken cancellationToken)
         --- End of inner exception stack trace ---
         at System.Net.Http.HttpConnection.SendAsync(HttpRequestMessage request, Boolean async, CancellationToken cancellationToken)
         at System.Net.Http.HttpConnectionPool.SendWithVersionDetectionAndRetryAsync(HttpRequestMessage request, Boolean async, Boolean doRequestAuth, CancellationToken cancellationToken)
         at System.Net.Http.DiagnosticsHandler.SendAsyncCore(HttpRequestMessage request, Boolean async, CancellationToken cancellationToken)
         at System.Net.Http.RedirectHandler.SendAsync(HttpRequestMessage request, Boolean async, CancellationToken cancellationToken)
         at Microsoft.Extensions.Http.Logging.LoggingHttpMessageHandler.<SendCoreAsync>g__Core|4_0(HttpRequestMessage request, Boolean useAsync, CancellationToken cancellationToken)
         at Microsoft.Extensions.Http.Logging.LoggingScopeHttpMessageHandler.<SendCoreAsync>g__Core|4_0(HttpRequestMessage request, Boolean useAsync, CancellationToken cancellationToken)
fail: Microsoft.AspNetCore.Diagnostics.DeveloperExceptionPageMiddleware[1]
      An unhandled exception has occurred while executing the request.
      System.Net.Http.HttpRequestException: An error occurred while sending the request.
       ---> System.Net.Http.HttpIOException: The response ended prematurely. (ResponseEnded)
         at System.Net.Http.HttpConnection.SendAsync(HttpRequestMessage request, Boolean async, CancellationToken cancellationToken)
         --- End of inner exception stack trace ---
         at System.Net.Http.HttpConnection.SendAsync(HttpRequestMessage request, Boolean async, CancellationToken cancellationToken)
         at System.Net.Http.HttpConnectionPool.SendWithVersionDetectionAndRetryAsync(HttpRequestMessage request, Boolean async, Boolean doRequestAuth, CancellationToken cancellationToken)
         at System.Net.Http.DiagnosticsHandler.SendAsyncCore(HttpRequestMessage request, Boolean async, CancellationToken cancellationToken)
         at System.Net.Http.RedirectHandler.SendAsync(HttpRequestMessage request, Boolean async, CancellationToken cancellationToken)
         at Microsoft.Extensions.Http.Logging.LoggingHttpMessageHandler.<SendCoreAsync>g__Core|4_0(HttpRequestMessage request, Boolean useAsync, CancellationToken cancellationToken)
         at Microsoft.Extensions.Http.Logging.LoggingScopeHttpMessageHandler.<SendCoreAsync>g__Core|4_0(HttpRequestMessage request, Boolean useAsync, CancellationToken cancellationToken)
         at System.Net.Http.HttpClient.<SendAsync>g__Core|83_0(HttpRequestMessage request, HttpCompletionOption completionOption, CancellationTokenSource cts, Boolean disposeCts, CancellationTokenSource pendingRequestsCts, CancellationToken originalCancellationToken)
         at Chatbot.Sst.Infrastructure.Dispatch.HttpChatbotDispatchClient.DispatchAsync(ChatQuestionSubmission submission, CancellationToken cancellationToken) in C:\Users\jvrincon\Documents\chatbot_aplicado_sst\app\back\src\Chatbot.Sst.Infrastructure\Dispatch\HttpChatbotDispatchClient.cs:line 53
         at Chatbot.Sst.Application.ChatDispatchCoordinator.SubmitAsync(ChatQuestionSubmission submission, CancellationToken cancellationToken) in C:\Users\jvrincon\Documents\chatbot_aplicado_sst\app\back\src\Chatbot.Sst.Application\ChatDispatchCoordinator.cs:line 38
         at Program.<>c.<<<Main>$>b__0_1>d.MoveNext() in C:\Users\jvrincon\Documents\chatbot_aplicado_sst\app\back\src\Chatbot.Sst.Api\Program.cs:line 62
      --- End of stack trace from previous location ---
         at Microsoft.AspNetCore.Http.RequestDelegateFactory.ExecuteTaskResult[T](Task`1 task, HttpContext httpContext)
         at Microsoft.AspNetCore.Http.RequestDelegateFactory.<>c__DisplayClass102_2.<<HandleRequestBodyAndCompileRequestDelegateForJson>b__2>d.MoveNext()
      --- End of stack trace from previous location ---
         at Microsoft.AspNetCore.Diagnostics.DeveloperExceptionPageMiddlewareImpl.Invoke(HttpContext context)
info: System.Net.Http.HttpClient.IChatbotDispatchClient.LogicalHandler[100]
      Start processing HTTP request GET http://127.0.0.1:8765/api/platform/projects/proj_sst-general/releases?*
info: System.Net.Http.HttpClient.IChatbotDispatchClient.ClientHandler[100]
      Sending HTTP request GET http://127.0.0.1:8765/api/platform/projects/proj_sst-general/releases?*
info: System.Net.Http.HttpClient.IChatbotDispatchClient.ClientHandler[101]
      Received HTTP response headers after 8.862ms - 200
info: System.Net.Http.HttpClient.IChatbotDispatchClient.LogicalHandler[101]
      End processing HTTP request after 8.9014ms - 200
[ChatbotDispatch DEBUG] POST /api/chatbot/questions body={"project_id":"proj_sst-general","rag_variant_id":"ragv_local-bge","rag_release_id":"ragr_1d2f9c1a4f444da0","question":"Que responsabilidades de SST tiene la organizacion?","conversation_id":"conv_chunks_20260828171614","message_id":"msg_chunks_20260828171659_16","top_k":8}
info: System.Net.Http.HttpClient.IChatbotDispatchClient.LogicalHandler[100]
      Start processing HTTP request POST http://127.0.0.1:8765/api/chatbot/questions
info: System.Net.Http.HttpClient.IChatbotDispatchClient.ClientHandler[100]
      Sending HTTP request POST http://127.0.0.1:8765/api/chatbot/questions
info: System.Net.Http.HttpClient.IChatbotDispatchClient.ClientHandler[104]
      HTTP request failed after 0.3571ms
      System.Net.Http.HttpRequestException: An error occurred while sending the request.
       ---> System.Net.Http.HttpIOException: The response ended prematurely. (ResponseEnded)
         at System.Net.Http.HttpConnection.SendAsync(HttpRequestMessage request, Boolean async, CancellationToken cancellationToken)
         --- End of inner exception stack trace ---
         at System.Net.Http.HttpConnection.SendAsync(HttpRequestMessage request, Boolean async, CancellationToken cancellationToken)
         at System.Net.Http.HttpConnectionPool.SendWithVersionDetectionAndRetryAsync(HttpRequestMessage request, Boolean async, Boolean doRequestAuth, CancellationToken cancellationToken)
         at System.Net.Http.DiagnosticsHandler.SendAsyncCore(HttpRequestMessage request, Boolean async, CancellationToken cancellationToken)
         at System.Net.Http.RedirectHandler.SendAsync(HttpRequestMessage request, Boolean async, CancellationToken cancellationToken)
         at Microsoft.Extensions.Http.Logging.LoggingHttpMessageHandler.<SendCoreAsync>g__Core|4_0(HttpRequestMessage request, Boolean useAsync, CancellationToken cancellationToken)
info: System.Net.Http.HttpClient.IChatbotDispatchClient.LogicalHandler[104]
      HTTP request failed after 0.4483ms
      System.Net.Http.HttpRequestException: An error occurred while sending the request.
       ---> System.Net.Http.HttpIOException: The response ended prematurely. (ResponseEnded)
         at System.Net.Http.HttpConnection.SendAsync(HttpRequestMessage request, Boolean async, CancellationToken cancellationToken)
         --- End of inner exception stack trace ---
         at System.Net.Http.HttpConnection.SendAsync(HttpRequestMessage request, Boolean async, CancellationToken cancellationToken)
         at System.Net.Http.HttpConnectionPool.SendWithVersionDetectionAndRetryAsync(HttpRequestMessage request, Boolean async, Boolean doRequestAuth, CancellationToken cancellationToken)
         at System.Net.Http.DiagnosticsHandler.SendAsyncCore(HttpRequestMessage request, Boolean async, CancellationToken cancellationToken)
         at System.Net.Http.RedirectHandler.SendAsync(HttpRequestMessage request, Boolean async, CancellationToken cancellationToken)
         at Microsoft.Extensions.Http.Logging.LoggingHttpMessageHandler.<SendCoreAsync>g__Core|4_0(HttpRequestMessage request, Boolean useAsync, CancellationToken cancellationToken)
         at Microsoft.Extensions.Http.Logging.LoggingScopeHttpMessageHandler.<SendCoreAsync>g__Core|4_0(HttpRequestMessage request, Boolean useAsync, CancellationToken cancellationToken)
fail: Microsoft.AspNetCore.Diagnostics.DeveloperExceptionPageMiddleware[1]
      An unhandled exception has occurred while executing the request.
      System.Net.Http.HttpRequestException: An error occurred while sending the request.
       ---> System.Net.Http.HttpIOException: The response ended prematurely. (ResponseEnded)
         at System.Net.Http.HttpConnection.SendAsync(HttpRequestMessage request, Boolean async, CancellationToken cancellationToken)
         --- End of inner exception stack trace ---
         at System.Net.Http.HttpConnection.SendAsync(HttpRequestMessage request, Boolean async, CancellationToken cancellationToken)
         at System.Net.Http.HttpConnectionPool.SendWithVersionDetectionAndRetryAsync(HttpRequestMessage request, Boolean async, Boolean doRequestAuth, CancellationToken cancellationToken)
         at System.Net.Http.DiagnosticsHandler.SendAsyncCore(HttpRequestMessage request, Boolean async, CancellationToken cancellationToken)
         at System.Net.Http.RedirectHandler.SendAsync(HttpRequestMessage request, Boolean async, CancellationToken cancellationToken)
         at Microsoft.Extensions.Http.Logging.LoggingHttpMessageHandler.<SendCoreAsync>g__Core|4_0(HttpRequestMessage request, Boolean useAsync, CancellationToken cancellationToken)
         at Microsoft.Extensions.Http.Logging.LoggingScopeHttpMessageHandler.<SendCoreAsync>g__Core|4_0(HttpRequestMessage request, Boolean useAsync, CancellationToken cancellationToken)
         at System.Net.Http.HttpClient.<SendAsync>g__Core|83_0(HttpRequestMessage request, HttpCompletionOption completionOption, CancellationTokenSource cts, Boolean disposeCts, CancellationTokenSource pendingRequestsCts, CancellationToken originalCancellationToken)
         at Chatbot.Sst.Infrastructure.Dispatch.HttpChatbotDispatchClient.DispatchAsync(ChatQuestionSubmission submission, CancellationToken cancellationToken) in C:\Users\jvrincon\Documents\chatbot_aplicado_sst\app\back\src\Chatbot.Sst.Infrastructure\Dispatch\HttpChatbotDispatchClient.cs:line 53
         at Chatbot.Sst.Application.ChatDispatchCoordinator.SubmitAsync(ChatQuestionSubmission submission, CancellationToken cancellationToken) in C:\Users\jvrincon\Documents\chatbot_aplicado_sst\app\back\src\Chatbot.Sst.Application\ChatDispatchCoordinator.cs:line 38
         at Program.<>c.<<<Main>$>b__0_1>d.MoveNext() in C:\Users\jvrincon\Documents\chatbot_aplicado_sst\app\back\src\Chatbot.Sst.Api\Program.cs:line 62
      --- End of stack trace from previous location ---
         at Microsoft.AspNetCore.Http.RequestDelegateFactory.ExecuteTaskResult[T](Task`1 task, HttpContext httpContext)
         at Microsoft.AspNetCore.Http.RequestDelegateFactory.<>c__DisplayClass102_2.<<HandleRequestBodyAndCompileRequestDelegateForJson>b__2>d.MoveNext()
      --- End of stack trace from previous location ---
         at Microsoft.AspNetCore.Diagnostics.DeveloperExceptionPageMiddlewareImpl.Invoke(HttpContext context)
info: System.Net.Http.HttpClient.IChatbotDispatchClient.LogicalHandler[100]
      Start processing HTTP request GET http://127.0.0.1:8765/api/platform/projects/proj_sst-general/releases?*
info: System.Net.Http.HttpClient.IChatbotDispatchClient.ClientHandler[100]
      Sending HTTP request GET http://127.0.0.1:8765/api/platform/projects/proj_sst-general/releases?*
info: System.Net.Http.HttpClient.IChatbotDispatchClient.ClientHandler[101]
      Received HTTP response headers after 10.2102ms - 200
info: System.Net.Http.HttpClient.IChatbotDispatchClient.LogicalHandler[101]
      End processing HTTP request after 10.254ms - 200
[ChatbotDispatch DEBUG] POST /api/chatbot/questions body={"project_id":"proj_sst-general","rag_variant_id":"ragv_local-bge","rag_release_id":"ragr_1d2f9c1a4f444da0","question":"Como funciona la induccion y capacitacion anual en SST?","conversation_id":"conv_chunks_20260828171614","message_id":"msg_chunks_20260828171659_17","top_k":8}
info: System.Net.Http.HttpClient.IChatbotDispatchClient.LogicalHandler[100]
      Start processing HTTP request POST http://127.0.0.1:8765/api/chatbot/questions
info: System.Net.Http.HttpClient.IChatbotDispatchClient.ClientHandler[100]
      Sending HTTP request POST http://127.0.0.1:8765/api/chatbot/questions
info: System.Net.Http.HttpClient.IChatbotDispatchClient.ClientHandler[104]
      HTTP request failed after 0.4639ms
      System.Net.Http.HttpRequestException: An error occurred while sending the request.
       ---> System.Net.Http.HttpIOException: The response ended prematurely. (ResponseEnded)
         at System.Net.Http.HttpConnection.SendAsync(HttpRequestMessage request, Boolean async, CancellationToken cancellationToken)
         --- End of inner exception stack trace ---
         at System.Net.Http.HttpConnection.SendAsync(HttpRequestMessage request, Boolean async, CancellationToken cancellationToken)
         at System.Net.Http.HttpConnectionPool.SendWithVersionDetectionAndRetryAsync(HttpRequestMessage request, Boolean async, Boolean doRequestAuth, CancellationToken cancellationToken)
         at System.Net.Http.DiagnosticsHandler.SendAsyncCore(HttpRequestMessage request, Boolean async, CancellationToken cancellationToken)
         at System.Net.Http.RedirectHandler.SendAsync(HttpRequestMessage request, Boolean async, CancellationToken cancellationToken)
         at Microsoft.Extensions.Http.Logging.LoggingHttpMessageHandler.<SendCoreAsync>g__Core|4_0(HttpRequestMessage request, Boolean useAsync, CancellationToken cancellationToken)
info: System.Net.Http.HttpClient.IChatbotDispatchClient.LogicalHandler[104]
      HTTP request failed after 0.557ms
      System.Net.Http.HttpRequestException: An error occurred while sending the request.
       ---> System.Net.Http.HttpIOException: The response ended prematurely. (ResponseEnded)
         at System.Net.Http.HttpConnection.SendAsync(HttpRequestMessage request, Boolean async, CancellationToken cancellationToken)
         --- End of inner exception stack trace ---
         at System.Net.Http.HttpConnection.SendAsync(HttpRequestMessage request, Boolean async, CancellationToken cancellationToken)
         at System.Net.Http.HttpConnectionPool.SendWithVersionDetectionAndRetryAsync(HttpRequestMessage request, Boolean async, Boolean doRequestAuth, CancellationToken cancellationToken)
         at System.Net.Http.DiagnosticsHandler.SendAsyncCore(HttpRequestMessage request, Boolean async, CancellationToken cancellationToken)
         at System.Net.Http.RedirectHandler.SendAsync(HttpRequestMessage request, Boolean async, CancellationToken cancellationToken)
         at Microsoft.Extensions.Http.Logging.LoggingHttpMessageHandler.<SendCoreAsync>g__Core|4_0(HttpRequestMessage request, Boolean useAsync, CancellationToken cancellationToken)
         at Microsoft.Extensions.Http.Logging.LoggingScopeHttpMessageHandler.<SendCoreAsync>g__Core|4_0(HttpRequestMessage request, Boolean useAsync, CancellationToken cancellationToken)
fail: Microsoft.AspNetCore.Diagnostics.DeveloperExceptionPageMiddleware[1]
      An unhandled exception has occurred while executing the request.
      System.Net.Http.HttpRequestException: An error occurred while sending the request.
       ---> System.Net.Http.HttpIOException: The response ended prematurely. (ResponseEnded)
         at System.Net.Http.HttpConnection.SendAsync(HttpRequestMessage request, Boolean async, CancellationToken cancellationToken)
         --- End of inner exception stack trace ---
         at System.Net.Http.HttpConnection.SendAsync(HttpRequestMessage request, Boolean async, CancellationToken cancellationToken)
         at System.Net.Http.HttpConnectionPool.SendWithVersionDetectionAndRetryAsync(HttpRequestMessage request, Boolean async, Boolean doRequestAuth, CancellationToken cancellationToken)
         at System.Net.Http.DiagnosticsHandler.SendAsyncCore(HttpRequestMessage request, Boolean async, CancellationToken cancellationToken)
         at System.Net.Http.RedirectHandler.SendAsync(HttpRequestMessage request, Boolean async, CancellationToken cancellationToken)
         at Microsoft.Extensions.Http.Logging.LoggingHttpMessageHandler.<SendCoreAsync>g__Core|4_0(HttpRequestMessage request, Boolean useAsync, CancellationToken cancellationToken)
         at Microsoft.Extensions.Http.Logging.LoggingScopeHttpMessageHandler.<SendCoreAsync>g__Core|4_0(HttpRequestMessage request, Boolean useAsync, CancellationToken cancellationToken)
         at System.Net.Http.HttpClient.<SendAsync>g__Core|83_0(HttpRequestMessage request, HttpCompletionOption completionOption, CancellationTokenSource cts, Boolean disposeCts, CancellationTokenSource pendingRequestsCts, CancellationToken originalCancellationToken)
         at Chatbot.Sst.Infrastructure.Dispatch.HttpChatbotDispatchClient.DispatchAsync(ChatQuestionSubmission submission, CancellationToken cancellationToken) in C:\Users\jvrincon\Documents\chatbot_aplicado_sst\app\back\src\Chatbot.Sst.Infrastructure\Dispatch\HttpChatbotDispatchClient.cs:line 53
         at Chatbot.Sst.Application.ChatDispatchCoordinator.SubmitAsync(ChatQuestionSubmission submission, CancellationToken cancellationToken) in C:\Users\jvrincon\Documents\chatbot_aplicado_sst\app\back\src\Chatbot.Sst.Application\ChatDispatchCoordinator.cs:line 38
         at Program.<>c.<<<Main>$>b__0_1>d.MoveNext() in C:\Users\jvrincon\Documents\chatbot_aplicado_sst\app\back\src\Chatbot.Sst.Api\Program.cs:line 62
      --- End of stack trace from previous location ---
         at Microsoft.AspNetCore.Http.RequestDelegateFactory.ExecuteTaskResult[T](Task`1 task, HttpContext httpContext)
         at Microsoft.AspNetCore.Http.RequestDelegateFactory.<>c__DisplayClass102_2.<<HandleRequestBodyAndCompileRequestDelegateForJson>b__2>d.MoveNext()
      --- End of stack trace from previous location ---
         at Microsoft.AspNetCore.Diagnostics.DeveloperExceptionPageMiddlewareImpl.Invoke(HttpContext context)
info: System.Net.Http.HttpClient.IChatbotDispatchClient.LogicalHandler[100]
      Start processing HTTP request GET http://127.0.0.1:8765/api/platform/projects/proj_sst-general/releases?*
info: System.Net.Http.HttpClient.IChatbotDispatchClient.ClientHandler[100]
      Sending HTTP request GET http://127.0.0.1:8765/api/platform/projects/proj_sst-general/releases?*
info: System.Net.Http.HttpClient.IChatbotDispatchClient.ClientHandler[101]
      Received HTTP response headers after 9.3033ms - 200
[ChatbotDispatch DEBUG] POST /api/chatbot/questions body={"project_id":"proj_sst-general","rag_variant_id":"ragv_local-bge","rag_release_id":"ragr_1d2f9c1a4f444da0","question":"Cuales son las funciones del COPASST?","conversation_id":"conv_chunks_20260828171614","message_id":"msg_chunks_20260828171659_18","top_k":8}
info: System.Net.Http.HttpClient.IChatbotDispatchClient.LogicalHandler[101]
      End processing HTTP request after 9.3455ms - 200
info: System.Net.Http.HttpClient.IChatbotDispatchClient.LogicalHandler[100]
      Start processing HTTP request POST http://127.0.0.1:8765/api/chatbot/questions
info: System.Net.Http.HttpClient.IChatbotDispatchClient.ClientHandler[100]
      Sending HTTP request POST http://127.0.0.1:8765/api/chatbot/questions
info: System.Net.Http.HttpClient.IChatbotDispatchClient.ClientHandler[104]
      HTTP request failed after 0.6948ms
      System.Net.Http.HttpRequestException: An error occurred while sending the request.
       ---> System.Net.Http.HttpIOException: The response ended prematurely. (ResponseEnded)
         at System.Net.Http.HttpConnection.SendAsync(HttpRequestMessage request, Boolean async, CancellationToken cancellationToken)
         --- End of inner exception stack trace ---
         at System.Net.Http.HttpConnection.SendAsync(HttpRequestMessage request, Boolean async, CancellationToken cancellationToken)
         at System.Net.Http.HttpConnectionPool.SendWithVersionDetectionAndRetryAsync(HttpRequestMessage request, Boolean async, Boolean doRequestAuth, CancellationToken cancellationToken)
         at System.Net.Http.DiagnosticsHandler.SendAsyncCore(HttpRequestMessage request, Boolean async, CancellationToken cancellationToken)
         at System.Net.Http.RedirectHandler.SendAsync(HttpRequestMessage request, Boolean async, CancellationToken cancellationToken)
         at Microsoft.Extensions.Http.Logging.LoggingHttpMessageHandler.<SendCoreAsync>g__Core|4_0(HttpRequestMessage request, Boolean useAsync, CancellationToken cancellationToken)
info: System.Net.Http.HttpClient.IChatbotDispatchClient.LogicalHandler[104]
      HTTP request failed after 0.7844ms
      System.Net.Http.HttpRequestException: An error occurred while sending the request.
       ---> System.Net.Http.HttpIOException: The response ended prematurely. (ResponseEnded)
         at System.Net.Http.HttpConnection.SendAsync(HttpRequestMessage request, Boolean async, CancellationToken cancellationToken)
         --- End of inner exception stack trace ---
         at System.Net.Http.HttpConnection.SendAsync(HttpRequestMessage request, Boolean async, CancellationToken cancellationToken)
         at System.Net.Http.HttpConnectionPool.SendWithVersionDetectionAndRetryAsync(HttpRequestMessage request, Boolean async, Boolean doRequestAuth, CancellationToken cancellationToken)
         at System.Net.Http.DiagnosticsHandler.SendAsyncCore(HttpRequestMessage request, Boolean async, CancellationToken cancellationToken)
         at System.Net.Http.RedirectHandler.SendAsync(HttpRequestMessage request, Boolean async, CancellationToken cancellationToken)
         at Microsoft.Extensions.Http.Logging.LoggingHttpMessageHandler.<SendCoreAsync>g__Core|4_0(HttpRequestMessage request, Boolean useAsync, CancellationToken cancellationToken)
         at Microsoft.Extensions.Http.Logging.LoggingScopeHttpMessageHandler.<SendCoreAsync>g__Core|4_0(HttpRequestMessage request, Boolean useAsync, CancellationToken cancellationToken)
fail: Microsoft.AspNetCore.Diagnostics.DeveloperExceptionPageMiddleware[1]
      An unhandled exception has occurred while executing the request.
      System.Net.Http.HttpRequestException: An error occurred while sending the request.
       ---> System.Net.Http.HttpIOException: The response ended prematurely. (ResponseEnded)
         at System.Net.Http.HttpConnection.SendAsync(HttpRequestMessage request, Boolean async, CancellationToken cancellationToken)
         --- End of inner exception stack trace ---
         at System.Net.Http.HttpConnection.SendAsync(HttpRequestMessage request, Boolean async, CancellationToken cancellationToken)
         at System.Net.Http.HttpConnectionPool.SendWithVersionDetectionAndRetryAsync(HttpRequestMessage request, Boolean async, Boolean doRequestAuth, CancellationToken cancellationToken)
         at System.Net.Http.DiagnosticsHandler.SendAsyncCore(HttpRequestMessage request, Boolean async, CancellationToken cancellationToken)
         at System.Net.Http.RedirectHandler.SendAsync(HttpRequestMessage request, Boolean async, CancellationToken cancellationToken)
         at Microsoft.Extensions.Http.Logging.LoggingHttpMessageHandler.<SendCoreAsync>g__Core|4_0(HttpRequestMessage request, Boolean useAsync, CancellationToken cancellationToken)
         at Microsoft.Extensions.Http.Logging.LoggingScopeHttpMessageHandler.<SendCoreAsync>g__Core|4_0(HttpRequestMessage request, Boolean useAsync, CancellationToken cancellationToken)
         at System.Net.Http.HttpClient.<SendAsync>g__Core|83_0(HttpRequestMessage request, HttpCompletionOption completionOption, CancellationTokenSource cts, Boolean disposeCts, CancellationTokenSource pendingRequestsCts, CancellationToken originalCancellationToken)
         at Chatbot.Sst.Infrastructure.Dispatch.HttpChatbotDispatchClient.DispatchAsync(ChatQuestionSubmission submission, CancellationToken cancellationToken) in C:\Users\jvrincon\Documents\chatbot_aplicado_sst\app\back\src\Chatbot.Sst.Infrastructure\Dispatch\HttpChatbotDispatchClient.cs:line 53
         at Chatbot.Sst.Application.ChatDispatchCoordinator.SubmitAsync(ChatQuestionSubmission submission, CancellationToken cancellationToken) in C:\Users\jvrincon\Documents\chatbot_aplicado_sst\app\back\src\Chatbot.Sst.Application\ChatDispatchCoordinator.cs:line 38
         at Program.<>c.<<<Main>$>b__0_1>d.MoveNext() in C:\Users\jvrincon\Documents\chatbot_aplicado_sst\app\back\src\Chatbot.Sst.Api\Program.cs:line 62
      --- End of stack trace from previous location ---
         at Microsoft.AspNetCore.Http.RequestDelegateFactory.ExecuteTaskResult[T](Task`1 task, HttpContext httpContext)
         at Microsoft.AspNetCore.Http.RequestDelegateFactory.<>c__DisplayClass102_2.<<HandleRequestBodyAndCompileRequestDelegateForJson>b__2>d.MoveNext()
      --- End of stack trace from previous location ---
         at Microsoft.AspNetCore.Diagnostics.DeveloperExceptionPageMiddlewareImpl.Invoke(HttpContext context)
info: System.Net.Http.HttpClient.IChatbotDispatchClient.LogicalHandler[100]
      Start processing HTTP request GET http://127.0.0.1:8765/api/platform/projects/proj_sst-general/releases?*
info: System.Net.Http.HttpClient.IChatbotDispatchClient.ClientHandler[100]
      Sending HTTP request GET http://127.0.0.1:8765/api/platform/projects/proj_sst-general/releases?*
info: System.Net.Http.HttpClient.IChatbotDispatchClient.ClientHandler[101]
      Received HTTP response headers after 8.3959ms - 200
info: System.Net.Http.HttpClient.IChatbotDispatchClient.LogicalHandler[101]
      End processing HTTP request after 8.4453ms - 200
[ChatbotDispatch DEBUG] POST /api/chatbot/questions body={"project_id":"proj_sst-general","rag_variant_id":"ragv_local-bge","rag_release_id":"ragr_1d2f9c1a4f444da0","question":"Que funciones tiene el presidente del COPASST?","conversation_id":"conv_chunks_20260828171614","message_id":"msg_chunks_20260828171659_19","top_k":8}
info: System.Net.Http.HttpClient.IChatbotDispatchClient.LogicalHandler[100]
      Start processing HTTP request POST http://127.0.0.1:8765/api/chatbot/questions
info: System.Net.Http.HttpClient.IChatbotDispatchClient.ClientHandler[100]
      Sending HTTP request POST http://127.0.0.1:8765/api/chatbot/questions
info: System.Net.Http.HttpClient.ILlmProvider.LogicalHandler[100]
      Start processing HTTP request POST http://127.0.0.1:8001/v1/chat/completions
info: System.Net.Http.HttpClient.ILlmProvider.ClientHandler[100]
      Sending HTTP request POST http://127.0.0.1:8001/v1/chat/completions
info: System.Net.Http.HttpClient.ILlmProvider.ClientHandler[104]
      HTTP request failed after 2053.9261ms
      System.Net.Http.HttpRequestException: No se puede establecer una conexión ya que el equipo de destino denegó expresamente dicha conexión. (127.0.0.1:8001)
       ---> System.Net.Sockets.SocketException (10061): No se puede establecer una conexión ya que el equipo de destino denegó expresamente dicha conexión.
         at System.Net.Sockets.Socket.AwaitableSocketAsyncEventArgs.ThrowException(SocketError error, CancellationToken cancellationToken)
         at System.Net.Sockets.Socket.AwaitableSocketAsyncEventArgs.System.Threading.Tasks.Sources.IValueTaskSource.GetResult(Int16 token)
         at System.Net.Http.HttpConnectionPool.ConnectToTcpHostAsync(String host, Int32 port, HttpRequestMessage initialRequest, Boolean async, CancellationToken cancellationToken)
         --- End of inner exception stack trace ---
         at System.Net.Http.HttpConnectionPool.ConnectToTcpHostAsync(String host, Int32 port, HttpRequestMessage initialRequest, Boolean async, CancellationToken cancellationToken)
         at System.Net.Http.HttpConnectionPool.ConnectAsync(HttpRequestMessage request, Boolean async, CancellationToken cancellationToken)
         at System.Net.Http.HttpConnectionPool.CreateHttp11ConnectionAsync(HttpRequestMessage request, Boolean async, CancellationToken cancellationToken)
         at System.Net.Http.HttpConnectionPool.InjectNewHttp11ConnectionAsync(QueueItem queueItem)
         at System.Threading.Tasks.TaskCompletionSourceWithCancellation`1.WaitWithCancellationAsync(CancellationToken cancellationToken)
         at System.Net.Http.HttpConnectionPool.SendWithVersionDetectionAndRetryAsync(HttpRequestMessage request, Boolean async, Boolean doRequestAuth, CancellationToken cancellationToken)
         at System.Net.Http.DiagnosticsHandler.SendAsyncCore(HttpRequestMessage request, Boolean async, CancellationToken cancellationToken)
         at System.Net.Http.RedirectHandler.SendAsync(HttpRequestMessage request, Boolean async, CancellationToken cancellationToken)
         at Microsoft.Extensions.Http.Logging.LoggingHttpMessageHandler.<SendCoreAsync>g__Core|4_0(HttpRequestMessage request, Boolean useAsync, CancellationToken cancellationToken)
info: System.Net.Http.HttpClient.ILlmProvider.LogicalHandler[104]
      HTTP request failed after 2054.1306ms
      System.Net.Http.HttpRequestException: No se puede establecer una conexión ya que el equipo de destino denegó expresamente dicha conexión. (127.0.0.1:8001)
       ---> System.Net.Sockets.SocketException (10061): No se puede establecer una conexión ya que el equipo de destino denegó expresamente dicha conexión.
         at System.Net.Sockets.Socket.AwaitableSocketAsyncEventArgs.ThrowException(SocketError error, CancellationToken cancellationToken)
         at System.Net.Sockets.Socket.AwaitableSocketAsyncEventArgs.System.Threading.Tasks.Sources.IValueTaskSource.GetResult(Int16 token)
         at System.Net.Http.HttpConnectionPool.ConnectToTcpHostAsync(String host, Int32 port, HttpRequestMessage initialRequest, Boolean async, CancellationToken cancellationToken)
         --- End of inner exception stack trace ---
         at System.Net.Http.HttpConnectionPool.ConnectToTcpHostAsync(String host, Int32 port, HttpRequestMessage initialRequest, Boolean async, CancellationToken cancellationToken)
         at System.Net.Http.HttpConnectionPool.ConnectAsync(HttpRequestMessage request, Boolean async, CancellationToken cancellationToken)
         at System.Net.Http.HttpConnectionPool.CreateHttp11ConnectionAsync(HttpRequestMessage request, Boolean async, CancellationToken cancellationToken)
         at System.Net.Http.HttpConnectionPool.InjectNewHttp11ConnectionAsync(QueueItem queueItem)
         at System.Threading.Tasks.TaskCompletionSourceWithCancellation`1.WaitWithCancellationAsync(CancellationToken cancellationToken)
         at System.Net.Http.HttpConnectionPool.SendWithVersionDetectionAndRetryAsync(HttpRequestMessage request, Boolean async, Boolean doRequestAuth, CancellationToken cancellationToken)
         at System.Net.Http.DiagnosticsHandler.SendAsyncCore(HttpRequestMessage request, Boolean async, CancellationToken cancellationToken)
         at System.Net.Http.RedirectHandler.SendAsync(HttpRequestMessage request, Boolean async, CancellationToken cancellationToken)
         at Microsoft.Extensions.Http.Logging.LoggingHttpMessageHandler.<SendCoreAsync>g__Core|4_0(HttpRequestMessage request, Boolean useAsync, CancellationToken cancellationToken)
         at Microsoft.Extensions.Http.Logging.LoggingScopeHttpMessageHandler.<SendCoreAsync>g__Core|4_0(HttpRequestMessage request, Boolean useAsync, CancellationToken cancellationToken)
info: System.Net.Http.HttpClient.IChatbotDispatchClient.ClientHandler[101]
      Received HTTP response headers after 10609.635ms - 502
info: System.Net.Http.HttpClient.IChatbotDispatchClient.LogicalHandler[101]
      End processing HTTP request after 10609.6809ms - 502
info: System.Net.Http.HttpClient.IChatbotDispatchClient.LogicalHandler[100]
      Start processing HTTP request GET http://127.0.0.1:8765/api/platform/projects/proj_sst-general/releases?*
info: System.Net.Http.HttpClient.IChatbotDispatchClient.ClientHandler[100]
      Sending HTTP request GET http://127.0.0.1:8765/api/platform/projects/proj_sst-general/releases?*
info: System.Net.Http.HttpClient.IChatbotDispatchClient.ClientHandler[101]
      Received HTTP response headers after 104.1798ms - 200
info: System.Net.Http.HttpClient.IChatbotDispatchClient.LogicalHandler[101]
      End processing HTTP request after 104.2311ms - 200
[ChatbotDispatch DEBUG] POST /api/chatbot/questions body={"project_id":"proj_sst-general","rag_variant_id":"ragv_local-bge","rag_release_id":"ragr_1d2f9c1a4f444da0","question":"Que funciones tiene la secretaria del COPASST?","conversation_id":"conv_chunks_20260828171614","message_id":"msg_chunks_20260828171710_20","top_k":8}
info: System.Net.Http.HttpClient.IChatbotDispatchClient.LogicalHandler[100]
      Start processing HTTP request POST http://127.0.0.1:8765/api/chatbot/questions
info: System.Net.Http.HttpClient.IChatbotDispatchClient.ClientHandler[100]
      Sending HTTP request POST http://127.0.0.1:8765/api/chatbot/questions
info: System.Net.Http.HttpClient.IChatbotDispatchClient.ClientHandler[104]
      HTTP request failed after 0.5273ms
      System.Net.Http.HttpRequestException: An error occurred while sending the request.
       ---> System.Net.Http.HttpIOException: The response ended prematurely. (ResponseEnded)
         at System.Net.Http.HttpConnection.SendAsync(HttpRequestMessage request, Boolean async, CancellationToken cancellationToken)
         --- End of inner exception stack trace ---
         at System.Net.Http.HttpConnection.SendAsync(HttpRequestMessage request, Boolean async, CancellationToken cancellationToken)
         at System.Net.Http.HttpConnectionPool.SendWithVersionDetectionAndRetryAsync(HttpRequestMessage request, Boolean async, Boolean doRequestAuth, CancellationToken cancellationToken)
         at System.Net.Http.DiagnosticsHandler.SendAsyncCore(HttpRequestMessage request, Boolean async, CancellationToken cancellationToken)
         at System.Net.Http.RedirectHandler.SendAsync(HttpRequestMessage request, Boolean async, CancellationToken cancellationToken)
         at Microsoft.Extensions.Http.Logging.LoggingHttpMessageHandler.<SendCoreAsync>g__Core|4_0(HttpRequestMessage request, Boolean useAsync, CancellationToken cancellationToken)
info: System.Net.Http.HttpClient.IChatbotDispatchClient.LogicalHandler[104]
      HTTP request failed after 0.6231ms
      System.Net.Http.HttpRequestException: An error occurred while sending the request.
       ---> System.Net.Http.HttpIOException: The response ended prematurely. (ResponseEnded)
         at System.Net.Http.HttpConnection.SendAsync(HttpRequestMessage request, Boolean async, CancellationToken cancellationToken)
         --- End of inner exception stack trace ---
         at System.Net.Http.HttpConnection.SendAsync(HttpRequestMessage request, Boolean async, CancellationToken cancellationToken)
         at System.Net.Http.HttpConnectionPool.SendWithVersionDetectionAndRetryAsync(HttpRequestMessage request, Boolean async, Boolean doRequestAuth, CancellationToken cancellationToken)
         at System.Net.Http.DiagnosticsHandler.SendAsyncCore(HttpRequestMessage request, Boolean async, CancellationToken cancellationToken)
         at System.Net.Http.RedirectHandler.SendAsync(HttpRequestMessage request, Boolean async, CancellationToken cancellationToken)
         at Microsoft.Extensions.Http.Logging.LoggingHttpMessageHandler.<SendCoreAsync>g__Core|4_0(HttpRequestMessage request, Boolean useAsync, CancellationToken cancellationToken)
         at Microsoft.Extensions.Http.Logging.LoggingScopeHttpMessageHandler.<SendCoreAsync>g__Core|4_0(HttpRequestMessage request, Boolean useAsync, CancellationToken cancellationToken)
fail: Microsoft.AspNetCore.Diagnostics.DeveloperExceptionPageMiddleware[1]
      An unhandled exception has occurred while executing the request.
      System.Net.Http.HttpRequestException: An error occurred while sending the request.
       ---> System.Net.Http.HttpIOException: The response ended prematurely. (ResponseEnded)
         at System.Net.Http.HttpConnection.SendAsync(HttpRequestMessage request, Boolean async, CancellationToken cancellationToken)
         --- End of inner exception stack trace ---
         at System.Net.Http.HttpConnection.SendAsync(HttpRequestMessage request, Boolean async, CancellationToken cancellationToken)
         at System.Net.Http.HttpConnectionPool.SendWithVersionDetectionAndRetryAsync(HttpRequestMessage request, Boolean async, Boolean doRequestAuth, CancellationToken cancellationToken)
         at System.Net.Http.DiagnosticsHandler.SendAsyncCore(HttpRequestMessage request, Boolean async, CancellationToken cancellationToken)
         at System.Net.Http.RedirectHandler.SendAsync(HttpRequestMessage request, Boolean async, CancellationToken cancellationToken)
         at Microsoft.Extensions.Http.Logging.LoggingHttpMessageHandler.<SendCoreAsync>g__Core|4_0(HttpRequestMessage request, Boolean useAsync, CancellationToken cancellationToken)
         at Microsoft.Extensions.Http.Logging.LoggingScopeHttpMessageHandler.<SendCoreAsync>g__Core|4_0(HttpRequestMessage request, Boolean useAsync, CancellationToken cancellationToken)
         at System.Net.Http.HttpClient.<SendAsync>g__Core|83_0(HttpRequestMessage request, HttpCompletionOption completionOption, CancellationTokenSource cts, Boolean disposeCts, CancellationTokenSource pendingRequestsCts, CancellationToken originalCancellationToken)
         at Chatbot.Sst.Infrastructure.Dispatch.HttpChatbotDispatchClient.DispatchAsync(ChatQuestionSubmission submission, CancellationToken cancellationToken) in C:\Users\jvrincon\Documents\chatbot_aplicado_sst\app\back\src\Chatbot.Sst.Infrastructure\Dispatch\HttpChatbotDispatchClient.cs:line 53
         at Chatbot.Sst.Application.ChatDispatchCoordinator.SubmitAsync(ChatQuestionSubmission submission, CancellationToken cancellationToken) in C:\Users\jvrincon\Documents\chatbot_aplicado_sst\app\back\src\Chatbot.Sst.Application\ChatDispatchCoordinator.cs:line 38
         at Program.<>c.<<<Main>$>b__0_1>d.MoveNext() in C:\Users\jvrincon\Documents\chatbot_aplicado_sst\app\back\src\Chatbot.Sst.Api\Program.cs:line 62
      --- End of stack trace from previous location ---
         at Microsoft.AspNetCore.Http.RequestDelegateFactory.ExecuteTaskResult[T](Task`1 task, HttpContext httpContext)
         at Microsoft.AspNetCore.Http.RequestDelegateFactory.<>c__DisplayClass102_2.<<HandleRequestBodyAndCompileRequestDelegateForJson>b__2>d.MoveNext()
      --- End of stack trace from previous location ---
         at Microsoft.AspNetCore.Diagnostics.DeveloperExceptionPageMiddlewareImpl.Invoke(HttpContext context)
info: System.Net.Http.HttpClient.IChatbotDispatchClient.LogicalHandler[100]
      Start processing HTTP request GET http://127.0.0.1:8765/api/platform/projects/proj_sst-general/releases?*
info: System.Net.Http.HttpClient.IChatbotDispatchClient.ClientHandler[100]
      Sending HTTP request GET http://127.0.0.1:8765/api/platform/projects/proj_sst-general/releases?*
info: System.Net.Http.HttpClient.IChatbotDispatchClient.ClientHandler[101]
      Received HTTP response headers after 9.0446ms - 200
info: System.Net.Http.HttpClient.IChatbotDispatchClient.LogicalHandler[101]
      End processing HTTP request after 9.0978ms - 200
[ChatbotDispatch DEBUG] POST /api/chatbot/questions body={"project_id":"proj_sst-general","rag_variant_id":"ragv_local-bge","rag_release_id":"ragr_1d2f9c1a4f444da0","question":"Como se puede comunicar un trabajador con el COPASST?","conversation_id":"conv_chunks_20260828171614","message_id":"msg_chunks_20260828171710_21","top_k":8}
info: System.Net.Http.HttpClient.IChatbotDispatchClient.LogicalHandler[100]
      Start processing HTTP request POST http://127.0.0.1:8765/api/chatbot/questions
info: System.Net.Http.HttpClient.IChatbotDispatchClient.ClientHandler[100]
      Sending HTTP request POST http://127.0.0.1:8765/api/chatbot/questions
info: System.Net.Http.HttpClient.IChatbotDispatchClient.ClientHandler[104]
      HTTP request failed after 0.4422ms
      System.Net.Http.HttpRequestException: An error occurred while sending the request.
       ---> System.Net.Http.HttpIOException: The response ended prematurely. (ResponseEnded)
         at System.Net.Http.HttpConnection.SendAsync(HttpRequestMessage request, Boolean async, CancellationToken cancellationToken)
         --- End of inner exception stack trace ---
         at System.Net.Http.HttpConnection.SendAsync(HttpRequestMessage request, Boolean async, CancellationToken cancellationToken)
         at System.Net.Http.HttpConnectionPool.SendWithVersionDetectionAndRetryAsync(HttpRequestMessage request, Boolean async, Boolean doRequestAuth, CancellationToken cancellationToken)
         at System.Net.Http.DiagnosticsHandler.SendAsyncCore(HttpRequestMessage request, Boolean async, CancellationToken cancellationToken)
         at System.Net.Http.RedirectHandler.SendAsync(HttpRequestMessage request, Boolean async, CancellationToken cancellationToken)
         at Microsoft.Extensions.Http.Logging.LoggingHttpMessageHandler.<SendCoreAsync>g__Core|4_0(HttpRequestMessage request, Boolean useAsync, CancellationToken cancellationToken)
info: System.Net.Http.HttpClient.IChatbotDispatchClient.LogicalHandler[104]
      HTTP request failed after 0.5874ms
      System.Net.Http.HttpRequestException: An error occurred while sending the request.
       ---> System.Net.Http.HttpIOException: The response ended prematurely. (ResponseEnded)
         at System.Net.Http.HttpConnection.SendAsync(HttpRequestMessage request, Boolean async, CancellationToken cancellationToken)
         --- End of inner exception stack trace ---
         at System.Net.Http.HttpConnection.SendAsync(HttpRequestMessage request, Boolean async, CancellationToken cancellationToken)
         at System.Net.Http.HttpConnectionPool.SendWithVersionDetectionAndRetryAsync(HttpRequestMessage request, Boolean async, Boolean doRequestAuth, CancellationToken cancellationToken)
         at System.Net.Http.DiagnosticsHandler.SendAsyncCore(HttpRequestMessage request, Boolean async, CancellationToken cancellationToken)
         at System.Net.Http.RedirectHandler.SendAsync(HttpRequestMessage request, Boolean async, CancellationToken cancellationToken)
         at Microsoft.Extensions.Http.Logging.LoggingHttpMessageHandler.<SendCoreAsync>g__Core|4_0(HttpRequestMessage request, Boolean useAsync, CancellationToken cancellationToken)
         at Microsoft.Extensions.Http.Logging.LoggingScopeHttpMessageHandler.<SendCoreAsync>g__Core|4_0(HttpRequestMessage request, Boolean useAsync, CancellationToken cancellationToken)
fail: Microsoft.AspNetCore.Diagnostics.DeveloperExceptionPageMiddleware[1]
      An unhandled exception has occurred while executing the request.
      System.Net.Http.HttpRequestException: An error occurred while sending the request.
       ---> System.Net.Http.HttpIOException: The response ended prematurely. (ResponseEnded)
         at System.Net.Http.HttpConnection.SendAsync(HttpRequestMessage request, Boolean async, CancellationToken cancellationToken)
         --- End of inner exception stack trace ---
         at System.Net.Http.HttpConnection.SendAsync(HttpRequestMessage request, Boolean async, CancellationToken cancellationToken)
         at System.Net.Http.HttpConnectionPool.SendWithVersionDetectionAndRetryAsync(HttpRequestMessage request, Boolean async, Boolean doRequestAuth, CancellationToken cancellationToken)
         at System.Net.Http.DiagnosticsHandler.SendAsyncCore(HttpRequestMessage request, Boolean async, CancellationToken cancellationToken)
         at System.Net.Http.RedirectHandler.SendAsync(HttpRequestMessage request, Boolean async, CancellationToken cancellationToken)
         at Microsoft.Extensions.Http.Logging.LoggingHttpMessageHandler.<SendCoreAsync>g__Core|4_0(HttpRequestMessage request, Boolean useAsync, CancellationToken cancellationToken)
         at Microsoft.Extensions.Http.Logging.LoggingScopeHttpMessageHandler.<SendCoreAsync>g__Core|4_0(HttpRequestMessage request, Boolean useAsync, CancellationToken cancellationToken)
         at System.Net.Http.HttpClient.<SendAsync>g__Core|83_0(HttpRequestMessage request, HttpCompletionOption completionOption, CancellationTokenSource cts, Boolean disposeCts, CancellationTokenSource pendingRequestsCts, CancellationToken originalCancellationToken)
         at Chatbot.Sst.Infrastructure.Dispatch.HttpChatbotDispatchClient.DispatchAsync(ChatQuestionSubmission submission, CancellationToken cancellationToken) in C:\Users\jvrincon\Documents\chatbot_aplicado_sst\app\back\src\Chatbot.Sst.Infrastructure\Dispatch\HttpChatbotDispatchClient.cs:line 53
         at Chatbot.Sst.Application.ChatDispatchCoordinator.SubmitAsync(ChatQuestionSubmission submission, CancellationToken cancellationToken) in C:\Users\jvrincon\Documents\chatbot_aplicado_sst\app\back\src\Chatbot.Sst.Application\ChatDispatchCoordinator.cs:line 38
         at Program.<>c.<<<Main>$>b__0_1>d.MoveNext() in C:\Users\jvrincon\Documents\chatbot_aplicado_sst\app\back\src\Chatbot.Sst.Api\Program.cs:line 62
      --- End of stack trace from previous location ---
         at Microsoft.AspNetCore.Http.RequestDelegateFactory.ExecuteTaskResult[T](Task`1 task, HttpContext httpContext)
         at Microsoft.AspNetCore.Http.RequestDelegateFactory.<>c__DisplayClass102_2.<<HandleRequestBodyAndCompileRequestDelegateForJson>b__2>d.MoveNext()
      --- End of stack trace from previous location ---
         at Microsoft.AspNetCore.Diagnostics.DeveloperExceptionPageMiddlewareImpl.Invoke(HttpContext context)
info: System.Net.Http.HttpClient.IChatbotDispatchClient.LogicalHandler[100]
      Start processing HTTP request GET http://127.0.0.1:8765/api/platform/projects/proj_sst-general/releases?*
info: System.Net.Http.HttpClient.IChatbotDispatchClient.ClientHandler[100]
      Sending HTTP request GET http://127.0.0.1:8765/api/platform/projects/proj_sst-general/releases?*
info: System.Net.Http.HttpClient.IChatbotDispatchClient.ClientHandler[101]
      Received HTTP response headers after 9.9708ms - 200
info: System.Net.Http.HttpClient.IChatbotDispatchClient.LogicalHandler[101]
      End processing HTTP request after 10.0196ms - 200
[ChatbotDispatch DEBUG] POST /api/chatbot/questions body={"project_id":"proj_sst-general","rag_variant_id":"ragv_local-bge","rag_release_id":"ragr_1d2f9c1a4f444da0","question":"Quienes son los miembros principales y suplentes del COPASST 2025 a 2027?","conversation_id":"conv_chunks_20260828171614","message_id":"msg_chunks_20260828171710_22","top_k":8}
info: System.Net.Http.HttpClient.IChatbotDispatchClient.LogicalHandler[100]
      Start processing HTTP request POST http://127.0.0.1:8765/api/chatbot/questions
info: System.Net.Http.HttpClient.IChatbotDispatchClient.ClientHandler[100]
      Sending HTTP request POST http://127.0.0.1:8765/api/chatbot/questions
info: System.Net.Http.HttpClient.IChatbotDispatchClient.ClientHandler[104]
      HTTP request failed after 0.3945ms
      System.Net.Http.HttpRequestException: An error occurred while sending the request.
       ---> System.Net.Http.HttpIOException: The response ended prematurely. (ResponseEnded)
         at System.Net.Http.HttpConnection.SendAsync(HttpRequestMessage request, Boolean async, CancellationToken cancellationToken)
         --- End of inner exception stack trace ---
         at System.Net.Http.HttpConnection.SendAsync(HttpRequestMessage request, Boolean async, CancellationToken cancellationToken)
         at System.Net.Http.HttpConnectionPool.SendWithVersionDetectionAndRetryAsync(HttpRequestMessage request, Boolean async, Boolean doRequestAuth, CancellationToken cancellationToken)
         at System.Net.Http.DiagnosticsHandler.SendAsyncCore(HttpRequestMessage request, Boolean async, CancellationToken cancellationToken)
         at System.Net.Http.RedirectHandler.SendAsync(HttpRequestMessage request, Boolean async, CancellationToken cancellationToken)
         at Microsoft.Extensions.Http.Logging.LoggingHttpMessageHandler.<SendCoreAsync>g__Core|4_0(HttpRequestMessage request, Boolean useAsync, CancellationToken cancellationToken)
info: System.Net.Http.HttpClient.IChatbotDispatchClient.LogicalHandler[104]
      HTTP request failed after 0.4906ms
      System.Net.Http.HttpRequestException: An error occurred while sending the request.
       ---> System.Net.Http.HttpIOException: The response ended prematurely. (ResponseEnded)
         at System.Net.Http.HttpConnection.SendAsync(HttpRequestMessage request, Boolean async, CancellationToken cancellationToken)
         --- End of inner exception stack trace ---
         at System.Net.Http.HttpConnection.SendAsync(HttpRequestMessage request, Boolean async, CancellationToken cancellationToken)
         at System.Net.Http.HttpConnectionPool.SendWithVersionDetectionAndRetryAsync(HttpRequestMessage request, Boolean async, Boolean doRequestAuth, CancellationToken cancellationToken)
         at System.Net.Http.DiagnosticsHandler.SendAsyncCore(HttpRequestMessage request, Boolean async, CancellationToken cancellationToken)
         at System.Net.Http.RedirectHandler.SendAsync(HttpRequestMessage request, Boolean async, CancellationToken cancellationToken)
         at Microsoft.Extensions.Http.Logging.LoggingHttpMessageHandler.<SendCoreAsync>g__Core|4_0(HttpRequestMessage request, Boolean useAsync, CancellationToken cancellationToken)
         at Microsoft.Extensions.Http.Logging.LoggingScopeHttpMessageHandler.<SendCoreAsync>g__Core|4_0(HttpRequestMessage request, Boolean useAsync, CancellationToken cancellationToken)
fail: Microsoft.AspNetCore.Diagnostics.DeveloperExceptionPageMiddleware[1]
      An unhandled exception has occurred while executing the request.
      System.Net.Http.HttpRequestException: An error occurred while sending the request.
       ---> System.Net.Http.HttpIOException: The response ended prematurely. (ResponseEnded)
         at System.Net.Http.HttpConnection.SendAsync(HttpRequestMessage request, Boolean async, CancellationToken cancellationToken)
         --- End of inner exception stack trace ---
         at System.Net.Http.HttpConnection.SendAsync(HttpRequestMessage request, Boolean async, CancellationToken cancellationToken)
         at System.Net.Http.HttpConnectionPool.SendWithVersionDetectionAndRetryAsync(HttpRequestMessage request, Boolean async, Boolean doRequestAuth, CancellationToken cancellationToken)
         at System.Net.Http.DiagnosticsHandler.SendAsyncCore(HttpRequestMessage request, Boolean async, CancellationToken cancellationToken)
         at System.Net.Http.RedirectHandler.SendAsync(HttpRequestMessage request, Boolean async, CancellationToken cancellationToken)
         at Microsoft.Extensions.Http.Logging.LoggingHttpMessageHandler.<SendCoreAsync>g__Core|4_0(HttpRequestMessage request, Boolean useAsync, CancellationToken cancellationToken)
         at Microsoft.Extensions.Http.Logging.LoggingScopeHttpMessageHandler.<SendCoreAsync>g__Core|4_0(HttpRequestMessage request, Boolean useAsync, CancellationToken cancellationToken)
         at System.Net.Http.HttpClient.<SendAsync>g__Core|83_0(HttpRequestMessage request, HttpCompletionOption completionOption, CancellationTokenSource cts, Boolean disposeCts, CancellationTokenSource pendingRequestsCts, CancellationToken originalCancellationToken)
         at Chatbot.Sst.Infrastructure.Dispatch.HttpChatbotDispatchClient.DispatchAsync(ChatQuestionSubmission submission, CancellationToken cancellationToken) in C:\Users\jvrincon\Documents\chatbot_aplicado_sst\app\back\src\Chatbot.Sst.Infrastructure\Dispatch\HttpChatbotDispatchClient.cs:line 53
         at Chatbot.Sst.Application.ChatDispatchCoordinator.SubmitAsync(ChatQuestionSubmission submission, CancellationToken cancellationToken) in C:\Users\jvrincon\Documents\chatbot_aplicado_sst\app\back\src\Chatbot.Sst.Application\ChatDispatchCoordinator.cs:line 38
         at Program.<>c.<<<Main>$>b__0_1>d.MoveNext() in C:\Users\jvrincon\Documents\chatbot_aplicado_sst\app\back\src\Chatbot.Sst.Api\Program.cs:line 62
      --- End of stack trace from previous location ---
         at Microsoft.AspNetCore.Http.RequestDelegateFactory.ExecuteTaskResult[T](Task`1 task, HttpContext httpContext)
         at Microsoft.AspNetCore.Http.RequestDelegateFactory.<>c__DisplayClass102_2.<<HandleRequestBodyAndCompileRequestDelegateForJson>b__2>d.MoveNext()
      --- End of stack trace from previous location ---
         at Microsoft.AspNetCore.Diagnostics.DeveloperExceptionPageMiddlewareImpl.Invoke(HttpContext context)
info: System.Net.Http.HttpClient.IChatbotDispatchClient.LogicalHandler[100]
      Start processing HTTP request GET http://127.0.0.1:8765/api/platform/projects/proj_sst-general/releases?*
info: System.Net.Http.HttpClient.IChatbotDispatchClient.ClientHandler[100]
      Sending HTTP request GET http://127.0.0.1:8765/api/platform/projects/proj_sst-general/releases?*
info: System.Net.Http.HttpClient.IChatbotDispatchClient.ClientHandler[101]
      Received HTTP response headers after 9.9854ms - 200
info: System.Net.Http.HttpClient.IChatbotDispatchClient.LogicalHandler[101]
      End processing HTTP request after 10.0398ms - 200
[ChatbotDispatch DEBUG] POST /api/chatbot/questions body={"project_id":"proj_sst-general","rag_variant_id":"ragv_local-bge","rag_release_id":"ragr_1d2f9c1a4f444da0","question":"Quien fue nombrado presidente y secretaria del COPASST?","conversation_id":"conv_chunks_20260828171614","message_id":"msg_chunks_20260828171710_23","top_k":8}
info: System.Net.Http.HttpClient.IChatbotDispatchClient.LogicalHandler[100]
      Start processing HTTP request POST http://127.0.0.1:8765/api/chatbot/questions
info: System.Net.Http.HttpClient.IChatbotDispatchClient.ClientHandler[100]
      Sending HTTP request POST http://127.0.0.1:8765/api/chatbot/questions
info: System.Net.Http.HttpClient.IChatbotDispatchClient.ClientHandler[104]
      HTTP request failed after 0.7204ms
      System.Net.Http.HttpRequestException: An error occurred while sending the request.
       ---> System.Net.Http.HttpIOException: The response ended prematurely. (ResponseEnded)
         at System.Net.Http.HttpConnection.SendAsync(HttpRequestMessage request, Boolean async, CancellationToken cancellationToken)
         --- End of inner exception stack trace ---
         at System.Net.Http.HttpConnection.SendAsync(HttpRequestMessage request, Boolean async, CancellationToken cancellationToken)
         at System.Net.Http.HttpConnectionPool.SendWithVersionDetectionAndRetryAsync(HttpRequestMessage request, Boolean async, Boolean doRequestAuth, CancellationToken cancellationToken)
         at System.Net.Http.DiagnosticsHandler.SendAsyncCore(HttpRequestMessage request, Boolean async, CancellationToken cancellationToken)
         at System.Net.Http.RedirectHandler.SendAsync(HttpRequestMessage request, Boolean async, CancellationToken cancellationToken)
         at Microsoft.Extensions.Http.Logging.LoggingHttpMessageHandler.<SendCoreAsync>g__Core|4_0(HttpRequestMessage request, Boolean useAsync, CancellationToken cancellationToken)
info: System.Net.Http.HttpClient.IChatbotDispatchClient.LogicalHandler[104]
      HTTP request failed after 0.8683ms
      System.Net.Http.HttpRequestException: An error occurred while sending the request.
       ---> System.Net.Http.HttpIOException: The response ended prematurely. (ResponseEnded)
         at System.Net.Http.HttpConnection.SendAsync(HttpRequestMessage request, Boolean async, CancellationToken cancellationToken)
         --- End of inner exception stack trace ---
         at System.Net.Http.HttpConnection.SendAsync(HttpRequestMessage request, Boolean async, CancellationToken cancellationToken)
         at System.Net.Http.HttpConnectionPool.SendWithVersionDetectionAndRetryAsync(HttpRequestMessage request, Boolean async, Boolean doRequestAuth, CancellationToken cancellationToken)
         at System.Net.Http.DiagnosticsHandler.SendAsyncCore(HttpRequestMessage request, Boolean async, CancellationToken cancellationToken)
         at System.Net.Http.RedirectHandler.SendAsync(HttpRequestMessage request, Boolean async, CancellationToken cancellationToken)
         at Microsoft.Extensions.Http.Logging.LoggingHttpMessageHandler.<SendCoreAsync>g__Core|4_0(HttpRequestMessage request, Boolean useAsync, CancellationToken cancellationToken)
         at Microsoft.Extensions.Http.Logging.LoggingScopeHttpMessageHandler.<SendCoreAsync>g__Core|4_0(HttpRequestMessage request, Boolean useAsync, CancellationToken cancellationToken)
fail: Microsoft.AspNetCore.Diagnostics.DeveloperExceptionPageMiddleware[1]
      An unhandled exception has occurred while executing the request.
      System.Net.Http.HttpRequestException: An error occurred while sending the request.
       ---> System.Net.Http.HttpIOException: The response ended prematurely. (ResponseEnded)
         at System.Net.Http.HttpConnection.SendAsync(HttpRequestMessage request, Boolean async, CancellationToken cancellationToken)
         --- End of inner exception stack trace ---
         at System.Net.Http.HttpConnection.SendAsync(HttpRequestMessage request, Boolean async, CancellationToken cancellationToken)
         at System.Net.Http.HttpConnectionPool.SendWithVersionDetectionAndRetryAsync(HttpRequestMessage request, Boolean async, Boolean doRequestAuth, CancellationToken cancellationToken)
         at System.Net.Http.DiagnosticsHandler.SendAsyncCore(HttpRequestMessage request, Boolean async, CancellationToken cancellationToken)
         at System.Net.Http.RedirectHandler.SendAsync(HttpRequestMessage request, Boolean async, CancellationToken cancellationToken)
         at Microsoft.Extensions.Http.Logging.LoggingHttpMessageHandler.<SendCoreAsync>g__Core|4_0(HttpRequestMessage request, Boolean useAsync, CancellationToken cancellationToken)
         at Microsoft.Extensions.Http.Logging.LoggingScopeHttpMessageHandler.<SendCoreAsync>g__Core|4_0(HttpRequestMessage request, Boolean useAsync, CancellationToken cancellationToken)
         at System.Net.Http.HttpClient.<SendAsync>g__Core|83_0(HttpRequestMessage request, HttpCompletionOption completionOption, CancellationTokenSource cts, Boolean disposeCts, CancellationTokenSource pendingRequestsCts, CancellationToken originalCancellationToken)
         at Chatbot.Sst.Infrastructure.Dispatch.HttpChatbotDispatchClient.DispatchAsync(ChatQuestionSubmission submission, CancellationToken cancellationToken) in C:\Users\jvrincon\Documents\chatbot_aplicado_sst\app\back\src\Chatbot.Sst.Infrastructure\Dispatch\HttpChatbotDispatchClient.cs:line 53
         at Chatbot.Sst.Application.ChatDispatchCoordinator.SubmitAsync(ChatQuestionSubmission submission, CancellationToken cancellationToken) in C:\Users\jvrincon\Documents\chatbot_aplicado_sst\app\back\src\Chatbot.Sst.Application\ChatDispatchCoordinator.cs:line 38
         at Program.<>c.<<<Main>$>b__0_1>d.MoveNext() in C:\Users\jvrincon\Documents\chatbot_aplicado_sst\app\back\src\Chatbot.Sst.Api\Program.cs:line 62
      --- End of stack trace from previous location ---
         at Microsoft.AspNetCore.Http.RequestDelegateFactory.ExecuteTaskResult[T](Task`1 task, HttpContext httpContext)
         at Microsoft.AspNetCore.Http.RequestDelegateFactory.<>c__DisplayClass102_2.<<HandleRequestBodyAndCompileRequestDelegateForJson>b__2>d.MoveNext()
      --- End of stack trace from previous location ---
         at Microsoft.AspNetCore.Diagnostics.DeveloperExceptionPageMiddlewareImpl.Invoke(HttpContext context)
info: System.Net.Http.HttpClient.IChatbotDispatchClient.LogicalHandler[100]
      Start processing HTTP request GET http://127.0.0.1:8765/api/platform/projects/proj_sst-general/releases?*
info: System.Net.Http.HttpClient.IChatbotDispatchClient.ClientHandler[100]
      Sending HTTP request GET http://127.0.0.1:8765/api/platform/projects/proj_sst-general/releases?*
info: System.Net.Http.HttpClient.IChatbotDispatchClient.ClientHandler[101]
      Received HTTP response headers after 30.1681ms - 200
info: System.Net.Http.HttpClient.IChatbotDispatchClient.LogicalHandler[101]
      End processing HTTP request after 30.2419ms - 200
[ChatbotDispatch DEBUG] POST /api/chatbot/questions body={"project_id":"proj_sst-general","rag_variant_id":"ragv_local-bge","rag_release_id":"ragr_1d2f9c1a4f444da0","question":"Que es el comite de convivencia laboral?","conversation_id":"conv_chunks_20260828171614","message_id":"msg_chunks_20260828171710_24","top_k":8}
info: System.Net.Http.HttpClient.IChatbotDispatchClient.LogicalHandler[100]
      Start processing HTTP request POST http://127.0.0.1:8765/api/chatbot/questions
info: System.Net.Http.HttpClient.IChatbotDispatchClient.ClientHandler[100]
      Sending HTTP request POST http://127.0.0.1:8765/api/chatbot/questions
info: System.Net.Http.HttpClient.ILlmProvider.LogicalHandler[100]
      Start processing HTTP request POST http://127.0.0.1:8001/v1/chat/completions
info: System.Net.Http.HttpClient.ILlmProvider.ClientHandler[100]
      Sending HTTP request POST http://127.0.0.1:8001/v1/chat/completions
info: System.Net.Http.HttpClient.ILlmProvider.ClientHandler[104]
      HTTP request failed after 2037.1591ms
      System.Net.Http.HttpRequestException: No se puede establecer una conexión ya que el equipo de destino denegó expresamente dicha conexión. (127.0.0.1:8001)
       ---> System.Net.Sockets.SocketException (10061): No se puede establecer una conexión ya que el equipo de destino denegó expresamente dicha conexión.
         at System.Net.Sockets.Socket.AwaitableSocketAsyncEventArgs.ThrowException(SocketError error, CancellationToken cancellationToken)
         at System.Net.Sockets.Socket.AwaitableSocketAsyncEventArgs.System.Threading.Tasks.Sources.IValueTaskSource.GetResult(Int16 token)
         at System.Net.Http.HttpConnectionPool.ConnectToTcpHostAsync(String host, Int32 port, HttpRequestMessage initialRequest, Boolean async, CancellationToken cancellationToken)
         --- End of inner exception stack trace ---
         at System.Net.Http.HttpConnectionPool.ConnectToTcpHostAsync(String host, Int32 port, HttpRequestMessage initialRequest, Boolean async, CancellationToken cancellationToken)
         at System.Net.Http.HttpConnectionPool.ConnectAsync(HttpRequestMessage request, Boolean async, CancellationToken cancellationToken)
         at System.Net.Http.HttpConnectionPool.CreateHttp11ConnectionAsync(HttpRequestMessage request, Boolean async, CancellationToken cancellationToken)
         at System.Net.Http.HttpConnectionPool.InjectNewHttp11ConnectionAsync(QueueItem queueItem)
         at System.Threading.Tasks.TaskCompletionSourceWithCancellation`1.WaitWithCancellationAsync(CancellationToken cancellationToken)
         at System.Net.Http.HttpConnectionPool.SendWithVersionDetectionAndRetryAsync(HttpRequestMessage request, Boolean async, Boolean doRequestAuth, CancellationToken cancellationToken)
         at System.Net.Http.DiagnosticsHandler.SendAsyncCore(HttpRequestMessage request, Boolean async, CancellationToken cancellationToken)
         at System.Net.Http.RedirectHandler.SendAsync(HttpRequestMessage request, Boolean async, CancellationToken cancellationToken)
         at Microsoft.Extensions.Http.Logging.LoggingHttpMessageHandler.<SendCoreAsync>g__Core|4_0(HttpRequestMessage request, Boolean useAsync, CancellationToken cancellationToken)
info: System.Net.Http.HttpClient.ILlmProvider.LogicalHandler[104]
      HTTP request failed after 2037.5012ms
      System.Net.Http.HttpRequestException: No se puede establecer una conexión ya que el equipo de destino denegó expresamente dicha conexión. (127.0.0.1:8001)
       ---> System.Net.Sockets.SocketException (10061): No se puede establecer una conexión ya que el equipo de destino denegó expresamente dicha conexión.
         at System.Net.Sockets.Socket.AwaitableSocketAsyncEventArgs.ThrowException(SocketError error, CancellationToken cancellationToken)
         at System.Net.Sockets.Socket.AwaitableSocketAsyncEventArgs.System.Threading.Tasks.Sources.IValueTaskSource.GetResult(Int16 token)
         at System.Net.Http.HttpConnectionPool.ConnectToTcpHostAsync(String host, Int32 port, HttpRequestMessage initialRequest, Boolean async, CancellationToken cancellationToken)
         --- End of inner exception stack trace ---
         at System.Net.Http.HttpConnectionPool.ConnectToTcpHostAsync(String host, Int32 port, HttpRequestMessage initialRequest, Boolean async, CancellationToken cancellationToken)
         at System.Net.Http.HttpConnectionPool.ConnectAsync(HttpRequestMessage request, Boolean async, CancellationToken cancellationToken)
         at System.Net.Http.HttpConnectionPool.CreateHttp11ConnectionAsync(HttpRequestMessage request, Boolean async, CancellationToken cancellationToken)
         at System.Net.Http.HttpConnectionPool.InjectNewHttp11ConnectionAsync(QueueItem queueItem)
         at System.Threading.Tasks.TaskCompletionSourceWithCancellation`1.WaitWithCancellationAsync(CancellationToken cancellationToken)
         at System.Net.Http.HttpConnectionPool.SendWithVersionDetectionAndRetryAsync(HttpRequestMessage request, Boolean async, Boolean doRequestAuth, CancellationToken cancellationToken)
         at System.Net.Http.DiagnosticsHandler.SendAsyncCore(HttpRequestMessage request, Boolean async, CancellationToken cancellationToken)
         at System.Net.Http.RedirectHandler.SendAsync(HttpRequestMessage request, Boolean async, CancellationToken cancellationToken)
         at Microsoft.Extensions.Http.Logging.LoggingHttpMessageHandler.<SendCoreAsync>g__Core|4_0(HttpRequestMessage request, Boolean useAsync, CancellationToken cancellationToken)
         at Microsoft.Extensions.Http.Logging.LoggingScopeHttpMessageHandler.<SendCoreAsync>g__Core|4_0(HttpRequestMessage request, Boolean useAsync, CancellationToken cancellationToken)
info: System.Net.Http.HttpClient.IChatbotDispatchClient.ClientHandler[101]
      Received HTTP response headers after 9868.7891ms - 502
info: System.Net.Http.HttpClient.IChatbotDispatchClient.LogicalHandler[101]
      End processing HTTP request after 9868.8867ms - 502
info: System.Net.Http.HttpClient.IChatbotDispatchClient.LogicalHandler[100]
      Start processing HTTP request GET http://127.0.0.1:8765/api/platform/projects/proj_sst-general/releases?*
info: System.Net.Http.HttpClient.IChatbotDispatchClient.ClientHandler[100]
      Sending HTTP request GET http://127.0.0.1:8765/api/platform/projects/proj_sst-general/releases?*
info: System.Net.Http.HttpClient.IChatbotDispatchClient.ClientHandler[101]
      Received HTTP response headers after 98.6366ms - 200
info: System.Net.Http.HttpClient.IChatbotDispatchClient.LogicalHandler[101]
      End processing HTTP request after 98.6892ms - 200
[ChatbotDispatch DEBUG] POST /api/chatbot/questions body={"project_id":"proj_sst-general","rag_variant_id":"ragv_local-bge","rag_release_id":"ragr_1d2f9c1a4f444da0","question":"Cuales son las funciones del comite de convivencia?","conversation_id":"conv_chunks_20260828171614","message_id":"msg_chunks_20260828171720_25","top_k":8}
info: System.Net.Http.HttpClient.IChatbotDispatchClient.LogicalHandler[100]
      Start processing HTTP request POST http://127.0.0.1:8765/api/chatbot/questions
info: System.Net.Http.HttpClient.IChatbotDispatchClient.ClientHandler[100]
      Sending HTTP request POST http://127.0.0.1:8765/api/chatbot/questions
info: System.Net.Http.HttpClient.ILlmProvider.LogicalHandler[100]
      Start processing HTTP request POST http://127.0.0.1:8001/v1/chat/completions
info: System.Net.Http.HttpClient.ILlmProvider.ClientHandler[100]
      Sending HTTP request POST http://127.0.0.1:8001/v1/chat/completions
info: System.Net.Http.HttpClient.ILlmProvider.ClientHandler[104]
      HTTP request failed after 2036.7263ms
      System.Net.Http.HttpRequestException: No se puede establecer una conexión ya que el equipo de destino denegó expresamente dicha conexión. (127.0.0.1:8001)
       ---> System.Net.Sockets.SocketException (10061): No se puede establecer una conexión ya que el equipo de destino denegó expresamente dicha conexión.
         at System.Net.Sockets.Socket.AwaitableSocketAsyncEventArgs.ThrowException(SocketError error, CancellationToken cancellationToken)
         at System.Net.Sockets.Socket.AwaitableSocketAsyncEventArgs.System.Threading.Tasks.Sources.IValueTaskSource.GetResult(Int16 token)
         at System.Net.Http.HttpConnectionPool.ConnectToTcpHostAsync(String host, Int32 port, HttpRequestMessage initialRequest, Boolean async, CancellationToken cancellationToken)
         --- End of inner exception stack trace ---
         at System.Net.Http.HttpConnectionPool.ConnectToTcpHostAsync(String host, Int32 port, HttpRequestMessage initialRequest, Boolean async, CancellationToken cancellationToken)
         at System.Net.Http.HttpConnectionPool.ConnectAsync(HttpRequestMessage request, Boolean async, CancellationToken cancellationToken)
         at System.Net.Http.HttpConnectionPool.CreateHttp11ConnectionAsync(HttpRequestMessage request, Boolean async, CancellationToken cancellationToken)
         at System.Net.Http.HttpConnectionPool.InjectNewHttp11ConnectionAsync(QueueItem queueItem)
         at System.Threading.Tasks.TaskCompletionSourceWithCancellation`1.WaitWithCancellationAsync(CancellationToken cancellationToken)
         at System.Net.Http.HttpConnectionPool.SendWithVersionDetectionAndRetryAsync(HttpRequestMessage request, Boolean async, Boolean doRequestAuth, CancellationToken cancellationToken)
         at System.Net.Http.DiagnosticsHandler.SendAsyncCore(HttpRequestMessage request, Boolean async, CancellationToken cancellationToken)
         at System.Net.Http.RedirectHandler.SendAsync(HttpRequestMessage request, Boolean async, CancellationToken cancellationToken)
         at Microsoft.Extensions.Http.Logging.LoggingHttpMessageHandler.<SendCoreAsync>g__Core|4_0(HttpRequestMessage request, Boolean useAsync, CancellationToken cancellationToken)
info: System.Net.Http.HttpClient.ILlmProvider.LogicalHandler[104]
      HTTP request failed after 2036.8957ms
      System.Net.Http.HttpRequestException: No se puede establecer una conexión ya que el equipo de destino denegó expresamente dicha conexión. (127.0.0.1:8001)
       ---> System.Net.Sockets.SocketException (10061): No se puede establecer una conexión ya que el equipo de destino denegó expresamente dicha conexión.
         at System.Net.Sockets.Socket.AwaitableSocketAsyncEventArgs.ThrowException(SocketError error, CancellationToken cancellationToken)
         at System.Net.Sockets.Socket.AwaitableSocketAsyncEventArgs.System.Threading.Tasks.Sources.IValueTaskSource.GetResult(Int16 token)
         at System.Net.Http.HttpConnectionPool.ConnectToTcpHostAsync(String host, Int32 port, HttpRequestMessage initialRequest, Boolean async, CancellationToken cancellationToken)
         --- End of inner exception stack trace ---
         at System.Net.Http.HttpConnectionPool.ConnectToTcpHostAsync(String host, Int32 port, HttpRequestMessage initialRequest, Boolean async, CancellationToken cancellationToken)
         at System.Net.Http.HttpConnectionPool.ConnectAsync(HttpRequestMessage request, Boolean async, CancellationToken cancellationToken)
         at System.Net.Http.HttpConnectionPool.CreateHttp11ConnectionAsync(HttpRequestMessage request, Boolean async, CancellationToken cancellationToken)
         at System.Net.Http.HttpConnectionPool.InjectNewHttp11ConnectionAsync(QueueItem queueItem)
         at System.Threading.Tasks.TaskCompletionSourceWithCancellation`1.WaitWithCancellationAsync(CancellationToken cancellationToken)
         at System.Net.Http.HttpConnectionPool.SendWithVersionDetectionAndRetryAsync(HttpRequestMessage request, Boolean async, Boolean doRequestAuth, CancellationToken cancellationToken)
         at System.Net.Http.DiagnosticsHandler.SendAsyncCore(HttpRequestMessage request, Boolean async, CancellationToken cancellationToken)
         at System.Net.Http.RedirectHandler.SendAsync(HttpRequestMessage request, Boolean async, CancellationToken cancellationToken)
         at Microsoft.Extensions.Http.Logging.LoggingHttpMessageHandler.<SendCoreAsync>g__Core|4_0(HttpRequestMessage request, Boolean useAsync, CancellationToken cancellationToken)
         at Microsoft.Extensions.Http.Logging.LoggingScopeHttpMessageHandler.<SendCoreAsync>g__Core|4_0(HttpRequestMessage request, Boolean useAsync, CancellationToken cancellationToken)
info: System.Net.Http.HttpClient.IChatbotDispatchClient.ClientHandler[101]
      Received HTTP response headers after 8971.0868ms - 502
info: System.Net.Http.HttpClient.IChatbotDispatchClient.LogicalHandler[101]
      End processing HTTP request after 8971.1266ms - 502
info: System.Net.Http.HttpClient.IChatbotDispatchClient.LogicalHandler[100]
      Start processing HTTP request GET http://127.0.0.1:8765/api/platform/projects/proj_sst-general/releases?*
info: System.Net.Http.HttpClient.IChatbotDispatchClient.ClientHandler[100]
      Sending HTTP request GET http://127.0.0.1:8765/api/platform/projects/proj_sst-general/releases?*
info: System.Net.Http.HttpClient.IChatbotDispatchClient.ClientHandler[101]
      Received HTTP response headers after 86.785ms - 200
info: System.Net.Http.HttpClient.IChatbotDispatchClient.LogicalHandler[101]
      End processing HTTP request after 86.8725ms - 200
[ChatbotDispatch DEBUG] POST /api/chatbot/questions body={"project_id":"proj_sst-general","rag_variant_id":"ragv_local-bge","rag_release_id":"ragr_1d2f9c1a4f444da0","question":"Cual es el objetivo del reglamento del comite de convivencia?","conversation_id":"conv_chunks_20260828171614","message_id":"msg_chunks_20260828171729_26","top_k":8}
info: System.Net.Http.HttpClient.IChatbotDispatchClient.LogicalHandler[100]
      Start processing HTTP request POST http://127.0.0.1:8765/api/chatbot/questions
info: System.Net.Http.HttpClient.IChatbotDispatchClient.ClientHandler[100]
      Sending HTTP request POST http://127.0.0.1:8765/api/chatbot/questions
info: System.Net.Http.HttpClient.IChatbotDispatchClient.ClientHandler[104]
      HTTP request failed after 0.6051ms
      System.Net.Http.HttpRequestException: An error occurred while sending the request.
       ---> System.Net.Http.HttpIOException: The response ended prematurely. (ResponseEnded)
         at System.Net.Http.HttpConnection.SendAsync(HttpRequestMessage request, Boolean async, CancellationToken cancellationToken)
         --- End of inner exception stack trace ---
         at System.Net.Http.HttpConnection.SendAsync(HttpRequestMessage request, Boolean async, CancellationToken cancellationToken)
         at System.Net.Http.HttpConnectionPool.SendWithVersionDetectionAndRetryAsync(HttpRequestMessage request, Boolean async, Boolean doRequestAuth, CancellationToken cancellationToken)
         at System.Net.Http.DiagnosticsHandler.SendAsyncCore(HttpRequestMessage request, Boolean async, CancellationToken cancellationToken)
         at System.Net.Http.RedirectHandler.SendAsync(HttpRequestMessage request, Boolean async, CancellationToken cancellationToken)
         at Microsoft.Extensions.Http.Logging.LoggingHttpMessageHandler.<SendCoreAsync>g__Core|4_0(HttpRequestMessage request, Boolean useAsync, CancellationToken cancellationToken)
info: System.Net.Http.HttpClient.IChatbotDispatchClient.LogicalHandler[104]
      HTTP request failed after 0.7231ms
      System.Net.Http.HttpRequestException: An error occurred while sending the request.
       ---> System.Net.Http.HttpIOException: The response ended prematurely. (ResponseEnded)
         at System.Net.Http.HttpConnection.SendAsync(HttpRequestMessage request, Boolean async, CancellationToken cancellationToken)
         --- End of inner exception stack trace ---
         at System.Net.Http.HttpConnection.SendAsync(HttpRequestMessage request, Boolean async, CancellationToken cancellationToken)
         at System.Net.Http.HttpConnectionPool.SendWithVersionDetectionAndRetryAsync(HttpRequestMessage request, Boolean async, Boolean doRequestAuth, CancellationToken cancellationToken)
         at System.Net.Http.DiagnosticsHandler.SendAsyncCore(HttpRequestMessage request, Boolean async, CancellationToken cancellationToken)
         at System.Net.Http.RedirectHandler.SendAsync(HttpRequestMessage request, Boolean async, CancellationToken cancellationToken)
         at Microsoft.Extensions.Http.Logging.LoggingHttpMessageHandler.<SendCoreAsync>g__Core|4_0(HttpRequestMessage request, Boolean useAsync, CancellationToken cancellationToken)
         at Microsoft.Extensions.Http.Logging.LoggingScopeHttpMessageHandler.<SendCoreAsync>g__Core|4_0(HttpRequestMessage request, Boolean useAsync, CancellationToken cancellationToken)
fail: Microsoft.AspNetCore.Diagnostics.DeveloperExceptionPageMiddleware[1]
      An unhandled exception has occurred while executing the request.
      System.Net.Http.HttpRequestException: An error occurred while sending the request.
       ---> System.Net.Http.HttpIOException: The response ended prematurely. (ResponseEnded)
         at System.Net.Http.HttpConnection.SendAsync(HttpRequestMessage request, Boolean async, CancellationToken cancellationToken)
         --- End of inner exception stack trace ---
         at System.Net.Http.HttpConnection.SendAsync(HttpRequestMessage request, Boolean async, CancellationToken cancellationToken)
         at System.Net.Http.HttpConnectionPool.SendWithVersionDetectionAndRetryAsync(HttpRequestMessage request, Boolean async, Boolean doRequestAuth, CancellationToken cancellationToken)
         at System.Net.Http.DiagnosticsHandler.SendAsyncCore(HttpRequestMessage request, Boolean async, CancellationToken cancellationToken)
         at System.Net.Http.RedirectHandler.SendAsync(HttpRequestMessage request, Boolean async, CancellationToken cancellationToken)
         at Microsoft.Extensions.Http.Logging.LoggingHttpMessageHandler.<SendCoreAsync>g__Core|4_0(HttpRequestMessage request, Boolean useAsync, CancellationToken cancellationToken)
         at Microsoft.Extensions.Http.Logging.LoggingScopeHttpMessageHandler.<SendCoreAsync>g__Core|4_0(HttpRequestMessage request, Boolean useAsync, CancellationToken cancellationToken)
         at System.Net.Http.HttpClient.<SendAsync>g__Core|83_0(HttpRequestMessage request, HttpCompletionOption completionOption, CancellationTokenSource cts, Boolean disposeCts, CancellationTokenSource pendingRequestsCts, CancellationToken originalCancellationToken)
         at Chatbot.Sst.Infrastructure.Dispatch.HttpChatbotDispatchClient.DispatchAsync(ChatQuestionSubmission submission, CancellationToken cancellationToken) in C:\Users\jvrincon\Documents\chatbot_aplicado_sst\app\back\src\Chatbot.Sst.Infrastructure\Dispatch\HttpChatbotDispatchClient.cs:line 53
         at Chatbot.Sst.Application.ChatDispatchCoordinator.SubmitAsync(ChatQuestionSubmission submission, CancellationToken cancellationToken) in C:\Users\jvrincon\Documents\chatbot_aplicado_sst\app\back\src\Chatbot.Sst.Application\ChatDispatchCoordinator.cs:line 38
         at Program.<>c.<<<Main>$>b__0_1>d.MoveNext() in C:\Users\jvrincon\Documents\chatbot_aplicado_sst\app\back\src\Chatbot.Sst.Api\Program.cs:line 62
      --- End of stack trace from previous location ---
         at Microsoft.AspNetCore.Http.RequestDelegateFactory.ExecuteTaskResult[T](Task`1 task, HttpContext httpContext)
         at Microsoft.AspNetCore.Http.RequestDelegateFactory.<>c__DisplayClass102_2.<<HandleRequestBodyAndCompileRequestDelegateForJson>b__2>d.MoveNext()
      --- End of stack trace from previous location ---
         at Microsoft.AspNetCore.Diagnostics.DeveloperExceptionPageMiddlewareImpl.Invoke(HttpContext context)
info: System.Net.Http.HttpClient.IChatbotDispatchClient.LogicalHandler[100]
      Start processing HTTP request GET http://127.0.0.1:8765/api/platform/projects/proj_sst-general/releases?*
info: System.Net.Http.HttpClient.IChatbotDispatchClient.ClientHandler[100]
      Sending HTTP request GET http://127.0.0.1:8765/api/platform/projects/proj_sst-general/releases?*
info: System.Net.Http.HttpClient.IChatbotDispatchClient.ClientHandler[101]
      Received HTTP response headers after 8.1898ms - 200
info: System.Net.Http.HttpClient.IChatbotDispatchClient.LogicalHandler[101]
      End processing HTTP request after 8.2272ms - 200
[ChatbotDispatch DEBUG] POST /api/chatbot/questions body={"project_id":"proj_sst-general","rag_variant_id":"ragv_local-bge","rag_release_id":"ragr_1d2f9c1a4f444da0","question":"Como se conforma el comite de convivencia laboral?","conversation_id":"conv_chunks_20260828171614","message_id":"msg_chunks_20260828171729_27","top_k":8}
info: System.Net.Http.HttpClient.IChatbotDispatchClient.LogicalHandler[100]
      Start processing HTTP request POST http://127.0.0.1:8765/api/chatbot/questions
info: System.Net.Http.HttpClient.IChatbotDispatchClient.ClientHandler[100]
      Sending HTTP request POST http://127.0.0.1:8765/api/chatbot/questions
info: System.Net.Http.HttpClient.ILlmProvider.LogicalHandler[100]
      Start processing HTTP request POST http://127.0.0.1:8001/v1/chat/completions
info: System.Net.Http.HttpClient.ILlmProvider.ClientHandler[100]
      Sending HTTP request POST http://127.0.0.1:8001/v1/chat/completions
info: System.Net.Http.HttpClient.ILlmProvider.ClientHandler[104]
      HTTP request failed after 2021.4379ms
      System.Net.Http.HttpRequestException: No se puede establecer una conexión ya que el equipo de destino denegó expresamente dicha conexión. (127.0.0.1:8001)
       ---> System.Net.Sockets.SocketException (10061): No se puede establecer una conexión ya que el equipo de destino denegó expresamente dicha conexión.
         at System.Net.Sockets.Socket.AwaitableSocketAsyncEventArgs.ThrowException(SocketError error, CancellationToken cancellationToken)
         at System.Net.Sockets.Socket.AwaitableSocketAsyncEventArgs.System.Threading.Tasks.Sources.IValueTaskSource.GetResult(Int16 token)
         at System.Net.Http.HttpConnectionPool.ConnectToTcpHostAsync(String host, Int32 port, HttpRequestMessage initialRequest, Boolean async, CancellationToken cancellationToken)
         --- End of inner exception stack trace ---
         at System.Net.Http.HttpConnectionPool.ConnectToTcpHostAsync(String host, Int32 port, HttpRequestMessage initialRequest, Boolean async, CancellationToken cancellationToken)
         at System.Net.Http.HttpConnectionPool.ConnectAsync(HttpRequestMessage request, Boolean async, CancellationToken cancellationToken)
         at System.Net.Http.HttpConnectionPool.CreateHttp11ConnectionAsync(HttpRequestMessage request, Boolean async, CancellationToken cancellationToken)
         at System.Net.Http.HttpConnectionPool.InjectNewHttp11ConnectionAsync(QueueItem queueItem)
         at System.Threading.Tasks.TaskCompletionSourceWithCancellation`1.WaitWithCancellationAsync(CancellationToken cancellationToken)
         at System.Net.Http.HttpConnectionPool.SendWithVersionDetectionAndRetryAsync(HttpRequestMessage request, Boolean async, Boolean doRequestAuth, CancellationToken cancellationToken)
         at System.Net.Http.DiagnosticsHandler.SendAsyncCore(HttpRequestMessage request, Boolean async, CancellationToken cancellationToken)
         at System.Net.Http.RedirectHandler.SendAsync(HttpRequestMessage request, Boolean async, CancellationToken cancellationToken)
         at Microsoft.Extensions.Http.Logging.LoggingHttpMessageHandler.<SendCoreAsync>g__Core|4_0(HttpRequestMessage request, Boolean useAsync, CancellationToken cancellationToken)
info: System.Net.Http.HttpClient.ILlmProvider.LogicalHandler[104]
      HTTP request failed after 2021.9636ms
      System.Net.Http.HttpRequestException: No se puede establecer una conexión ya que el equipo de destino denegó expresamente dicha conexión. (127.0.0.1:8001)
       ---> System.Net.Sockets.SocketException (10061): No se puede establecer una conexión ya que el equipo de destino denegó expresamente dicha conexión.
         at System.Net.Sockets.Socket.AwaitableSocketAsyncEventArgs.ThrowException(SocketError error, CancellationToken cancellationToken)
         at System.Net.Sockets.Socket.AwaitableSocketAsyncEventArgs.System.Threading.Tasks.Sources.IValueTaskSource.GetResult(Int16 token)
         at System.Net.Http.HttpConnectionPool.ConnectToTcpHostAsync(String host, Int32 port, HttpRequestMessage initialRequest, Boolean async, CancellationToken cancellationToken)
         --- End of inner exception stack trace ---
         at System.Net.Http.HttpConnectionPool.ConnectToTcpHostAsync(String host, Int32 port, HttpRequestMessage initialRequest, Boolean async, CancellationToken cancellationToken)
         at System.Net.Http.HttpConnectionPool.ConnectAsync(HttpRequestMessage request, Boolean async, CancellationToken cancellationToken)
         at System.Net.Http.HttpConnectionPool.CreateHttp11ConnectionAsync(HttpRequestMessage request, Boolean async, CancellationToken cancellationToken)
         at System.Net.Http.HttpConnectionPool.InjectNewHttp11ConnectionAsync(QueueItem queueItem)
         at System.Threading.Tasks.TaskCompletionSourceWithCancellation`1.WaitWithCancellationAsync(CancellationToken cancellationToken)
         at System.Net.Http.HttpConnectionPool.SendWithVersionDetectionAndRetryAsync(HttpRequestMessage request, Boolean async, Boolean doRequestAuth, CancellationToken cancellationToken)
         at System.Net.Http.DiagnosticsHandler.SendAsyncCore(HttpRequestMessage request, Boolean async, CancellationToken cancellationToken)
         at System.Net.Http.RedirectHandler.SendAsync(HttpRequestMessage request, Boolean async, CancellationToken cancellationToken)
         at Microsoft.Extensions.Http.Logging.LoggingHttpMessageHandler.<SendCoreAsync>g__Core|4_0(HttpRequestMessage request, Boolean useAsync, CancellationToken cancellationToken)
         at Microsoft.Extensions.Http.Logging.LoggingScopeHttpMessageHandler.<SendCoreAsync>g__Core|4_0(HttpRequestMessage request, Boolean useAsync, CancellationToken cancellationToken)
info: System.Net.Http.HttpClient.IChatbotDispatchClient.ClientHandler[101]
      Received HTTP response headers after 8379.4748ms - 502
info: System.Net.Http.HttpClient.IChatbotDispatchClient.LogicalHandler[101]
      End processing HTTP request after 8379.5667ms - 502
info: System.Net.Http.HttpClient.IChatbotDispatchClient.LogicalHandler[100]
      Start processing HTTP request GET http://127.0.0.1:8765/api/platform/projects/proj_sst-general/releases?*
info: System.Net.Http.HttpClient.IChatbotDispatchClient.ClientHandler[100]
      Sending HTTP request GET http://127.0.0.1:8765/api/platform/projects/proj_sst-general/releases?*
info: System.Net.Http.HttpClient.IChatbotDispatchClient.ClientHandler[101]
      Received HTTP response headers after 17.7004ms - 200
info: System.Net.Http.HttpClient.IChatbotDispatchClient.LogicalHandler[101]
      End processing HTTP request after 17.7614ms - 200
[ChatbotDispatch DEBUG] POST /api/chatbot/questions body={"project_id":"proj_sst-general","rag_variant_id":"ragv_local-bge","rag_release_id":"ragr_1d2f9c1a4f444da0","question":"Como funcionan las reuniones del comite de convivencia?","conversation_id":"conv_chunks_20260828171614","message_id":"msg_chunks_20260828171737_28","top_k":8}
info: System.Net.Http.HttpClient.IChatbotDispatchClient.LogicalHandler[100]
      Start processing HTTP request POST http://127.0.0.1:8765/api/chatbot/questions
info: System.Net.Http.HttpClient.IChatbotDispatchClient.ClientHandler[100]
      Sending HTTP request POST http://127.0.0.1:8765/api/chatbot/questions
info: System.Net.Http.HttpClient.IChatbotDispatchClient.ClientHandler[104]
      HTTP request failed after 0.9481ms
      System.Net.Http.HttpRequestException: An error occurred while sending the request.
       ---> System.Net.Http.HttpIOException: The response ended prematurely. (ResponseEnded)
         at System.Net.Http.HttpConnection.SendAsync(HttpRequestMessage request, Boolean async, CancellationToken cancellationToken)
         --- End of inner exception stack trace ---
         at System.Net.Http.HttpConnection.SendAsync(HttpRequestMessage request, Boolean async, CancellationToken cancellationToken)
         at System.Net.Http.HttpConnectionPool.SendWithVersionDetectionAndRetryAsync(HttpRequestMessage request, Boolean async, Boolean doRequestAuth, CancellationToken cancellationToken)
         at System.Net.Http.DiagnosticsHandler.SendAsyncCore(HttpRequestMessage request, Boolean async, CancellationToken cancellationToken)
         at System.Net.Http.RedirectHandler.SendAsync(HttpRequestMessage request, Boolean async, CancellationToken cancellationToken)
         at Microsoft.Extensions.Http.Logging.LoggingHttpMessageHandler.<SendCoreAsync>g__Core|4_0(HttpRequestMessage request, Boolean useAsync, CancellationToken cancellationToken)
info: System.Net.Http.HttpClient.IChatbotDispatchClient.LogicalHandler[104]
      HTTP request failed after 1.1602ms
      System.Net.Http.HttpRequestException: An error occurred while sending the request.
       ---> System.Net.Http.HttpIOException: The response ended prematurely. (ResponseEnded)
         at System.Net.Http.HttpConnection.SendAsync(HttpRequestMessage request, Boolean async, CancellationToken cancellationToken)
         --- End of inner exception stack trace ---
         at System.Net.Http.HttpConnection.SendAsync(HttpRequestMessage request, Boolean async, CancellationToken cancellationToken)
         at System.Net.Http.HttpConnectionPool.SendWithVersionDetectionAndRetryAsync(HttpRequestMessage request, Boolean async, Boolean doRequestAuth, CancellationToken cancellationToken)
         at System.Net.Http.DiagnosticsHandler.SendAsyncCore(HttpRequestMessage request, Boolean async, CancellationToken cancellationToken)
         at System.Net.Http.RedirectHandler.SendAsync(HttpRequestMessage request, Boolean async, CancellationToken cancellationToken)
         at Microsoft.Extensions.Http.Logging.LoggingHttpMessageHandler.<SendCoreAsync>g__Core|4_0(HttpRequestMessage request, Boolean useAsync, CancellationToken cancellationToken)
         at Microsoft.Extensions.Http.Logging.LoggingScopeHttpMessageHandler.<SendCoreAsync>g__Core|4_0(HttpRequestMessage request, Boolean useAsync, CancellationToken cancellationToken)
fail: Microsoft.AspNetCore.Diagnostics.DeveloperExceptionPageMiddleware[1]
      An unhandled exception has occurred while executing the request.
      System.Net.Http.HttpRequestException: An error occurred while sending the request.
       ---> System.Net.Http.HttpIOException: The response ended prematurely. (ResponseEnded)
         at System.Net.Http.HttpConnection.SendAsync(HttpRequestMessage request, Boolean async, CancellationToken cancellationToken)
         --- End of inner exception stack trace ---
         at System.Net.Http.HttpConnection.SendAsync(HttpRequestMessage request, Boolean async, CancellationToken cancellationToken)
         at System.Net.Http.HttpConnectionPool.SendWithVersionDetectionAndRetryAsync(HttpRequestMessage request, Boolean async, Boolean doRequestAuth, CancellationToken cancellationToken)
         at System.Net.Http.DiagnosticsHandler.SendAsyncCore(HttpRequestMessage request, Boolean async, CancellationToken cancellationToken)
         at System.Net.Http.RedirectHandler.SendAsync(HttpRequestMessage request, Boolean async, CancellationToken cancellationToken)
         at Microsoft.Extensions.Http.Logging.LoggingHttpMessageHandler.<SendCoreAsync>g__Core|4_0(HttpRequestMessage request, Boolean useAsync, CancellationToken cancellationToken)
         at Microsoft.Extensions.Http.Logging.LoggingScopeHttpMessageHandler.<SendCoreAsync>g__Core|4_0(HttpRequestMessage request, Boolean useAsync, CancellationToken cancellationToken)
         at System.Net.Http.HttpClient.<SendAsync>g__Core|83_0(HttpRequestMessage request, HttpCompletionOption completionOption, CancellationTokenSource cts, Boolean disposeCts, CancellationTokenSource pendingRequestsCts, CancellationToken originalCancellationToken)
         at Chatbot.Sst.Infrastructure.Dispatch.HttpChatbotDispatchClient.DispatchAsync(ChatQuestionSubmission submission, CancellationToken cancellationToken) in C:\Users\jvrincon\Documents\chatbot_aplicado_sst\app\back\src\Chatbot.Sst.Infrastructure\Dispatch\HttpChatbotDispatchClient.cs:line 53
         at Chatbot.Sst.Application.ChatDispatchCoordinator.SubmitAsync(ChatQuestionSubmission submission, CancellationToken cancellationToken) in C:\Users\jvrincon\Documents\chatbot_aplicado_sst\app\back\src\Chatbot.Sst.Application\ChatDispatchCoordinator.cs:line 38
         at Program.<>c.<<<Main>$>b__0_1>d.MoveNext() in C:\Users\jvrincon\Documents\chatbot_aplicado_sst\app\back\src\Chatbot.Sst.Api\Program.cs:line 62
      --- End of stack trace from previous location ---
         at Microsoft.AspNetCore.Http.RequestDelegateFactory.ExecuteTaskResult[T](Task`1 task, HttpContext httpContext)
         at Microsoft.AspNetCore.Http.RequestDelegateFactory.<>c__DisplayClass102_2.<<HandleRequestBodyAndCompileRequestDelegateForJson>b__2>d.MoveNext()
      --- End of stack trace from previous location ---
         at Microsoft.AspNetCore.Diagnostics.DeveloperExceptionPageMiddlewareImpl.Invoke(HttpContext context)
info: System.Net.Http.HttpClient.IChatbotDispatchClient.LogicalHandler[100]
      Start processing HTTP request GET http://127.0.0.1:8765/api/platform/projects/proj_sst-general/releases?*
info: System.Net.Http.HttpClient.IChatbotDispatchClient.ClientHandler[100]
      Sending HTTP request GET http://127.0.0.1:8765/api/platform/projects/proj_sst-general/releases?*
info: System.Net.Http.HttpClient.IChatbotDispatchClient.ClientHandler[101]
      Received HTTP response headers after 12.8423ms - 200
info: System.Net.Http.HttpClient.IChatbotDispatchClient.LogicalHandler[101]
      End processing HTTP request after 12.9152ms - 200
[ChatbotDispatch DEBUG] POST /api/chatbot/questions body={"project_id":"proj_sst-general","rag_variant_id":"ragv_local-bge","rag_release_id":"ragr_1d2f9c1a4f444da0","question":"Que metodologia siguen las sesiones del comite de convivencia?","conversation_id":"conv_chunks_20260828171614","message_id":"msg_chunks_20260828171737_29","top_k":8}
info: System.Net.Http.HttpClient.IChatbotDispatchClient.LogicalHandler[100]
      Start processing HTTP request POST http://127.0.0.1:8765/api/chatbot/questions
info: System.Net.Http.HttpClient.IChatbotDispatchClient.ClientHandler[100]
      Sending HTTP request POST http://127.0.0.1:8765/api/chatbot/questions
info: System.Net.Http.HttpClient.IChatbotDispatchClient.ClientHandler[104]
      HTTP request failed after 0.6911ms
      System.Net.Http.HttpRequestException: An error occurred while sending the request.
       ---> System.Net.Http.HttpIOException: The response ended prematurely. (ResponseEnded)
         at System.Net.Http.HttpConnection.SendAsync(HttpRequestMessage request, Boolean async, CancellationToken cancellationToken)
         --- End of inner exception stack trace ---
         at System.Net.Http.HttpConnection.SendAsync(HttpRequestMessage request, Boolean async, CancellationToken cancellationToken)
         at System.Net.Http.HttpConnectionPool.SendWithVersionDetectionAndRetryAsync(HttpRequestMessage request, Boolean async, Boolean doRequestAuth, CancellationToken cancellationToken)
         at System.Net.Http.DiagnosticsHandler.SendAsyncCore(HttpRequestMessage request, Boolean async, CancellationToken cancellationToken)
         at System.Net.Http.RedirectHandler.SendAsync(HttpRequestMessage request, Boolean async, CancellationToken cancellationToken)
         at Microsoft.Extensions.Http.Logging.LoggingHttpMessageHandler.<SendCoreAsync>g__Core|4_0(HttpRequestMessage request, Boolean useAsync, CancellationToken cancellationToken)
info: System.Net.Http.HttpClient.IChatbotDispatchClient.LogicalHandler[104]
      HTTP request failed after 0.8056ms
      System.Net.Http.HttpRequestException: An error occurred while sending the request.
       ---> System.Net.Http.HttpIOException: The response ended prematurely. (ResponseEnded)
         at System.Net.Http.HttpConnection.SendAsync(HttpRequestMessage request, Boolean async, CancellationToken cancellationToken)
         --- End of inner exception stack trace ---
         at System.Net.Http.HttpConnection.SendAsync(HttpRequestMessage request, Boolean async, CancellationToken cancellationToken)
         at System.Net.Http.HttpConnectionPool.SendWithVersionDetectionAndRetryAsync(HttpRequestMessage request, Boolean async, Boolean doRequestAuth, CancellationToken cancellationToken)
         at System.Net.Http.DiagnosticsHandler.SendAsyncCore(HttpRequestMessage request, Boolean async, CancellationToken cancellationToken)
         at System.Net.Http.RedirectHandler.SendAsync(HttpRequestMessage request, Boolean async, CancellationToken cancellationToken)
         at Microsoft.Extensions.Http.Logging.LoggingHttpMessageHandler.<SendCoreAsync>g__Core|4_0(HttpRequestMessage request, Boolean useAsync, CancellationToken cancellationToken)
         at Microsoft.Extensions.Http.Logging.LoggingScopeHttpMessageHandler.<SendCoreAsync>g__Core|4_0(HttpRequestMessage request, Boolean useAsync, CancellationToken cancellationToken)
fail: Microsoft.AspNetCore.Diagnostics.DeveloperExceptionPageMiddleware[1]
      An unhandled exception has occurred while executing the request.
      System.Net.Http.HttpRequestException: An error occurred while sending the request.
       ---> System.Net.Http.HttpIOException: The response ended prematurely. (ResponseEnded)
         at System.Net.Http.HttpConnection.SendAsync(HttpRequestMessage request, Boolean async, CancellationToken cancellationToken)
         --- End of inner exception stack trace ---
         at System.Net.Http.HttpConnection.SendAsync(HttpRequestMessage request, Boolean async, CancellationToken cancellationToken)
         at System.Net.Http.HttpConnectionPool.SendWithVersionDetectionAndRetryAsync(HttpRequestMessage request, Boolean async, Boolean doRequestAuth, CancellationToken cancellationToken)
         at System.Net.Http.DiagnosticsHandler.SendAsyncCore(HttpRequestMessage request, Boolean async, CancellationToken cancellationToken)
         at System.Net.Http.RedirectHandler.SendAsync(HttpRequestMessage request, Boolean async, CancellationToken cancellationToken)
         at Microsoft.Extensions.Http.Logging.LoggingHttpMessageHandler.<SendCoreAsync>g__Core|4_0(HttpRequestMessage request, Boolean useAsync, CancellationToken cancellationToken)
         at Microsoft.Extensions.Http.Logging.LoggingScopeHttpMessageHandler.<SendCoreAsync>g__Core|4_0(HttpRequestMessage request, Boolean useAsync, CancellationToken cancellationToken)
         at System.Net.Http.HttpClient.<SendAsync>g__Core|83_0(HttpRequestMessage request, HttpCompletionOption completionOption, CancellationTokenSource cts, Boolean disposeCts, CancellationTokenSource pendingRequestsCts, CancellationToken originalCancellationToken)
         at Chatbot.Sst.Infrastructure.Dispatch.HttpChatbotDispatchClient.DispatchAsync(ChatQuestionSubmission submission, CancellationToken cancellationToken) in C:\Users\jvrincon\Documents\chatbot_aplicado_sst\app\back\src\Chatbot.Sst.Infrastructure\Dispatch\HttpChatbotDispatchClient.cs:line 53
         at Chatbot.Sst.Application.ChatDispatchCoordinator.SubmitAsync(ChatQuestionSubmission submission, CancellationToken cancellationToken) in C:\Users\jvrincon\Documents\chatbot_aplicado_sst\app\back\src\Chatbot.Sst.Application\ChatDispatchCoordinator.cs:line 38
         at Program.<>c.<<<Main>$>b__0_1>d.MoveNext() in C:\Users\jvrincon\Documents\chatbot_aplicado_sst\app\back\src\Chatbot.Sst.Api\Program.cs:line 62
      --- End of stack trace from previous location ---
         at Microsoft.AspNetCore.Http.RequestDelegateFactory.ExecuteTaskResult[T](Task`1 task, HttpContext httpContext)
         at Microsoft.AspNetCore.Http.RequestDelegateFactory.<>c__DisplayClass102_2.<<HandleRequestBodyAndCompileRequestDelegateForJson>b__2>d.MoveNext()
      --- End of stack trace from previous location ---
         at Microsoft.AspNetCore.Diagnostics.DeveloperExceptionPageMiddlewareImpl.Invoke(HttpContext context)
info: System.Net.Http.HttpClient.IChatbotDispatchClient.LogicalHandler[100]
      Start processing HTTP request GET http://127.0.0.1:8765/api/platform/projects/proj_sst-general/releases?*
info: System.Net.Http.HttpClient.IChatbotDispatchClient.ClientHandler[100]
      Sending HTTP request GET http://127.0.0.1:8765/api/platform/projects/proj_sst-general/releases?*
info: System.Net.Http.HttpClient.IChatbotDispatchClient.ClientHandler[101]
      Received HTTP response headers after 11.8812ms - 200
info: System.Net.Http.HttpClient.IChatbotDispatchClient.LogicalHandler[101]
      End processing HTTP request after 11.9314ms - 200
[ChatbotDispatch DEBUG] POST /api/chatbot/questions body={"project_id":"proj_sst-general","rag_variant_id":"ragv_local-bge","rag_release_id":"ragr_1d2f9c1a4f444da0","question":"Como se presentan quejas o denuncias de convivencia?","conversation_id":"conv_chunks_20260828171614","message_id":"msg_chunks_20260828171737_30","top_k":8}
info: System.Net.Http.HttpClient.IChatbotDispatchClient.LogicalHandler[100]
      Start processing HTTP request POST http://127.0.0.1:8765/api/chatbot/questions
info: System.Net.Http.HttpClient.IChatbotDispatchClient.ClientHandler[100]
      Sending HTTP request POST http://127.0.0.1:8765/api/chatbot/questions
info: System.Net.Http.HttpClient.IChatbotDispatchClient.ClientHandler[104]
      HTTP request failed after 0.6202ms
      System.Net.Http.HttpRequestException: An error occurred while sending the request.
       ---> System.Net.Http.HttpIOException: The response ended prematurely. (ResponseEnded)
         at System.Net.Http.HttpConnection.SendAsync(HttpRequestMessage request, Boolean async, CancellationToken cancellationToken)
         --- End of inner exception stack trace ---
         at System.Net.Http.HttpConnection.SendAsync(HttpRequestMessage request, Boolean async, CancellationToken cancellationToken)
         at System.Net.Http.HttpConnectionPool.SendWithVersionDetectionAndRetryAsync(HttpRequestMessage request, Boolean async, Boolean doRequestAuth, CancellationToken cancellationToken)
         at System.Net.Http.DiagnosticsHandler.SendAsyncCore(HttpRequestMessage request, Boolean async, CancellationToken cancellationToken)
         at System.Net.Http.RedirectHandler.SendAsync(HttpRequestMessage request, Boolean async, CancellationToken cancellationToken)
         at Microsoft.Extensions.Http.Logging.LoggingHttpMessageHandler.<SendCoreAsync>g__Core|4_0(HttpRequestMessage request, Boolean useAsync, CancellationToken cancellationToken)
info: System.Net.Http.HttpClient.IChatbotDispatchClient.LogicalHandler[104]
      HTTP request failed after 0.7411ms
      System.Net.Http.HttpRequestException: An error occurred while sending the request.
       ---> System.Net.Http.HttpIOException: The response ended prematurely. (ResponseEnded)
         at System.Net.Http.HttpConnection.SendAsync(HttpRequestMessage request, Boolean async, CancellationToken cancellationToken)
         --- End of inner exception stack trace ---
         at System.Net.Http.HttpConnection.SendAsync(HttpRequestMessage request, Boolean async, CancellationToken cancellationToken)
         at System.Net.Http.HttpConnectionPool.SendWithVersionDetectionAndRetryAsync(HttpRequestMessage request, Boolean async, Boolean doRequestAuth, CancellationToken cancellationToken)
         at System.Net.Http.DiagnosticsHandler.SendAsyncCore(HttpRequestMessage request, Boolean async, CancellationToken cancellationToken)
         at System.Net.Http.RedirectHandler.SendAsync(HttpRequestMessage request, Boolean async, CancellationToken cancellationToken)
         at Microsoft.Extensions.Http.Logging.LoggingHttpMessageHandler.<SendCoreAsync>g__Core|4_0(HttpRequestMessage request, Boolean useAsync, CancellationToken cancellationToken)
         at Microsoft.Extensions.Http.Logging.LoggingScopeHttpMessageHandler.<SendCoreAsync>g__Core|4_0(HttpRequestMessage request, Boolean useAsync, CancellationToken cancellationToken)
fail: Microsoft.AspNetCore.Diagnostics.DeveloperExceptionPageMiddleware[1]
      An unhandled exception has occurred while executing the request.
      System.Net.Http.HttpRequestException: An error occurred while sending the request.
       ---> System.Net.Http.HttpIOException: The response ended prematurely. (ResponseEnded)
         at System.Net.Http.HttpConnection.SendAsync(HttpRequestMessage request, Boolean async, CancellationToken cancellationToken)
         --- End of inner exception stack trace ---
         at System.Net.Http.HttpConnection.SendAsync(HttpRequestMessage request, Boolean async, CancellationToken cancellationToken)
         at System.Net.Http.HttpConnectionPool.SendWithVersionDetectionAndRetryAsync(HttpRequestMessage request, Boolean async, Boolean doRequestAuth, CancellationToken cancellationToken)
         at System.Net.Http.DiagnosticsHandler.SendAsyncCore(HttpRequestMessage request, Boolean async, CancellationToken cancellationToken)
         at System.Net.Http.RedirectHandler.SendAsync(HttpRequestMessage request, Boolean async, CancellationToken cancellationToken)
         at Microsoft.Extensions.Http.Logging.LoggingHttpMessageHandler.<SendCoreAsync>g__Core|4_0(HttpRequestMessage request, Boolean useAsync, CancellationToken cancellationToken)
         at Microsoft.Extensions.Http.Logging.LoggingScopeHttpMessageHandler.<SendCoreAsync>g__Core|4_0(HttpRequestMessage request, Boolean useAsync, CancellationToken cancellationToken)
         at System.Net.Http.HttpClient.<SendAsync>g__Core|83_0(HttpRequestMessage request, HttpCompletionOption completionOption, CancellationTokenSource cts, Boolean disposeCts, CancellationTokenSource pendingRequestsCts, CancellationToken originalCancellationToken)
         at Chatbot.Sst.Infrastructure.Dispatch.HttpChatbotDispatchClient.DispatchAsync(ChatQuestionSubmission submission, CancellationToken cancellationToken) in C:\Users\jvrincon\Documents\chatbot_aplicado_sst\app\back\src\Chatbot.Sst.Infrastructure\Dispatch\HttpChatbotDispatchClient.cs:line 53
         at Chatbot.Sst.Application.ChatDispatchCoordinator.SubmitAsync(ChatQuestionSubmission submission, CancellationToken cancellationToken) in C:\Users\jvrincon\Documents\chatbot_aplicado_sst\app\back\src\Chatbot.Sst.Application\ChatDispatchCoordinator.cs:line 38
         at Program.<>c.<<<Main>$>b__0_1>d.MoveNext() in C:\Users\jvrincon\Documents\chatbot_aplicado_sst\app\back\src\Chatbot.Sst.Api\Program.cs:line 62
      --- End of stack trace from previous location ---
         at Microsoft.AspNetCore.Http.RequestDelegateFactory.ExecuteTaskResult[T](Task`1 task, HttpContext httpContext)
         at Microsoft.AspNetCore.Http.RequestDelegateFactory.<>c__DisplayClass102_2.<<HandleRequestBodyAndCompileRequestDelegateForJson>b__2>d.MoveNext()
      --- End of stack trace from previous location ---
         at Microsoft.AspNetCore.Diagnostics.DeveloperExceptionPageMiddlewareImpl.Invoke(HttpContext context)
info: System.Net.Http.HttpClient.IChatbotDispatchClient.LogicalHandler[100]
      Start processing HTTP request GET http://127.0.0.1:8765/api/platform/projects/proj_sst-general/releases?*
info: System.Net.Http.HttpClient.IChatbotDispatchClient.ClientHandler[100]
      Sending HTTP request GET http://127.0.0.1:8765/api/platform/projects/proj_sst-general/releases?*
info: System.Net.Http.HttpClient.IChatbotDispatchClient.ClientHandler[101]
      Received HTTP response headers after 10.2315ms - 200
info: System.Net.Http.HttpClient.IChatbotDispatchClient.LogicalHandler[101]
      End processing HTTP request after 10.279ms - 200
[ChatbotDispatch DEBUG] POST /api/chatbot/questions body={"project_id":"proj_sst-general","rag_variant_id":"ragv_local-bge","rag_release_id":"ragr_1d2f9c1a4f444da0","question":"A que correo se envian las quejas de convivencia laboral?","conversation_id":"conv_chunks_20260828171614","message_id":"msg_chunks_20260828171737_31","top_k":8}
info: System.Net.Http.HttpClient.IChatbotDispatchClient.LogicalHandler[100]
      Start processing HTTP request POST http://127.0.0.1:8765/api/chatbot/questions
info: System.Net.Http.HttpClient.IChatbotDispatchClient.ClientHandler[100]
      Sending HTTP request POST http://127.0.0.1:8765/api/chatbot/questions
info: System.Net.Http.HttpClient.ILlmProvider.LogicalHandler[100]
      Start processing HTTP request POST http://127.0.0.1:8001/v1/chat/completions
info: System.Net.Http.HttpClient.ILlmProvider.ClientHandler[100]
      Sending HTTP request POST http://127.0.0.1:8001/v1/chat/completions
info: System.Net.Http.HttpClient.ILlmProvider.ClientHandler[104]
      HTTP request failed after 2029.93ms
      System.Net.Http.HttpRequestException: No se puede establecer una conexión ya que el equipo de destino denegó expresamente dicha conexión. (127.0.0.1:8001)
       ---> System.Net.Sockets.SocketException (10061): No se puede establecer una conexión ya que el equipo de destino denegó expresamente dicha conexión.
         at System.Net.Sockets.Socket.AwaitableSocketAsyncEventArgs.ThrowException(SocketError error, CancellationToken cancellationToken)
         at System.Net.Sockets.Socket.AwaitableSocketAsyncEventArgs.System.Threading.Tasks.Sources.IValueTaskSource.GetResult(Int16 token)
         at System.Net.Http.HttpConnectionPool.ConnectToTcpHostAsync(String host, Int32 port, HttpRequestMessage initialRequest, Boolean async, CancellationToken cancellationToken)
         --- End of inner exception stack trace ---
         at System.Net.Http.HttpConnectionPool.ConnectToTcpHostAsync(String host, Int32 port, HttpRequestMessage initialRequest, Boolean async, CancellationToken cancellationToken)
         at System.Net.Http.HttpConnectionPool.ConnectAsync(HttpRequestMessage request, Boolean async, CancellationToken cancellationToken)
         at System.Net.Http.HttpConnectionPool.CreateHttp11ConnectionAsync(HttpRequestMessage request, Boolean async, CancellationToken cancellationToken)
         at System.Net.Http.HttpConnectionPool.InjectNewHttp11ConnectionAsync(QueueItem queueItem)
         at System.Threading.Tasks.TaskCompletionSourceWithCancellation`1.WaitWithCancellationAsync(CancellationToken cancellationToken)
         at System.Net.Http.HttpConnectionPool.SendWithVersionDetectionAndRetryAsync(HttpRequestMessage request, Boolean async, Boolean doRequestAuth, CancellationToken cancellationToken)
         at System.Net.Http.DiagnosticsHandler.SendAsyncCore(HttpRequestMessage request, Boolean async, CancellationToken cancellationToken)
         at System.Net.Http.RedirectHandler.SendAsync(HttpRequestMessage request, Boolean async, CancellationToken cancellationToken)
         at Microsoft.Extensions.Http.Logging.LoggingHttpMessageHandler.<SendCoreAsync>g__Core|4_0(HttpRequestMessage request, Boolean useAsync, CancellationToken cancellationToken)
info: System.Net.Http.HttpClient.ILlmProvider.LogicalHandler[104]
      HTTP request failed after 2030.1433ms
      System.Net.Http.HttpRequestException: No se puede establecer una conexión ya que el equipo de destino denegó expresamente dicha conexión. (127.0.0.1:8001)
       ---> System.Net.Sockets.SocketException (10061): No se puede establecer una conexión ya que el equipo de destino denegó expresamente dicha conexión.
         at System.Net.Sockets.Socket.AwaitableSocketAsyncEventArgs.ThrowException(SocketError error, CancellationToken cancellationToken)
         at System.Net.Sockets.Socket.AwaitableSocketAsyncEventArgs.System.Threading.Tasks.Sources.IValueTaskSource.GetResult(Int16 token)
         at System.Net.Http.HttpConnectionPool.ConnectToTcpHostAsync(String host, Int32 port, HttpRequestMessage initialRequest, Boolean async, CancellationToken cancellationToken)
         --- End of inner exception stack trace ---
         at System.Net.Http.HttpConnectionPool.ConnectToTcpHostAsync(String host, Int32 port, HttpRequestMessage initialRequest, Boolean async, CancellationToken cancellationToken)
         at System.Net.Http.HttpConnectionPool.ConnectAsync(HttpRequestMessage request, Boolean async, CancellationToken cancellationToken)
         at System.Net.Http.HttpConnectionPool.CreateHttp11ConnectionAsync(HttpRequestMessage request, Boolean async, CancellationToken cancellationToken)
         at System.Net.Http.HttpConnectionPool.InjectNewHttp11ConnectionAsync(QueueItem queueItem)
         at System.Threading.Tasks.TaskCompletionSourceWithCancellation`1.WaitWithCancellationAsync(CancellationToken cancellationToken)
         at System.Net.Http.HttpConnectionPool.SendWithVersionDetectionAndRetryAsync(HttpRequestMessage request, Boolean async, Boolean doRequestAuth, CancellationToken cancellationToken)
         at System.Net.Http.DiagnosticsHandler.SendAsyncCore(HttpRequestMessage request, Boolean async, CancellationToken cancellationToken)
         at System.Net.Http.RedirectHandler.SendAsync(HttpRequestMessage request, Boolean async, CancellationToken cancellationToken)
         at Microsoft.Extensions.Http.Logging.LoggingHttpMessageHandler.<SendCoreAsync>g__Core|4_0(HttpRequestMessage request, Boolean useAsync, CancellationToken cancellationToken)
         at Microsoft.Extensions.Http.Logging.LoggingScopeHttpMessageHandler.<SendCoreAsync>g__Core|4_0(HttpRequestMessage request, Boolean useAsync, CancellationToken cancellationToken)
info: System.Net.Http.HttpClient.IChatbotDispatchClient.ClientHandler[101]
      Received HTTP response headers after 8018.2069ms - 502
info: System.Net.Http.HttpClient.IChatbotDispatchClient.LogicalHandler[101]
      End processing HTTP request after 8018.2433ms - 502
info: System.Net.Http.HttpClient.IChatbotDispatchClient.LogicalHandler[100]
      Start processing HTTP request GET http://127.0.0.1:8765/api/platform/projects/proj_sst-general/releases?*
info: System.Net.Http.HttpClient.IChatbotDispatchClient.ClientHandler[100]
      Sending HTTP request GET http://127.0.0.1:8765/api/platform/projects/proj_sst-general/releases?*
info: System.Net.Http.HttpClient.IChatbotDispatchClient.ClientHandler[101]
      Received HTTP response headers after 14.5436ms - 200
info: System.Net.Http.HttpClient.IChatbotDispatchClient.LogicalHandler[101]
      End processing HTTP request after 14.5967ms - 200
[ChatbotDispatch DEBUG] POST /api/chatbot/questions body={"project_id":"proj_sst-general","rag_variant_id":"ragv_local-bge","rag_release_id":"ragr_1d2f9c1a4f444da0","question":"Que derechos tienen los trabajadores en convivencia laboral?","conversation_id":"conv_chunks_20260828171614","message_id":"msg_chunks_20260828171745_32","top_k":8}
info: System.Net.Http.HttpClient.IChatbotDispatchClient.LogicalHandler[100]
      Start processing HTTP request POST http://127.0.0.1:8765/api/chatbot/questions
info: System.Net.Http.HttpClient.IChatbotDispatchClient.ClientHandler[100]
      Sending HTTP request POST http://127.0.0.1:8765/api/chatbot/questions
info: System.Net.Http.HttpClient.ILlmProvider.LogicalHandler[100]
      Start processing HTTP request POST http://127.0.0.1:8001/v1/chat/completions
info: System.Net.Http.HttpClient.ILlmProvider.ClientHandler[100]
      Sending HTTP request POST http://127.0.0.1:8001/v1/chat/completions
info: System.Net.Http.HttpClient.ILlmProvider.ClientHandler[104]
      HTTP request failed after 2052.7168ms
      System.Net.Http.HttpRequestException: No se puede establecer una conexión ya que el equipo de destino denegó expresamente dicha conexión. (127.0.0.1:8001)
       ---> System.Net.Sockets.SocketException (10061): No se puede establecer una conexión ya que el equipo de destino denegó expresamente dicha conexión.
         at System.Net.Sockets.Socket.AwaitableSocketAsyncEventArgs.ThrowException(SocketError error, CancellationToken cancellationToken)
         at System.Net.Sockets.Socket.AwaitableSocketAsyncEventArgs.System.Threading.Tasks.Sources.IValueTaskSource.GetResult(Int16 token)
         at System.Net.Http.HttpConnectionPool.ConnectToTcpHostAsync(String host, Int32 port, HttpRequestMessage initialRequest, Boolean async, CancellationToken cancellationToken)
         --- End of inner exception stack trace ---
         at System.Net.Http.HttpConnectionPool.ConnectToTcpHostAsync(String host, Int32 port, HttpRequestMessage initialRequest, Boolean async, CancellationToken cancellationToken)
         at System.Net.Http.HttpConnectionPool.ConnectAsync(HttpRequestMessage request, Boolean async, CancellationToken cancellationToken)
         at System.Net.Http.HttpConnectionPool.CreateHttp11ConnectionAsync(HttpRequestMessage request, Boolean async, CancellationToken cancellationToken)
         at System.Net.Http.HttpConnectionPool.InjectNewHttp11ConnectionAsync(QueueItem queueItem)
         at System.Threading.Tasks.TaskCompletionSourceWithCancellation`1.WaitWithCancellationAsync(CancellationToken cancellationToken)
         at System.Net.Http.HttpConnectionPool.SendWithVersionDetectionAndRetryAsync(HttpRequestMessage request, Boolean async, Boolean doRequestAuth, CancellationToken cancellationToken)
         at System.Net.Http.DiagnosticsHandler.SendAsyncCore(HttpRequestMessage request, Boolean async, CancellationToken cancellationToken)
         at System.Net.Http.RedirectHandler.SendAsync(HttpRequestMessage request, Boolean async, CancellationToken cancellationToken)
         at Microsoft.Extensions.Http.Logging.LoggingHttpMessageHandler.<SendCoreAsync>g__Core|4_0(HttpRequestMessage request, Boolean useAsync, CancellationToken cancellationToken)
info: System.Net.Http.HttpClient.ILlmProvider.LogicalHandler[104]
      HTTP request failed after 2052.9909ms
      System.Net.Http.HttpRequestException: No se puede establecer una conexión ya que el equipo de destino denegó expresamente dicha conexión. (127.0.0.1:8001)
       ---> System.Net.Sockets.SocketException (10061): No se puede establecer una conexión ya que el equipo de destino denegó expresamente dicha conexión.
         at System.Net.Sockets.Socket.AwaitableSocketAsyncEventArgs.ThrowException(SocketError error, CancellationToken cancellationToken)
         at System.Net.Sockets.Socket.AwaitableSocketAsyncEventArgs.System.Threading.Tasks.Sources.IValueTaskSource.GetResult(Int16 token)
         at System.Net.Http.HttpConnectionPool.ConnectToTcpHostAsync(String host, Int32 port, HttpRequestMessage initialRequest, Boolean async, CancellationToken cancellationToken)
         --- End of inner exception stack trace ---
         at System.Net.Http.HttpConnectionPool.ConnectToTcpHostAsync(String host, Int32 port, HttpRequestMessage initialRequest, Boolean async, CancellationToken cancellationToken)
         at System.Net.Http.HttpConnectionPool.ConnectAsync(HttpRequestMessage request, Boolean async, CancellationToken cancellationToken)
         at System.Net.Http.HttpConnectionPool.CreateHttp11ConnectionAsync(HttpRequestMessage request, Boolean async, CancellationToken cancellationToken)
         at System.Net.Http.HttpConnectionPool.InjectNewHttp11ConnectionAsync(QueueItem queueItem)
         at System.Threading.Tasks.TaskCompletionSourceWithCancellation`1.WaitWithCancellationAsync(CancellationToken cancellationToken)
         at System.Net.Http.HttpConnectionPool.SendWithVersionDetectionAndRetryAsync(HttpRequestMessage request, Boolean async, Boolean doRequestAuth, CancellationToken cancellationToken)
         at System.Net.Http.DiagnosticsHandler.SendAsyncCore(HttpRequestMessage request, Boolean async, CancellationToken cancellationToken)
         at System.Net.Http.RedirectHandler.SendAsync(HttpRequestMessage request, Boolean async, CancellationToken cancellationToken)
         at Microsoft.Extensions.Http.Logging.LoggingHttpMessageHandler.<SendCoreAsync>g__Core|4_0(HttpRequestMessage request, Boolean useAsync, CancellationToken cancellationToken)
         at Microsoft.Extensions.Http.Logging.LoggingScopeHttpMessageHandler.<SendCoreAsync>g__Core|4_0(HttpRequestMessage request, Boolean useAsync, CancellationToken cancellationToken)
info: System.Net.Http.HttpClient.IChatbotDispatchClient.ClientHandler[101]
      Received HTTP response headers after 9029.2142ms - 502
info: System.Net.Http.HttpClient.IChatbotDispatchClient.LogicalHandler[101]
      End processing HTTP request after 9029.2487ms - 502
info: System.Net.Http.HttpClient.IChatbotDispatchClient.LogicalHandler[100]
      Start processing HTTP request GET http://127.0.0.1:8765/api/platform/projects/proj_sst-general/releases?*
info: System.Net.Http.HttpClient.IChatbotDispatchClient.ClientHandler[100]
      Sending HTTP request GET http://127.0.0.1:8765/api/platform/projects/proj_sst-general/releases?*
info: System.Net.Http.HttpClient.IChatbotDispatchClient.ClientHandler[101]
      Received HTTP response headers after 90.7686ms - 200
info: System.Net.Http.HttpClient.IChatbotDispatchClient.LogicalHandler[101]
      End processing HTTP request after 90.9487ms - 200
[ChatbotDispatch DEBUG] POST /api/chatbot/questions body={"project_id":"proj_sst-general","rag_variant_id":"ragv_local-bge","rag_release_id":"ragr_1d2f9c1a4f444da0","question":"Que deberes de convivencia laboral deben cumplir los trabajadores?","conversation_id":"conv_chunks_20260828171614","message_id":"msg_chunks_20260828171754_33","top_k":8}
info: System.Net.Http.HttpClient.IChatbotDispatchClient.LogicalHandler[100]
      Start processing HTTP request POST http://127.0.0.1:8765/api/chatbot/questions
info: System.Net.Http.HttpClient.IChatbotDispatchClient.ClientHandler[100]
      Sending HTTP request POST http://127.0.0.1:8765/api/chatbot/questions
info: System.Net.Http.HttpClient.IChatbotDispatchClient.ClientHandler[104]
      HTTP request failed after 0.5973ms
      System.Net.Http.HttpRequestException: An error occurred while sending the request.
       ---> System.Net.Http.HttpIOException: The response ended prematurely. (ResponseEnded)
         at System.Net.Http.HttpConnection.SendAsync(HttpRequestMessage request, Boolean async, CancellationToken cancellationToken)
         --- End of inner exception stack trace ---
         at System.Net.Http.HttpConnection.SendAsync(HttpRequestMessage request, Boolean async, CancellationToken cancellationToken)
         at System.Net.Http.HttpConnectionPool.SendWithVersionDetectionAndRetryAsync(HttpRequestMessage request, Boolean async, Boolean doRequestAuth, CancellationToken cancellationToken)
         at System.Net.Http.DiagnosticsHandler.SendAsyncCore(HttpRequestMessage request, Boolean async, CancellationToken cancellationToken)
         at System.Net.Http.RedirectHandler.SendAsync(HttpRequestMessage request, Boolean async, CancellationToken cancellationToken)
         at Microsoft.Extensions.Http.Logging.LoggingHttpMessageHandler.<SendCoreAsync>g__Core|4_0(HttpRequestMessage request, Boolean useAsync, CancellationToken cancellationToken)
info: System.Net.Http.HttpClient.IChatbotDispatchClient.LogicalHandler[104]
      HTTP request failed after 0.686ms
      System.Net.Http.HttpRequestException: An error occurred while sending the request.
       ---> System.Net.Http.HttpIOException: The response ended prematurely. (ResponseEnded)
         at System.Net.Http.HttpConnection.SendAsync(HttpRequestMessage request, Boolean async, CancellationToken cancellationToken)
         --- End of inner exception stack trace ---
         at System.Net.Http.HttpConnection.SendAsync(HttpRequestMessage request, Boolean async, CancellationToken cancellationToken)
         at System.Net.Http.HttpConnectionPool.SendWithVersionDetectionAndRetryAsync(HttpRequestMessage request, Boolean async, Boolean doRequestAuth, CancellationToken cancellationToken)
         at System.Net.Http.DiagnosticsHandler.SendAsyncCore(HttpRequestMessage request, Boolean async, CancellationToken cancellationToken)
         at System.Net.Http.RedirectHandler.SendAsync(HttpRequestMessage request, Boolean async, CancellationToken cancellationToken)
         at Microsoft.Extensions.Http.Logging.LoggingHttpMessageHandler.<SendCoreAsync>g__Core|4_0(HttpRequestMessage request, Boolean useAsync, CancellationToken cancellationToken)
         at Microsoft.Extensions.Http.Logging.LoggingScopeHttpMessageHandler.<SendCoreAsync>g__Core|4_0(HttpRequestMessage request, Boolean useAsync, CancellationToken cancellationToken)
fail: Microsoft.AspNetCore.Diagnostics.DeveloperExceptionPageMiddleware[1]
      An unhandled exception has occurred while executing the request.
      System.Net.Http.HttpRequestException: An error occurred while sending the request.
       ---> System.Net.Http.HttpIOException: The response ended prematurely. (ResponseEnded)
         at System.Net.Http.HttpConnection.SendAsync(HttpRequestMessage request, Boolean async, CancellationToken cancellationToken)
         --- End of inner exception stack trace ---
         at System.Net.Http.HttpConnection.SendAsync(HttpRequestMessage request, Boolean async, CancellationToken cancellationToken)
         at System.Net.Http.HttpConnectionPool.SendWithVersionDetectionAndRetryAsync(HttpRequestMessage request, Boolean async, Boolean doRequestAuth, CancellationToken cancellationToken)
         at System.Net.Http.DiagnosticsHandler.SendAsyncCore(HttpRequestMessage request, Boolean async, CancellationToken cancellationToken)
         at System.Net.Http.RedirectHandler.SendAsync(HttpRequestMessage request, Boolean async, CancellationToken cancellationToken)
         at Microsoft.Extensions.Http.Logging.LoggingHttpMessageHandler.<SendCoreAsync>g__Core|4_0(HttpRequestMessage request, Boolean useAsync, CancellationToken cancellationToken)
         at Microsoft.Extensions.Http.Logging.LoggingScopeHttpMessageHandler.<SendCoreAsync>g__Core|4_0(HttpRequestMessage request, Boolean useAsync, CancellationToken cancellationToken)
         at System.Net.Http.HttpClient.<SendAsync>g__Core|83_0(HttpRequestMessage request, HttpCompletionOption completionOption, CancellationTokenSource cts, Boolean disposeCts, CancellationTokenSource pendingRequestsCts, CancellationToken originalCancellationToken)
         at Chatbot.Sst.Infrastructure.Dispatch.HttpChatbotDispatchClient.DispatchAsync(ChatQuestionSubmission submission, CancellationToken cancellationToken) in C:\Users\jvrincon\Documents\chatbot_aplicado_sst\app\back\src\Chatbot.Sst.Infrastructure\Dispatch\HttpChatbotDispatchClient.cs:line 53
         at Chatbot.Sst.Application.ChatDispatchCoordinator.SubmitAsync(ChatQuestionSubmission submission, CancellationToken cancellationToken) in C:\Users\jvrincon\Documents\chatbot_aplicado_sst\app\back\src\Chatbot.Sst.Application\ChatDispatchCoordinator.cs:line 38
         at Program.<>c.<<<Main>$>b__0_1>d.MoveNext() in C:\Users\jvrincon\Documents\chatbot_aplicado_sst\app\back\src\Chatbot.Sst.Api\Program.cs:line 62
      --- End of stack trace from previous location ---
         at Microsoft.AspNetCore.Http.RequestDelegateFactory.ExecuteTaskResult[T](Task`1 task, HttpContext httpContext)
         at Microsoft.AspNetCore.Http.RequestDelegateFactory.<>c__DisplayClass102_2.<<HandleRequestBodyAndCompileRequestDelegateForJson>b__2>d.MoveNext()
      --- End of stack trace from previous location ---
         at Microsoft.AspNetCore.Diagnostics.DeveloperExceptionPageMiddlewareImpl.Invoke(HttpContext context)
info: System.Net.Http.HttpClient.IChatbotDispatchClient.LogicalHandler[100]
      Start processing HTTP request GET http://127.0.0.1:8765/api/platform/projects/proj_sst-general/releases?*
info: System.Net.Http.HttpClient.IChatbotDispatchClient.ClientHandler[100]
      Sending HTTP request GET http://127.0.0.1:8765/api/platform/projects/proj_sst-general/releases?*
info: System.Net.Http.HttpClient.IChatbotDispatchClient.ClientHandler[101]
      Received HTTP response headers after 8.2534ms - 200
info: System.Net.Http.HttpClient.IChatbotDispatchClient.LogicalHandler[101]
      End processing HTTP request after 8.3079ms - 200
[ChatbotDispatch DEBUG] POST /api/chatbot/questions body={"project_id":"proj_sst-general","rag_variant_id":"ragv_local-bge","rag_release_id":"ragr_1d2f9c1a4f444da0","question":"Que principios y valores orientan la convivencia laboral?","conversation_id":"conv_chunks_20260828171614","message_id":"msg_chunks_20260828171754_34","top_k":8}
info: System.Net.Http.HttpClient.IChatbotDispatchClient.LogicalHandler[100]
      Start processing HTTP request POST http://127.0.0.1:8765/api/chatbot/questions
info: System.Net.Http.HttpClient.IChatbotDispatchClient.ClientHandler[100]
      Sending HTTP request POST http://127.0.0.1:8765/api/chatbot/questions
info: System.Net.Http.HttpClient.IChatbotDispatchClient.ClientHandler[104]
      HTTP request failed after 0.7903ms
      System.Net.Http.HttpRequestException: An error occurred while sending the request.
       ---> System.Net.Http.HttpIOException: The response ended prematurely. (ResponseEnded)
         at System.Net.Http.HttpConnection.SendAsync(HttpRequestMessage request, Boolean async, CancellationToken cancellationToken)
         --- End of inner exception stack trace ---
         at System.Net.Http.HttpConnection.SendAsync(HttpRequestMessage request, Boolean async, CancellationToken cancellationToken)
         at System.Net.Http.HttpConnectionPool.SendWithVersionDetectionAndRetryAsync(HttpRequestMessage request, Boolean async, Boolean doRequestAuth, CancellationToken cancellationToken)
         at System.Net.Http.DiagnosticsHandler.SendAsyncCore(HttpRequestMessage request, Boolean async, CancellationToken cancellationToken)
         at System.Net.Http.RedirectHandler.SendAsync(HttpRequestMessage request, Boolean async, CancellationToken cancellationToken)
         at Microsoft.Extensions.Http.Logging.LoggingHttpMessageHandler.<SendCoreAsync>g__Core|4_0(HttpRequestMessage request, Boolean useAsync, CancellationToken cancellationToken)
info: System.Net.Http.HttpClient.IChatbotDispatchClient.LogicalHandler[104]
      HTTP request failed after 1.2298ms
      System.Net.Http.HttpRequestException: An error occurred while sending the request.
       ---> System.Net.Http.HttpIOException: The response ended prematurely. (ResponseEnded)
         at System.Net.Http.HttpConnection.SendAsync(HttpRequestMessage request, Boolean async, CancellationToken cancellationToken)
         --- End of inner exception stack trace ---
         at System.Net.Http.HttpConnection.SendAsync(HttpRequestMessage request, Boolean async, CancellationToken cancellationToken)
         at System.Net.Http.HttpConnectionPool.SendWithVersionDetectionAndRetryAsync(HttpRequestMessage request, Boolean async, Boolean doRequestAuth, CancellationToken cancellationToken)
         at System.Net.Http.DiagnosticsHandler.SendAsyncCore(HttpRequestMessage request, Boolean async, CancellationToken cancellationToken)
         at System.Net.Http.RedirectHandler.SendAsync(HttpRequestMessage request, Boolean async, CancellationToken cancellationToken)
         at Microsoft.Extensions.Http.Logging.LoggingHttpMessageHandler.<SendCoreAsync>g__Core|4_0(HttpRequestMessage request, Boolean useAsync, CancellationToken cancellationToken)
         at Microsoft.Extensions.Http.Logging.LoggingScopeHttpMessageHandler.<SendCoreAsync>g__Core|4_0(HttpRequestMessage request, Boolean useAsync, CancellationToken cancellationToken)
fail: Microsoft.AspNetCore.Diagnostics.DeveloperExceptionPageMiddleware[1]
      An unhandled exception has occurred while executing the request.
      System.Net.Http.HttpRequestException: An error occurred while sending the request.
       ---> System.Net.Http.HttpIOException: The response ended prematurely. (ResponseEnded)
         at System.Net.Http.HttpConnection.SendAsync(HttpRequestMessage request, Boolean async, CancellationToken cancellationToken)
         --- End of inner exception stack trace ---
         at System.Net.Http.HttpConnection.SendAsync(HttpRequestMessage request, Boolean async, CancellationToken cancellationToken)
         at System.Net.Http.HttpConnectionPool.SendWithVersionDetectionAndRetryAsync(HttpRequestMessage request, Boolean async, Boolean doRequestAuth, CancellationToken cancellationToken)
         at System.Net.Http.DiagnosticsHandler.SendAsyncCore(HttpRequestMessage request, Boolean async, CancellationToken cancellationToken)
         at System.Net.Http.RedirectHandler.SendAsync(HttpRequestMessage request, Boolean async, CancellationToken cancellationToken)
         at Microsoft.Extensions.Http.Logging.LoggingHttpMessageHandler.<SendCoreAsync>g__Core|4_0(HttpRequestMessage request, Boolean useAsync, CancellationToken cancellationToken)
         at Microsoft.Extensions.Http.Logging.LoggingScopeHttpMessageHandler.<SendCoreAsync>g__Core|4_0(HttpRequestMessage request, Boolean useAsync, CancellationToken cancellationToken)
         at System.Net.Http.HttpClient.<SendAsync>g__Core|83_0(HttpRequestMessage request, HttpCompletionOption completionOption, CancellationTokenSource cts, Boolean disposeCts, CancellationTokenSource pendingRequestsCts, CancellationToken originalCancellationToken)
         at Chatbot.Sst.Infrastructure.Dispatch.HttpChatbotDispatchClient.DispatchAsync(ChatQuestionSubmission submission, CancellationToken cancellationToken) in C:\Users\jvrincon\Documents\chatbot_aplicado_sst\app\back\src\Chatbot.Sst.Infrastructure\Dispatch\HttpChatbotDispatchClient.cs:line 53
         at Chatbot.Sst.Application.ChatDispatchCoordinator.SubmitAsync(ChatQuestionSubmission submission, CancellationToken cancellationToken) in C:\Users\jvrincon\Documents\chatbot_aplicado_sst\app\back\src\Chatbot.Sst.Application\ChatDispatchCoordinator.cs:line 38
         at Program.<>c.<<<Main>$>b__0_1>d.MoveNext() in C:\Users\jvrincon\Documents\chatbot_aplicado_sst\app\back\src\Chatbot.Sst.Api\Program.cs:line 62
      --- End of stack trace from previous location ---
         at Microsoft.AspNetCore.Http.RequestDelegateFactory.ExecuteTaskResult[T](Task`1 task, HttpContext httpContext)
         at Microsoft.AspNetCore.Http.RequestDelegateFactory.<>c__DisplayClass102_2.<<HandleRequestBodyAndCompileRequestDelegateForJson>b__2>d.MoveNext()
      --- End of stack trace from previous location ---
         at Microsoft.AspNetCore.Diagnostics.DeveloperExceptionPageMiddlewareImpl.Invoke(HttpContext context)
info: System.Net.Http.HttpClient.IChatbotDispatchClient.LogicalHandler[100]
      Start processing HTTP request GET http://127.0.0.1:8765/api/platform/projects/proj_sst-general/releases?*
info: System.Net.Http.HttpClient.IChatbotDispatchClient.ClientHandler[100]
      Sending HTTP request GET http://127.0.0.1:8765/api/platform/projects/proj_sst-general/releases?*
info: System.Net.Http.HttpClient.IChatbotDispatchClient.ClientHandler[101]
      Received HTTP response headers after 6.8244ms - 200
info: System.Net.Http.HttpClient.IChatbotDispatchClient.LogicalHandler[101]
      End processing HTTP request after 6.8679ms - 200
[ChatbotDispatch DEBUG] POST /api/chatbot/questions body={"project_id":"proj_sst-general","rag_variant_id":"ragv_local-bge","rag_release_id":"ragr_1d2f9c1a4f444da0","question":"En que consiste la politica de desconexion laboral?","conversation_id":"conv_chunks_20260828171614","message_id":"msg_chunks_20260828171754_35","top_k":8}
info: System.Net.Http.HttpClient.IChatbotDispatchClient.LogicalHandler[100]
      Start processing HTTP request POST http://127.0.0.1:8765/api/chatbot/questions
info: System.Net.Http.HttpClient.IChatbotDispatchClient.ClientHandler[100]
      Sending HTTP request POST http://127.0.0.1:8765/api/chatbot/questions
info: System.Net.Http.HttpClient.IChatbotDispatchClient.ClientHandler[104]
      HTTP request failed after 0.542ms
      System.Net.Http.HttpRequestException: An error occurred while sending the request.
       ---> System.Net.Http.HttpIOException: The response ended prematurely. (ResponseEnded)
         at System.Net.Http.HttpConnection.SendAsync(HttpRequestMessage request, Boolean async, CancellationToken cancellationToken)
         --- End of inner exception stack trace ---
         at System.Net.Http.HttpConnection.SendAsync(HttpRequestMessage request, Boolean async, CancellationToken cancellationToken)
         at System.Net.Http.HttpConnectionPool.SendWithVersionDetectionAndRetryAsync(HttpRequestMessage request, Boolean async, Boolean doRequestAuth, CancellationToken cancellationToken)
         at System.Net.Http.DiagnosticsHandler.SendAsyncCore(HttpRequestMessage request, Boolean async, CancellationToken cancellationToken)
         at System.Net.Http.RedirectHandler.SendAsync(HttpRequestMessage request, Boolean async, CancellationToken cancellationToken)
         at Microsoft.Extensions.Http.Logging.LoggingHttpMessageHandler.<SendCoreAsync>g__Core|4_0(HttpRequestMessage request, Boolean useAsync, CancellationToken cancellationToken)
info: System.Net.Http.HttpClient.IChatbotDispatchClient.LogicalHandler[104]
      HTTP request failed after 0.626ms
      System.Net.Http.HttpRequestException: An error occurred while sending the request.
       ---> System.Net.Http.HttpIOException: The response ended prematurely. (ResponseEnded)
         at System.Net.Http.HttpConnection.SendAsync(HttpRequestMessage request, Boolean async, CancellationToken cancellationToken)
         --- End of inner exception stack trace ---
         at System.Net.Http.HttpConnection.SendAsync(HttpRequestMessage request, Boolean async, CancellationToken cancellationToken)
         at System.Net.Http.HttpConnectionPool.SendWithVersionDetectionAndRetryAsync(HttpRequestMessage request, Boolean async, Boolean doRequestAuth, CancellationToken cancellationToken)
         at System.Net.Http.DiagnosticsHandler.SendAsyncCore(HttpRequestMessage request, Boolean async, CancellationToken cancellationToken)
         at System.Net.Http.RedirectHandler.SendAsync(HttpRequestMessage request, Boolean async, CancellationToken cancellationToken)
         at Microsoft.Extensions.Http.Logging.LoggingHttpMessageHandler.<SendCoreAsync>g__Core|4_0(HttpRequestMessage request, Boolean useAsync, CancellationToken cancellationToken)
         at Microsoft.Extensions.Http.Logging.LoggingScopeHttpMessageHandler.<SendCoreAsync>g__Core|4_0(HttpRequestMessage request, Boolean useAsync, CancellationToken cancellationToken)
fail: Microsoft.AspNetCore.Diagnostics.DeveloperExceptionPageMiddleware[1]
      An unhandled exception has occurred while executing the request.
      System.Net.Http.HttpRequestException: An error occurred while sending the request.
       ---> System.Net.Http.HttpIOException: The response ended prematurely. (ResponseEnded)
         at System.Net.Http.HttpConnection.SendAsync(HttpRequestMessage request, Boolean async, CancellationToken cancellationToken)
         --- End of inner exception stack trace ---
         at System.Net.Http.HttpConnection.SendAsync(HttpRequestMessage request, Boolean async, CancellationToken cancellationToken)
         at System.Net.Http.HttpConnectionPool.SendWithVersionDetectionAndRetryAsync(HttpRequestMessage request, Boolean async, Boolean doRequestAuth, CancellationToken cancellationToken)
         at System.Net.Http.DiagnosticsHandler.SendAsyncCore(HttpRequestMessage request, Boolean async, CancellationToken cancellationToken)
         at System.Net.Http.RedirectHandler.SendAsync(HttpRequestMessage request, Boolean async, CancellationToken cancellationToken)
         at Microsoft.Extensions.Http.Logging.LoggingHttpMessageHandler.<SendCoreAsync>g__Core|4_0(HttpRequestMessage request, Boolean useAsync, CancellationToken cancellationToken)
         at Microsoft.Extensions.Http.Logging.LoggingScopeHttpMessageHandler.<SendCoreAsync>g__Core|4_0(HttpRequestMessage request, Boolean useAsync, CancellationToken cancellationToken)
         at System.Net.Http.HttpClient.<SendAsync>g__Core|83_0(HttpRequestMessage request, HttpCompletionOption completionOption, CancellationTokenSource cts, Boolean disposeCts, CancellationTokenSource pendingRequestsCts, CancellationToken originalCancellationToken)
         at Chatbot.Sst.Infrastructure.Dispatch.HttpChatbotDispatchClient.DispatchAsync(ChatQuestionSubmission submission, CancellationToken cancellationToken) in C:\Users\jvrincon\Documents\chatbot_aplicado_sst\app\back\src\Chatbot.Sst.Infrastructure\Dispatch\HttpChatbotDispatchClient.cs:line 53
         at Chatbot.Sst.Application.ChatDispatchCoordinator.SubmitAsync(ChatQuestionSubmission submission, CancellationToken cancellationToken) in C:\Users\jvrincon\Documents\chatbot_aplicado_sst\app\back\src\Chatbot.Sst.Application\ChatDispatchCoordinator.cs:line 38
         at Program.<>c.<<<Main>$>b__0_1>d.MoveNext() in C:\Users\jvrincon\Documents\chatbot_aplicado_sst\app\back\src\Chatbot.Sst.Api\Program.cs:line 62
      --- End of stack trace from previous location ---
         at Microsoft.AspNetCore.Http.RequestDelegateFactory.ExecuteTaskResult[T](Task`1 task, HttpContext httpContext)
         at Microsoft.AspNetCore.Http.RequestDelegateFactory.<>c__DisplayClass102_2.<<HandleRequestBodyAndCompileRequestDelegateForJson>b__2>d.MoveNext()
      --- End of stack trace from previous location ---
         at Microsoft.AspNetCore.Diagnostics.DeveloperExceptionPageMiddlewareImpl.Invoke(HttpContext context)
info: System.Net.Http.HttpClient.IChatbotDispatchClient.LogicalHandler[100]
      Start processing HTTP request GET http://127.0.0.1:8765/api/platform/projects/proj_sst-general/releases?*
info: System.Net.Http.HttpClient.IChatbotDispatchClient.ClientHandler[100]
      Sending HTTP request GET http://127.0.0.1:8765/api/platform/projects/proj_sst-general/releases?*
info: System.Net.Http.HttpClient.IChatbotDispatchClient.ClientHandler[101]
      Received HTTP response headers after 10.7118ms - 200
info: System.Net.Http.HttpClient.IChatbotDispatchClient.LogicalHandler[101]
      End processing HTTP request after 10.7519ms - 200
[ChatbotDispatch DEBUG] POST /api/chatbot/questions body={"project_id":"proj_sst-general","rag_variant_id":"ragv_local-bge","rag_release_id":"ragr_1d2f9c1a4f444da0","question":"Que normas de convivencia deben cumplir los trabajadores?","conversation_id":"conv_chunks_20260828171614","message_id":"msg_chunks_20260828171754_36","top_k":8}
info: System.Net.Http.HttpClient.IChatbotDispatchClient.LogicalHandler[100]
      Start processing HTTP request POST http://127.0.0.1:8765/api/chatbot/questions
info: System.Net.Http.HttpClient.IChatbotDispatchClient.ClientHandler[100]
      Sending HTTP request POST http://127.0.0.1:8765/api/chatbot/questions
info: System.Net.Http.HttpClient.IChatbotDispatchClient.ClientHandler[104]
      HTTP request failed after 0.4973ms
      System.Net.Http.HttpRequestException: An error occurred while sending the request.
       ---> System.Net.Http.HttpIOException: The response ended prematurely. (ResponseEnded)
         at System.Net.Http.HttpConnection.SendAsync(HttpRequestMessage request, Boolean async, CancellationToken cancellationToken)
         --- End of inner exception stack trace ---
         at System.Net.Http.HttpConnection.SendAsync(HttpRequestMessage request, Boolean async, CancellationToken cancellationToken)
         at System.Net.Http.HttpConnectionPool.SendWithVersionDetectionAndRetryAsync(HttpRequestMessage request, Boolean async, Boolean doRequestAuth, CancellationToken cancellationToken)
         at System.Net.Http.DiagnosticsHandler.SendAsyncCore(HttpRequestMessage request, Boolean async, CancellationToken cancellationToken)
         at System.Net.Http.RedirectHandler.SendAsync(HttpRequestMessage request, Boolean async, CancellationToken cancellationToken)
         at Microsoft.Extensions.Http.Logging.LoggingHttpMessageHandler.<SendCoreAsync>g__Core|4_0(HttpRequestMessage request, Boolean useAsync, CancellationToken cancellationToken)
info: System.Net.Http.HttpClient.IChatbotDispatchClient.LogicalHandler[104]
      HTTP request failed after 0.5851ms
      System.Net.Http.HttpRequestException: An error occurred while sending the request.
       ---> System.Net.Http.HttpIOException: The response ended prematurely. (ResponseEnded)
         at System.Net.Http.HttpConnection.SendAsync(HttpRequestMessage request, Boolean async, CancellationToken cancellationToken)
         --- End of inner exception stack trace ---
         at System.Net.Http.HttpConnection.SendAsync(HttpRequestMessage request, Boolean async, CancellationToken cancellationToken)
         at System.Net.Http.HttpConnectionPool.SendWithVersionDetectionAndRetryAsync(HttpRequestMessage request, Boolean async, Boolean doRequestAuth, CancellationToken cancellationToken)
         at System.Net.Http.DiagnosticsHandler.SendAsyncCore(HttpRequestMessage request, Boolean async, CancellationToken cancellationToken)
         at System.Net.Http.RedirectHandler.SendAsync(HttpRequestMessage request, Boolean async, CancellationToken cancellationToken)
         at Microsoft.Extensions.Http.Logging.LoggingHttpMessageHandler.<SendCoreAsync>g__Core|4_0(HttpRequestMessage request, Boolean useAsync, CancellationToken cancellationToken)
         at Microsoft.Extensions.Http.Logging.LoggingScopeHttpMessageHandler.<SendCoreAsync>g__Core|4_0(HttpRequestMessage request, Boolean useAsync, CancellationToken cancellationToken)
fail: Microsoft.AspNetCore.Diagnostics.DeveloperExceptionPageMiddleware[1]
      An unhandled exception has occurred while executing the request.
      System.Net.Http.HttpRequestException: An error occurred while sending the request.
       ---> System.Net.Http.HttpIOException: The response ended prematurely. (ResponseEnded)
         at System.Net.Http.HttpConnection.SendAsync(HttpRequestMessage request, Boolean async, CancellationToken cancellationToken)
         --- End of inner exception stack trace ---
         at System.Net.Http.HttpConnection.SendAsync(HttpRequestMessage request, Boolean async, CancellationToken cancellationToken)
         at System.Net.Http.HttpConnectionPool.SendWithVersionDetectionAndRetryAsync(HttpRequestMessage request, Boolean async, Boolean doRequestAuth, CancellationToken cancellationToken)
         at System.Net.Http.DiagnosticsHandler.SendAsyncCore(HttpRequestMessage request, Boolean async, CancellationToken cancellationToken)
         at System.Net.Http.RedirectHandler.SendAsync(HttpRequestMessage request, Boolean async, CancellationToken cancellationToken)
         at Microsoft.Extensions.Http.Logging.LoggingHttpMessageHandler.<SendCoreAsync>g__Core|4_0(HttpRequestMessage request, Boolean useAsync, CancellationToken cancellationToken)
         at Microsoft.Extensions.Http.Logging.LoggingScopeHttpMessageHandler.<SendCoreAsync>g__Core|4_0(HttpRequestMessage request, Boolean useAsync, CancellationToken cancellationToken)
         at System.Net.Http.HttpClient.<SendAsync>g__Core|83_0(HttpRequestMessage request, HttpCompletionOption completionOption, CancellationTokenSource cts, Boolean disposeCts, CancellationTokenSource pendingRequestsCts, CancellationToken originalCancellationToken)
         at Chatbot.Sst.Infrastructure.Dispatch.HttpChatbotDispatchClient.DispatchAsync(ChatQuestionSubmission submission, CancellationToken cancellationToken) in C:\Users\jvrincon\Documents\chatbot_aplicado_sst\app\back\src\Chatbot.Sst.Infrastructure\Dispatch\HttpChatbotDispatchClient.cs:line 53
         at Chatbot.Sst.Application.ChatDispatchCoordinator.SubmitAsync(ChatQuestionSubmission submission, CancellationToken cancellationToken) in C:\Users\jvrincon\Documents\chatbot_aplicado_sst\app\back\src\Chatbot.Sst.Application\ChatDispatchCoordinator.cs:line 38
         at Program.<>c.<<<Main>$>b__0_1>d.MoveNext() in C:\Users\jvrincon\Documents\chatbot_aplicado_sst\app\back\src\Chatbot.Sst.Api\Program.cs:line 62
      --- End of stack trace from previous location ---
         at Microsoft.AspNetCore.Http.RequestDelegateFactory.ExecuteTaskResult[T](Task`1 task, HttpContext httpContext)
         at Microsoft.AspNetCore.Http.RequestDelegateFactory.<>c__DisplayClass102_2.<<HandleRequestBodyAndCompileRequestDelegateForJson>b__2>d.MoveNext()
      --- End of stack trace from previous location ---
         at Microsoft.AspNetCore.Diagnostics.DeveloperExceptionPageMiddlewareImpl.Invoke(HttpContext context)
info: System.Net.Http.HttpClient.IChatbotDispatchClient.LogicalHandler[100]
      Start processing HTTP request GET http://127.0.0.1:8765/api/platform/projects/proj_sst-general/releases?*
info: System.Net.Http.HttpClient.IChatbotDispatchClient.ClientHandler[100]
      Sending HTTP request GET http://127.0.0.1:8765/api/platform/projects/proj_sst-general/releases?*
info: System.Net.Http.HttpClient.IChatbotDispatchClient.ClientHandler[101]
      Received HTTP response headers after 8.6218ms - 200
info: System.Net.Http.HttpClient.IChatbotDispatchClient.LogicalHandler[101]
      End processing HTTP request after 8.6567ms - 200
[ChatbotDispatch DEBUG] POST /api/chatbot/questions body={"project_id":"proj_sst-general","rag_variant_id":"ragv_local-bge","rag_release_id":"ragr_1d2f9c1a4f444da0","question":"Que marco legal soporta el comite y la convivencia laboral?","conversation_id":"conv_chunks_20260828171614","message_id":"msg_chunks_20260828171754_37","top_k":8}
info: System.Net.Http.HttpClient.IChatbotDispatchClient.LogicalHandler[100]
      Start processing HTTP request POST http://127.0.0.1:8765/api/chatbot/questions
info: System.Net.Http.HttpClient.IChatbotDispatchClient.ClientHandler[100]
      Sending HTTP request POST http://127.0.0.1:8765/api/chatbot/questions
info: System.Net.Http.HttpClient.IChatbotDispatchClient.ClientHandler[104]
      HTTP request failed after 0.8669ms
      System.Net.Http.HttpRequestException: An error occurred while sending the request.
       ---> System.Net.Http.HttpIOException: The response ended prematurely. (ResponseEnded)
         at System.Net.Http.HttpConnection.SendAsync(HttpRequestMessage request, Boolean async, CancellationToken cancellationToken)
         --- End of inner exception stack trace ---
         at System.Net.Http.HttpConnection.SendAsync(HttpRequestMessage request, Boolean async, CancellationToken cancellationToken)
         at System.Net.Http.HttpConnectionPool.SendWithVersionDetectionAndRetryAsync(HttpRequestMessage request, Boolean async, Boolean doRequestAuth, CancellationToken cancellationToken)
         at System.Net.Http.DiagnosticsHandler.SendAsyncCore(HttpRequestMessage request, Boolean async, CancellationToken cancellationToken)
         at System.Net.Http.RedirectHandler.SendAsync(HttpRequestMessage request, Boolean async, CancellationToken cancellationToken)
         at Microsoft.Extensions.Http.Logging.LoggingHttpMessageHandler.<SendCoreAsync>g__Core|4_0(HttpRequestMessage request, Boolean useAsync, CancellationToken cancellationToken)
info: System.Net.Http.HttpClient.IChatbotDispatchClient.LogicalHandler[104]
      HTTP request failed after 1.054ms
      System.Net.Http.HttpRequestException: An error occurred while sending the request.
       ---> System.Net.Http.HttpIOException: The response ended prematurely. (ResponseEnded)
         at System.Net.Http.HttpConnection.SendAsync(HttpRequestMessage request, Boolean async, CancellationToken cancellationToken)
         --- End of inner exception stack trace ---
         at System.Net.Http.HttpConnection.SendAsync(HttpRequestMessage request, Boolean async, CancellationToken cancellationToken)
         at System.Net.Http.HttpConnectionPool.SendWithVersionDetectionAndRetryAsync(HttpRequestMessage request, Boolean async, Boolean doRequestAuth, CancellationToken cancellationToken)
         at System.Net.Http.DiagnosticsHandler.SendAsyncCore(HttpRequestMessage request, Boolean async, CancellationToken cancellationToken)
         at System.Net.Http.RedirectHandler.SendAsync(HttpRequestMessage request, Boolean async, CancellationToken cancellationToken)
         at Microsoft.Extensions.Http.Logging.LoggingHttpMessageHandler.<SendCoreAsync>g__Core|4_0(HttpRequestMessage request, Boolean useAsync, CancellationToken cancellationToken)
         at Microsoft.Extensions.Http.Logging.LoggingScopeHttpMessageHandler.<SendCoreAsync>g__Core|4_0(HttpRequestMessage request, Boolean useAsync, CancellationToken cancellationToken)
fail: Microsoft.AspNetCore.Diagnostics.DeveloperExceptionPageMiddleware[1]
      An unhandled exception has occurred while executing the request.
      System.Net.Http.HttpRequestException: An error occurred while sending the request.
       ---> System.Net.Http.HttpIOException: The response ended prematurely. (ResponseEnded)
         at System.Net.Http.HttpConnection.SendAsync(HttpRequestMessage request, Boolean async, CancellationToken cancellationToken)
         --- End of inner exception stack trace ---
         at System.Net.Http.HttpConnection.SendAsync(HttpRequestMessage request, Boolean async, CancellationToken cancellationToken)
         at System.Net.Http.HttpConnectionPool.SendWithVersionDetectionAndRetryAsync(HttpRequestMessage request, Boolean async, Boolean doRequestAuth, CancellationToken cancellationToken)
         at System.Net.Http.DiagnosticsHandler.SendAsyncCore(HttpRequestMessage request, Boolean async, CancellationToken cancellationToken)
         at System.Net.Http.RedirectHandler.SendAsync(HttpRequestMessage request, Boolean async, CancellationToken cancellationToken)
         at Microsoft.Extensions.Http.Logging.LoggingHttpMessageHandler.<SendCoreAsync>g__Core|4_0(HttpRequestMessage request, Boolean useAsync, CancellationToken cancellationToken)
         at Microsoft.Extensions.Http.Logging.LoggingScopeHttpMessageHandler.<SendCoreAsync>g__Core|4_0(HttpRequestMessage request, Boolean useAsync, CancellationToken cancellationToken)
         at System.Net.Http.HttpClient.<SendAsync>g__Core|83_0(HttpRequestMessage request, HttpCompletionOption completionOption, CancellationTokenSource cts, Boolean disposeCts, CancellationTokenSource pendingRequestsCts, CancellationToken originalCancellationToken)
         at Chatbot.Sst.Infrastructure.Dispatch.HttpChatbotDispatchClient.DispatchAsync(ChatQuestionSubmission submission, CancellationToken cancellationToken) in C:\Users\jvrincon\Documents\chatbot_aplicado_sst\app\back\src\Chatbot.Sst.Infrastructure\Dispatch\HttpChatbotDispatchClient.cs:line 53
         at Chatbot.Sst.Application.ChatDispatchCoordinator.SubmitAsync(ChatQuestionSubmission submission, CancellationToken cancellationToken) in C:\Users\jvrincon\Documents\chatbot_aplicado_sst\app\back\src\Chatbot.Sst.Application\ChatDispatchCoordinator.cs:line 38
         at Program.<>c.<<<Main>$>b__0_1>d.MoveNext() in C:\Users\jvrincon\Documents\chatbot_aplicado_sst\app\back\src\Chatbot.Sst.Api\Program.cs:line 62
      --- End of stack trace from previous location ---
         at Microsoft.AspNetCore.Http.RequestDelegateFactory.ExecuteTaskResult[T](Task`1 task, HttpContext httpContext)
         at Microsoft.AspNetCore.Http.RequestDelegateFactory.<>c__DisplayClass102_2.<<HandleRequestBodyAndCompileRequestDelegateForJson>b__2>d.MoveNext()
      --- End of stack trace from previous location ---
         at Microsoft.AspNetCore.Diagnostics.DeveloperExceptionPageMiddlewareImpl.Invoke(HttpContext context)
info: System.Net.Http.HttpClient.IChatbotDispatchClient.LogicalHandler[100]
      Start processing HTTP request GET http://127.0.0.1:8765/api/platform/projects/proj_sst-general/releases?*
info: System.Net.Http.HttpClient.IChatbotDispatchClient.ClientHandler[100]
      Sending HTTP request GET http://127.0.0.1:8765/api/platform/projects/proj_sst-general/releases?*
info: System.Net.Http.HttpClient.IChatbotDispatchClient.ClientHandler[101]
      Received HTTP response headers after 9.1879ms - 200
info: System.Net.Http.HttpClient.IChatbotDispatchClient.LogicalHandler[101]
      End processing HTTP request after 9.2202ms - 200
[ChatbotDispatch DEBUG] POST /api/chatbot/questions body={"project_id":"proj_sst-general","rag_variant_id":"ragv_local-bge","rag_release_id":"ragr_1d2f9c1a4f444da0","question":"Que dice la politica de prevencion del acoso laboral?","conversation_id":"conv_chunks_20260828171614","message_id":"msg_chunks_20260828171755_38","top_k":8}
info: System.Net.Http.HttpClient.IChatbotDispatchClient.LogicalHandler[100]
      Start processing HTTP request POST http://127.0.0.1:8765/api/chatbot/questions
info: System.Net.Http.HttpClient.IChatbotDispatchClient.ClientHandler[100]
      Sending HTTP request POST http://127.0.0.1:8765/api/chatbot/questions
info: System.Net.Http.HttpClient.IChatbotDispatchClient.ClientHandler[104]
      HTTP request failed after 0.7702ms
      System.Net.Http.HttpRequestException: An error occurred while sending the request.
       ---> System.Net.Http.HttpIOException: The response ended prematurely. (ResponseEnded)
         at System.Net.Http.HttpConnection.SendAsync(HttpRequestMessage request, Boolean async, CancellationToken cancellationToken)
         --- End of inner exception stack trace ---
         at System.Net.Http.HttpConnection.SendAsync(HttpRequestMessage request, Boolean async, CancellationToken cancellationToken)
         at System.Net.Http.HttpConnectionPool.SendWithVersionDetectionAndRetryAsync(HttpRequestMessage request, Boolean async, Boolean doRequestAuth, CancellationToken cancellationToken)
         at System.Net.Http.DiagnosticsHandler.SendAsyncCore(HttpRequestMessage request, Boolean async, CancellationToken cancellationToken)
         at System.Net.Http.RedirectHandler.SendAsync(HttpRequestMessage request, Boolean async, CancellationToken cancellationToken)
         at Microsoft.Extensions.Http.Logging.LoggingHttpMessageHandler.<SendCoreAsync>g__Core|4_0(HttpRequestMessage request, Boolean useAsync, CancellationToken cancellationToken)
info: System.Net.Http.HttpClient.IChatbotDispatchClient.LogicalHandler[104]
      HTTP request failed after 1.867ms
      System.Net.Http.HttpRequestException: An error occurred while sending the request.
       ---> System.Net.Http.HttpIOException: The response ended prematurely. (ResponseEnded)
         at System.Net.Http.HttpConnection.SendAsync(HttpRequestMessage request, Boolean async, CancellationToken cancellationToken)
         --- End of inner exception stack trace ---
         at System.Net.Http.HttpConnection.SendAsync(HttpRequestMessage request, Boolean async, CancellationToken cancellationToken)
         at System.Net.Http.HttpConnectionPool.SendWithVersionDetectionAndRetryAsync(HttpRequestMessage request, Boolean async, Boolean doRequestAuth, CancellationToken cancellationToken)
         at System.Net.Http.DiagnosticsHandler.SendAsyncCore(HttpRequestMessage request, Boolean async, CancellationToken cancellationToken)
         at System.Net.Http.RedirectHandler.SendAsync(HttpRequestMessage request, Boolean async, CancellationToken cancellationToken)
         at Microsoft.Extensions.Http.Logging.LoggingHttpMessageHandler.<SendCoreAsync>g__Core|4_0(HttpRequestMessage request, Boolean useAsync, CancellationToken cancellationToken)
         at Microsoft.Extensions.Http.Logging.LoggingScopeHttpMessageHandler.<SendCoreAsync>g__Core|4_0(HttpRequestMessage request, Boolean useAsync, CancellationToken cancellationToken)
fail: Microsoft.AspNetCore.Diagnostics.DeveloperExceptionPageMiddleware[1]
      An unhandled exception has occurred while executing the request.
      System.Net.Http.HttpRequestException: An error occurred while sending the request.
       ---> System.Net.Http.HttpIOException: The response ended prematurely. (ResponseEnded)
         at System.Net.Http.HttpConnection.SendAsync(HttpRequestMessage request, Boolean async, CancellationToken cancellationToken)
         --- End of inner exception stack trace ---
         at System.Net.Http.HttpConnection.SendAsync(HttpRequestMessage request, Boolean async, CancellationToken cancellationToken)
         at System.Net.Http.HttpConnectionPool.SendWithVersionDetectionAndRetryAsync(HttpRequestMessage request, Boolean async, Boolean doRequestAuth, CancellationToken cancellationToken)
         at System.Net.Http.DiagnosticsHandler.SendAsyncCore(HttpRequestMessage request, Boolean async, CancellationToken cancellationToken)
         at System.Net.Http.RedirectHandler.SendAsync(HttpRequestMessage request, Boolean async, CancellationToken cancellationToken)
         at Microsoft.Extensions.Http.Logging.LoggingHttpMessageHandler.<SendCoreAsync>g__Core|4_0(HttpRequestMessage request, Boolean useAsync, CancellationToken cancellationToken)
         at Microsoft.Extensions.Http.Logging.LoggingScopeHttpMessageHandler.<SendCoreAsync>g__Core|4_0(HttpRequestMessage request, Boolean useAsync, CancellationToken cancellationToken)
         at System.Net.Http.HttpClient.<SendAsync>g__Core|83_0(HttpRequestMessage request, HttpCompletionOption completionOption, CancellationTokenSource cts, Boolean disposeCts, CancellationTokenSource pendingRequestsCts, CancellationToken originalCancellationToken)
         at Chatbot.Sst.Infrastructure.Dispatch.HttpChatbotDispatchClient.DispatchAsync(ChatQuestionSubmission submission, CancellationToken cancellationToken) in C:\Users\jvrincon\Documents\chatbot_aplicado_sst\app\back\src\Chatbot.Sst.Infrastructure\Dispatch\HttpChatbotDispatchClient.cs:line 53
         at Chatbot.Sst.Application.ChatDispatchCoordinator.SubmitAsync(ChatQuestionSubmission submission, CancellationToken cancellationToken) in C:\Users\jvrincon\Documents\chatbot_aplicado_sst\app\back\src\Chatbot.Sst.Application\ChatDispatchCoordinator.cs:line 38
         at Program.<>c.<<<Main>$>b__0_1>d.MoveNext() in C:\Users\jvrincon\Documents\chatbot_aplicado_sst\app\back\src\Chatbot.Sst.Api\Program.cs:line 62
      --- End of stack trace from previous location ---
         at Microsoft.AspNetCore.Http.RequestDelegateFactory.ExecuteTaskResult[T](Task`1 task, HttpContext httpContext)
         at Microsoft.AspNetCore.Http.RequestDelegateFactory.<>c__DisplayClass102_2.<<HandleRequestBodyAndCompileRequestDelegateForJson>b__2>d.MoveNext()
      --- End of stack trace from previous location ---
         at Microsoft.AspNetCore.Diagnostics.DeveloperExceptionPageMiddlewareImpl.Invoke(HttpContext context)
info: System.Net.Http.HttpClient.IChatbotDispatchClient.LogicalHandler[100]
      Start processing HTTP request GET http://127.0.0.1:8765/api/platform/projects/proj_sst-general/releases?*
info: System.Net.Http.HttpClient.IChatbotDispatchClient.ClientHandler[100]
      Sending HTTP request GET http://127.0.0.1:8765/api/platform/projects/proj_sst-general/releases?*
info: System.Net.Http.HttpClient.IChatbotDispatchClient.ClientHandler[101]
      Received HTTP response headers after 9.2252ms - 200
info: System.Net.Http.HttpClient.IChatbotDispatchClient.LogicalHandler[101]
      End processing HTTP request after 9.2634ms - 200
[ChatbotDispatch DEBUG] POST /api/chatbot/questions body={"project_id":"proj_sst-general","rag_variant_id":"ragv_local-bge","rag_release_id":"ragr_1d2f9c1a4f444da0","question":"Que es la sala amiga de la familia lactante?","conversation_id":"conv_chunks_20260828171614","message_id":"msg_chunks_20260828171755_39","top_k":8}
info: System.Net.Http.HttpClient.IChatbotDispatchClient.LogicalHandler[100]
      Start processing HTTP request POST http://127.0.0.1:8765/api/chatbot/questions
info: System.Net.Http.HttpClient.IChatbotDispatchClient.ClientHandler[100]
      Sending HTTP request POST http://127.0.0.1:8765/api/chatbot/questions
info: System.Net.Http.HttpClient.IChatbotDispatchClient.ClientHandler[104]
      HTTP request failed after 0.5587ms
      System.Net.Http.HttpRequestException: An error occurred while sending the request.
       ---> System.Net.Http.HttpIOException: The response ended prematurely. (ResponseEnded)
         at System.Net.Http.HttpConnection.SendAsync(HttpRequestMessage request, Boolean async, CancellationToken cancellationToken)
         --- End of inner exception stack trace ---
         at System.Net.Http.HttpConnection.SendAsync(HttpRequestMessage request, Boolean async, CancellationToken cancellationToken)
         at System.Net.Http.HttpConnectionPool.SendWithVersionDetectionAndRetryAsync(HttpRequestMessage request, Boolean async, Boolean doRequestAuth, CancellationToken cancellationToken)
         at System.Net.Http.DiagnosticsHandler.SendAsyncCore(HttpRequestMessage request, Boolean async, CancellationToken cancellationToken)
         at System.Net.Http.RedirectHandler.SendAsync(HttpRequestMessage request, Boolean async, CancellationToken cancellationToken)
         at Microsoft.Extensions.Http.Logging.LoggingHttpMessageHandler.<SendCoreAsync>g__Core|4_0(HttpRequestMessage request, Boolean useAsync, CancellationToken cancellationToken)
info: System.Net.Http.HttpClient.IChatbotDispatchClient.LogicalHandler[104]
      HTTP request failed after 0.6577ms
      System.Net.Http.HttpRequestException: An error occurred while sending the request.
       ---> System.Net.Http.HttpIOException: The response ended prematurely. (ResponseEnded)
         at System.Net.Http.HttpConnection.SendAsync(HttpRequestMessage request, Boolean async, CancellationToken cancellationToken)
         --- End of inner exception stack trace ---
         at System.Net.Http.HttpConnection.SendAsync(HttpRequestMessage request, Boolean async, CancellationToken cancellationToken)
         at System.Net.Http.HttpConnectionPool.SendWithVersionDetectionAndRetryAsync(HttpRequestMessage request, Boolean async, Boolean doRequestAuth, CancellationToken cancellationToken)
         at System.Net.Http.DiagnosticsHandler.SendAsyncCore(HttpRequestMessage request, Boolean async, CancellationToken cancellationToken)
         at System.Net.Http.RedirectHandler.SendAsync(HttpRequestMessage request, Boolean async, CancellationToken cancellationToken)
         at Microsoft.Extensions.Http.Logging.LoggingHttpMessageHandler.<SendCoreAsync>g__Core|4_0(HttpRequestMessage request, Boolean useAsync, CancellationToken cancellationToken)
         at Microsoft.Extensions.Http.Logging.LoggingScopeHttpMessageHandler.<SendCoreAsync>g__Core|4_0(HttpRequestMessage request, Boolean useAsync, CancellationToken cancellationToken)
fail: Microsoft.AspNetCore.Diagnostics.DeveloperExceptionPageMiddleware[1]
      An unhandled exception has occurred while executing the request.
      System.Net.Http.HttpRequestException: An error occurred while sending the request.
       ---> System.Net.Http.HttpIOException: The response ended prematurely. (ResponseEnded)
         at System.Net.Http.HttpConnection.SendAsync(HttpRequestMessage request, Boolean async, CancellationToken cancellationToken)
         --- End of inner exception stack trace ---
         at System.Net.Http.HttpConnection.SendAsync(HttpRequestMessage request, Boolean async, CancellationToken cancellationToken)
         at System.Net.Http.HttpConnectionPool.SendWithVersionDetectionAndRetryAsync(HttpRequestMessage request, Boolean async, Boolean doRequestAuth, CancellationToken cancellationToken)
         at System.Net.Http.DiagnosticsHandler.SendAsyncCore(HttpRequestMessage request, Boolean async, CancellationToken cancellationToken)
         at System.Net.Http.RedirectHandler.SendAsync(HttpRequestMessage request, Boolean async, CancellationToken cancellationToken)
         at Microsoft.Extensions.Http.Logging.LoggingHttpMessageHandler.<SendCoreAsync>g__Core|4_0(HttpRequestMessage request, Boolean useAsync, CancellationToken cancellationToken)
         at Microsoft.Extensions.Http.Logging.LoggingScopeHttpMessageHandler.<SendCoreAsync>g__Core|4_0(HttpRequestMessage request, Boolean useAsync, CancellationToken cancellationToken)
         at System.Net.Http.HttpClient.<SendAsync>g__Core|83_0(HttpRequestMessage request, HttpCompletionOption completionOption, CancellationTokenSource cts, Boolean disposeCts, CancellationTokenSource pendingRequestsCts, CancellationToken originalCancellationToken)
         at Chatbot.Sst.Infrastructure.Dispatch.HttpChatbotDispatchClient.DispatchAsync(ChatQuestionSubmission submission, CancellationToken cancellationToken) in C:\Users\jvrincon\Documents\chatbot_aplicado_sst\app\back\src\Chatbot.Sst.Infrastructure\Dispatch\HttpChatbotDispatchClient.cs:line 53
         at Chatbot.Sst.Application.ChatDispatchCoordinator.SubmitAsync(ChatQuestionSubmission submission, CancellationToken cancellationToken) in C:\Users\jvrincon\Documents\chatbot_aplicado_sst\app\back\src\Chatbot.Sst.Application\ChatDispatchCoordinator.cs:line 38
         at Program.<>c.<<<Main>$>b__0_1>d.MoveNext() in C:\Users\jvrincon\Documents\chatbot_aplicado_sst\app\back\src\Chatbot.Sst.Api\Program.cs:line 62
      --- End of stack trace from previous location ---
         at Microsoft.AspNetCore.Http.RequestDelegateFactory.ExecuteTaskResult[T](Task`1 task, HttpContext httpContext)
         at Microsoft.AspNetCore.Http.RequestDelegateFactory.<>c__DisplayClass102_2.<<HandleRequestBodyAndCompileRequestDelegateForJson>b__2>d.MoveNext()
      --- End of stack trace from previous location ---
         at Microsoft.AspNetCore.Diagnostics.DeveloperExceptionPageMiddlewareImpl.Invoke(HttpContext context)
info: System.Net.Http.HttpClient.IChatbotDispatchClient.LogicalHandler[100]
      Start processing HTTP request GET http://127.0.0.1:8765/api/platform/projects/proj_sst-general/releases?*
info: System.Net.Http.HttpClient.IChatbotDispatchClient.ClientHandler[100]
      Sending HTTP request GET http://127.0.0.1:8765/api/platform/projects/proj_sst-general/releases?*
info: System.Net.Http.HttpClient.IChatbotDispatchClient.ClientHandler[101]
      Received HTTP response headers after 9.1406ms - 200
info: System.Net.Http.HttpClient.IChatbotDispatchClient.LogicalHandler[101]
      End processing HTTP request after 9.1785ms - 200
[ChatbotDispatch DEBUG] POST /api/chatbot/questions body={"project_id":"proj_sst-general","rag_variant_id":"ragv_local-bge","rag_release_id":"ragr_1d2f9c1a4f444da0","question":"Cuales son las ventajas de la sala amiga?","conversation_id":"conv_chunks_20260828171614","message_id":"msg_chunks_20260828171755_40","top_k":8}
info: System.Net.Http.HttpClient.IChatbotDispatchClient.LogicalHandler[100]
      Start processing HTTP request POST http://127.0.0.1:8765/api/chatbot/questions
info: System.Net.Http.HttpClient.IChatbotDispatchClient.ClientHandler[100]
      Sending HTTP request POST http://127.0.0.1:8765/api/chatbot/questions
info: System.Net.Http.HttpClient.IChatbotDispatchClient.ClientHandler[104]
      HTTP request failed after 0.7415ms
      System.Net.Http.HttpRequestException: An error occurred while sending the request.
       ---> System.Net.Http.HttpIOException: The response ended prematurely. (ResponseEnded)
         at System.Net.Http.HttpConnection.SendAsync(HttpRequestMessage request, Boolean async, CancellationToken cancellationToken)
         --- End of inner exception stack trace ---
         at System.Net.Http.HttpConnection.SendAsync(HttpRequestMessage request, Boolean async, CancellationToken cancellationToken)
         at System.Net.Http.HttpConnectionPool.SendWithVersionDetectionAndRetryAsync(HttpRequestMessage request, Boolean async, Boolean doRequestAuth, CancellationToken cancellationToken)
         at System.Net.Http.DiagnosticsHandler.SendAsyncCore(HttpRequestMessage request, Boolean async, CancellationToken cancellationToken)
         at System.Net.Http.RedirectHandler.SendAsync(HttpRequestMessage request, Boolean async, CancellationToken cancellationToken)
         at Microsoft.Extensions.Http.Logging.LoggingHttpMessageHandler.<SendCoreAsync>g__Core|4_0(HttpRequestMessage request, Boolean useAsync, CancellationToken cancellationToken)
info: System.Net.Http.HttpClient.IChatbotDispatchClient.LogicalHandler[104]
      HTTP request failed after 0.9207ms
      System.Net.Http.HttpRequestException: An error occurred while sending the request.
       ---> System.Net.Http.HttpIOException: The response ended prematurely. (ResponseEnded)
         at System.Net.Http.HttpConnection.SendAsync(HttpRequestMessage request, Boolean async, CancellationToken cancellationToken)
         --- End of inner exception stack trace ---
         at System.Net.Http.HttpConnection.SendAsync(HttpRequestMessage request, Boolean async, CancellationToken cancellationToken)
         at System.Net.Http.HttpConnectionPool.SendWithVersionDetectionAndRetryAsync(HttpRequestMessage request, Boolean async, Boolean doRequestAuth, CancellationToken cancellationToken)
         at System.Net.Http.DiagnosticsHandler.SendAsyncCore(HttpRequestMessage request, Boolean async, CancellationToken cancellationToken)
         at System.Net.Http.RedirectHandler.SendAsync(HttpRequestMessage request, Boolean async, CancellationToken cancellationToken)
         at Microsoft.Extensions.Http.Logging.LoggingHttpMessageHandler.<SendCoreAsync>g__Core|4_0(HttpRequestMessage request, Boolean useAsync, CancellationToken cancellationToken)
         at Microsoft.Extensions.Http.Logging.LoggingScopeHttpMessageHandler.<SendCoreAsync>g__Core|4_0(HttpRequestMessage request, Boolean useAsync, CancellationToken cancellationToken)
fail: Microsoft.AspNetCore.Diagnostics.DeveloperExceptionPageMiddleware[1]
      An unhandled exception has occurred while executing the request.
      System.Net.Http.HttpRequestException: An error occurred while sending the request.
       ---> System.Net.Http.HttpIOException: The response ended prematurely. (ResponseEnded)
         at System.Net.Http.HttpConnection.SendAsync(HttpRequestMessage request, Boolean async, CancellationToken cancellationToken)
         --- End of inner exception stack trace ---
         at System.Net.Http.HttpConnection.SendAsync(HttpRequestMessage request, Boolean async, CancellationToken cancellationToken)
         at System.Net.Http.HttpConnectionPool.SendWithVersionDetectionAndRetryAsync(HttpRequestMessage request, Boolean async, Boolean doRequestAuth, CancellationToken cancellationToken)
         at System.Net.Http.DiagnosticsHandler.SendAsyncCore(HttpRequestMessage request, Boolean async, CancellationToken cancellationToken)
         at System.Net.Http.RedirectHandler.SendAsync(HttpRequestMessage request, Boolean async, CancellationToken cancellationToken)
         at Microsoft.Extensions.Http.Logging.LoggingHttpMessageHandler.<SendCoreAsync>g__Core|4_0(HttpRequestMessage request, Boolean useAsync, CancellationToken cancellationToken)
         at Microsoft.Extensions.Http.Logging.LoggingScopeHttpMessageHandler.<SendCoreAsync>g__Core|4_0(HttpRequestMessage request, Boolean useAsync, CancellationToken cancellationToken)
         at System.Net.Http.HttpClient.<SendAsync>g__Core|83_0(HttpRequestMessage request, HttpCompletionOption completionOption, CancellationTokenSource cts, Boolean disposeCts, CancellationTokenSource pendingRequestsCts, CancellationToken originalCancellationToken)
         at Chatbot.Sst.Infrastructure.Dispatch.HttpChatbotDispatchClient.DispatchAsync(ChatQuestionSubmission submission, CancellationToken cancellationToken) in C:\Users\jvrincon\Documents\chatbot_aplicado_sst\app\back\src\Chatbot.Sst.Infrastructure\Dispatch\HttpChatbotDispatchClient.cs:line 53
         at Chatbot.Sst.Application.ChatDispatchCoordinator.SubmitAsync(ChatQuestionSubmission submission, CancellationToken cancellationToken) in C:\Users\jvrincon\Documents\chatbot_aplicado_sst\app\back\src\Chatbot.Sst.Application\ChatDispatchCoordinator.cs:line 38
         at Program.<>c.<<<Main>$>b__0_1>d.MoveNext() in C:\Users\jvrincon\Documents\chatbot_aplicado_sst\app\back\src\Chatbot.Sst.Api\Program.cs:line 62
      --- End of stack trace from previous location ---
         at Microsoft.AspNetCore.Http.RequestDelegateFactory.ExecuteTaskResult[T](Task`1 task, HttpContext httpContext)
         at Microsoft.AspNetCore.Http.RequestDelegateFactory.<>c__DisplayClass102_2.<<HandleRequestBodyAndCompileRequestDelegateForJson>b__2>d.MoveNext()
      --- End of stack trace from previous location ---
         at Microsoft.AspNetCore.Diagnostics.DeveloperExceptionPageMiddlewareImpl.Invoke(HttpContext context)
info: System.Net.Http.HttpClient.IChatbotDispatchClient.LogicalHandler[100]
      Start processing HTTP request GET http://127.0.0.1:8765/api/platform/projects/proj_sst-general/releases?*
info: System.Net.Http.HttpClient.IChatbotDispatchClient.ClientHandler[100]
      Sending HTTP request GET http://127.0.0.1:8765/api/platform/projects/proj_sst-general/releases?*
[ChatbotDispatch DEBUG] POST /api/chatbot/questions body={"project_id":"proj_sst-general","rag_variant_id":"ragv_local-bge","rag_release_id":"ragr_1d2f9c1a4f444da0","question":"Donde esta ubicada la sala amiga y quienes pueden usarla?","conversation_id":"conv_chunks_20260828171614","message_id":"msg_chunks_20260828171755_41","top_k":8}
info: System.Net.Http.HttpClient.IChatbotDispatchClient.ClientHandler[101]
      Received HTTP response headers after 8.7447ms - 200
info: System.Net.Http.HttpClient.IChatbotDispatchClient.LogicalHandler[101]
      End processing HTTP request after 8.7788ms - 200
info: System.Net.Http.HttpClient.IChatbotDispatchClient.LogicalHandler[100]
      Start processing HTTP request POST http://127.0.0.1:8765/api/chatbot/questions
info: System.Net.Http.HttpClient.IChatbotDispatchClient.ClientHandler[100]
      Sending HTTP request POST http://127.0.0.1:8765/api/chatbot/questions
info: System.Net.Http.HttpClient.IChatbotDispatchClient.ClientHandler[104]
      HTTP request failed after 0.6413ms
      System.Net.Http.HttpRequestException: An error occurred while sending the request.
       ---> System.Net.Http.HttpIOException: The response ended prematurely. (ResponseEnded)
         at System.Net.Http.HttpConnection.SendAsync(HttpRequestMessage request, Boolean async, CancellationToken cancellationToken)
         --- End of inner exception stack trace ---
         at System.Net.Http.HttpConnection.SendAsync(HttpRequestMessage request, Boolean async, CancellationToken cancellationToken)
         at System.Net.Http.HttpConnectionPool.SendWithVersionDetectionAndRetryAsync(HttpRequestMessage request, Boolean async, Boolean doRequestAuth, CancellationToken cancellationToken)
         at System.Net.Http.DiagnosticsHandler.SendAsyncCore(HttpRequestMessage request, Boolean async, CancellationToken cancellationToken)
         at System.Net.Http.RedirectHandler.SendAsync(HttpRequestMessage request, Boolean async, CancellationToken cancellationToken)
         at Microsoft.Extensions.Http.Logging.LoggingHttpMessageHandler.<SendCoreAsync>g__Core|4_0(HttpRequestMessage request, Boolean useAsync, CancellationToken cancellationToken)
info: System.Net.Http.HttpClient.IChatbotDispatchClient.LogicalHandler[104]
      HTTP request failed after 0.7109ms
      System.Net.Http.HttpRequestException: An error occurred while sending the request.
       ---> System.Net.Http.HttpIOException: The response ended prematurely. (ResponseEnded)
         at System.Net.Http.HttpConnection.SendAsync(HttpRequestMessage request, Boolean async, CancellationToken cancellationToken)
         --- End of inner exception stack trace ---
         at System.Net.Http.HttpConnection.SendAsync(HttpRequestMessage request, Boolean async, CancellationToken cancellationToken)
         at System.Net.Http.HttpConnectionPool.SendWithVersionDetectionAndRetryAsync(HttpRequestMessage request, Boolean async, Boolean doRequestAuth, CancellationToken cancellationToken)
         at System.Net.Http.DiagnosticsHandler.SendAsyncCore(HttpRequestMessage request, Boolean async, CancellationToken cancellationToken)
         at System.Net.Http.RedirectHandler.SendAsync(HttpRequestMessage request, Boolean async, CancellationToken cancellationToken)
         at Microsoft.Extensions.Http.Logging.LoggingHttpMessageHandler.<SendCoreAsync>g__Core|4_0(HttpRequestMessage request, Boolean useAsync, CancellationToken cancellationToken)
         at Microsoft.Extensions.Http.Logging.LoggingScopeHttpMessageHandler.<SendCoreAsync>g__Core|4_0(HttpRequestMessage request, Boolean useAsync, CancellationToken cancellationToken)
fail: Microsoft.AspNetCore.Diagnostics.DeveloperExceptionPageMiddleware[1]
      An unhandled exception has occurred while executing the request.
      System.Net.Http.HttpRequestException: An error occurred while sending the request.
       ---> System.Net.Http.HttpIOException: The response ended prematurely. (ResponseEnded)
         at System.Net.Http.HttpConnection.SendAsync(HttpRequestMessage request, Boolean async, CancellationToken cancellationToken)
         --- End of inner exception stack trace ---
         at System.Net.Http.HttpConnection.SendAsync(HttpRequestMessage request, Boolean async, CancellationToken cancellationToken)
         at System.Net.Http.HttpConnectionPool.SendWithVersionDetectionAndRetryAsync(HttpRequestMessage request, Boolean async, Boolean doRequestAuth, CancellationToken cancellationToken)
         at System.Net.Http.DiagnosticsHandler.SendAsyncCore(HttpRequestMessage request, Boolean async, CancellationToken cancellationToken)
         at System.Net.Http.RedirectHandler.SendAsync(HttpRequestMessage request, Boolean async, CancellationToken cancellationToken)
         at Microsoft.Extensions.Http.Logging.LoggingHttpMessageHandler.<SendCoreAsync>g__Core|4_0(HttpRequestMessage request, Boolean useAsync, CancellationToken cancellationToken)
         at Microsoft.Extensions.Http.Logging.LoggingScopeHttpMessageHandler.<SendCoreAsync>g__Core|4_0(HttpRequestMessage request, Boolean useAsync, CancellationToken cancellationToken)
         at System.Net.Http.HttpClient.<SendAsync>g__Core|83_0(HttpRequestMessage request, HttpCompletionOption completionOption, CancellationTokenSource cts, Boolean disposeCts, CancellationTokenSource pendingRequestsCts, CancellationToken originalCancellationToken)
         at Chatbot.Sst.Infrastructure.Dispatch.HttpChatbotDispatchClient.DispatchAsync(ChatQuestionSubmission submission, CancellationToken cancellationToken) in C:\Users\jvrincon\Documents\chatbot_aplicado_sst\app\back\src\Chatbot.Sst.Infrastructure\Dispatch\HttpChatbotDispatchClient.cs:line 53
         at Chatbot.Sst.Application.ChatDispatchCoordinator.SubmitAsync(ChatQuestionSubmission submission, CancellationToken cancellationToken) in C:\Users\jvrincon\Documents\chatbot_aplicado_sst\app\back\src\Chatbot.Sst.Application\ChatDispatchCoordinator.cs:line 38
         at Program.<>c.<<<Main>$>b__0_1>d.MoveNext() in C:\Users\jvrincon\Documents\chatbot_aplicado_sst\app\back\src\Chatbot.Sst.Api\Program.cs:line 62
      --- End of stack trace from previous location ---
         at Microsoft.AspNetCore.Http.RequestDelegateFactory.ExecuteTaskResult[T](Task`1 task, HttpContext httpContext)
         at Microsoft.AspNetCore.Http.RequestDelegateFactory.<>c__DisplayClass102_2.<<HandleRequestBodyAndCompileRequestDelegateForJson>b__2>d.MoveNext()
      --- End of stack trace from previous location ---
         at Microsoft.AspNetCore.Diagnostics.DeveloperExceptionPageMiddlewareImpl.Invoke(HttpContext context)
info: System.Net.Http.HttpClient.IChatbotDispatchClient.LogicalHandler[100]
      Start processing HTTP request GET http://127.0.0.1:8765/api/platform/projects/proj_sst-general/releases?*
info: System.Net.Http.HttpClient.IChatbotDispatchClient.ClientHandler[100]
      Sending HTTP request GET http://127.0.0.1:8765/api/platform/projects/proj_sst-general/releases?*
info: System.Net.Http.HttpClient.IChatbotDispatchClient.ClientHandler[101]
      Received HTTP response headers after 8.3471ms - 200
info: System.Net.Http.HttpClient.IChatbotDispatchClient.LogicalHandler[101]
      End processing HTTP request after 8.3873ms - 200
[ChatbotDispatch DEBUG] POST /api/chatbot/questions body={"project_id":"proj_sst-general","rag_variant_id":"ragv_local-bge","rag_release_id":"ragr_1d2f9c1a4f444da0","question":"Como solicito o pido vacaciones?","conversation_id":"conv_chunks_20260828171614","message_id":"msg_chunks_20260828171755_42","top_k":8}
info: System.Net.Http.HttpClient.IChatbotDispatchClient.LogicalHandler[100]
      Start processing HTTP request POST http://127.0.0.1:8765/api/chatbot/questions
info: System.Net.Http.HttpClient.IChatbotDispatchClient.ClientHandler[100]
      Sending HTTP request POST http://127.0.0.1:8765/api/chatbot/questions
info: System.Net.Http.HttpClient.IChatbotDispatchClient.ClientHandler[104]
      HTTP request failed after 0.7383ms
      System.Net.Http.HttpRequestException: An error occurred while sending the request.
       ---> System.Net.Http.HttpIOException: The response ended prematurely. (ResponseEnded)
         at System.Net.Http.HttpConnection.SendAsync(HttpRequestMessage request, Boolean async, CancellationToken cancellationToken)
         --- End of inner exception stack trace ---
         at System.Net.Http.HttpConnection.SendAsync(HttpRequestMessage request, Boolean async, CancellationToken cancellationToken)
         at System.Net.Http.HttpConnectionPool.SendWithVersionDetectionAndRetryAsync(HttpRequestMessage request, Boolean async, Boolean doRequestAuth, CancellationToken cancellationToken)
         at System.Net.Http.DiagnosticsHandler.SendAsyncCore(HttpRequestMessage request, Boolean async, CancellationToken cancellationToken)
         at System.Net.Http.RedirectHandler.SendAsync(HttpRequestMessage request, Boolean async, CancellationToken cancellationToken)
         at Microsoft.Extensions.Http.Logging.LoggingHttpMessageHandler.<SendCoreAsync>g__Core|4_0(HttpRequestMessage request, Boolean useAsync, CancellationToken cancellationToken)
info: System.Net.Http.HttpClient.IChatbotDispatchClient.LogicalHandler[104]
      HTTP request failed after 0.8863ms
      System.Net.Http.HttpRequestException: An error occurred while sending the request.
       ---> System.Net.Http.HttpIOException: The response ended prematurely. (ResponseEnded)
         at System.Net.Http.HttpConnection.SendAsync(HttpRequestMessage request, Boolean async, CancellationToken cancellationToken)
         --- End of inner exception stack trace ---
         at System.Net.Http.HttpConnection.SendAsync(HttpRequestMessage request, Boolean async, CancellationToken cancellationToken)
         at System.Net.Http.HttpConnectionPool.SendWithVersionDetectionAndRetryAsync(HttpRequestMessage request, Boolean async, Boolean doRequestAuth, CancellationToken cancellationToken)
         at System.Net.Http.DiagnosticsHandler.SendAsyncCore(HttpRequestMessage request, Boolean async, CancellationToken cancellationToken)
         at System.Net.Http.RedirectHandler.SendAsync(HttpRequestMessage request, Boolean async, CancellationToken cancellationToken)
         at Microsoft.Extensions.Http.Logging.LoggingHttpMessageHandler.<SendCoreAsync>g__Core|4_0(HttpRequestMessage request, Boolean useAsync, CancellationToken cancellationToken)
         at Microsoft.Extensions.Http.Logging.LoggingScopeHttpMessageHandler.<SendCoreAsync>g__Core|4_0(HttpRequestMessage request, Boolean useAsync, CancellationToken cancellationToken)
fail: Microsoft.AspNetCore.Diagnostics.DeveloperExceptionPageMiddleware[1]
      An unhandled exception has occurred while executing the request.
      System.Net.Http.HttpRequestException: An error occurred while sending the request.
       ---> System.Net.Http.HttpIOException: The response ended prematurely. (ResponseEnded)
         at System.Net.Http.HttpConnection.SendAsync(HttpRequestMessage request, Boolean async, CancellationToken cancellationToken)
         --- End of inner exception stack trace ---
         at System.Net.Http.HttpConnection.SendAsync(HttpRequestMessage request, Boolean async, CancellationToken cancellationToken)
         at System.Net.Http.HttpConnectionPool.SendWithVersionDetectionAndRetryAsync(HttpRequestMessage request, Boolean async, Boolean doRequestAuth, CancellationToken cancellationToken)
         at System.Net.Http.DiagnosticsHandler.SendAsyncCore(HttpRequestMessage request, Boolean async, CancellationToken cancellationToken)
         at System.Net.Http.RedirectHandler.SendAsync(HttpRequestMessage request, Boolean async, CancellationToken cancellationToken)
         at Microsoft.Extensions.Http.Logging.LoggingHttpMessageHandler.<SendCoreAsync>g__Core|4_0(HttpRequestMessage request, Boolean useAsync, CancellationToken cancellationToken)
         at Microsoft.Extensions.Http.Logging.LoggingScopeHttpMessageHandler.<SendCoreAsync>g__Core|4_0(HttpRequestMessage request, Boolean useAsync, CancellationToken cancellationToken)
         at System.Net.Http.HttpClient.<SendAsync>g__Core|83_0(HttpRequestMessage request, HttpCompletionOption completionOption, CancellationTokenSource cts, Boolean disposeCts, CancellationTokenSource pendingRequestsCts, CancellationToken originalCancellationToken)
         at Chatbot.Sst.Infrastructure.Dispatch.HttpChatbotDispatchClient.DispatchAsync(ChatQuestionSubmission submission, CancellationToken cancellationToken) in C:\Users\jvrincon\Documents\chatbot_aplicado_sst\app\back\src\Chatbot.Sst.Infrastructure\Dispatch\HttpChatbotDispatchClient.cs:line 53
         at Chatbot.Sst.Application.ChatDispatchCoordinator.SubmitAsync(ChatQuestionSubmission submission, CancellationToken cancellationToken) in C:\Users\jvrincon\Documents\chatbot_aplicado_sst\app\back\src\Chatbot.Sst.Application\ChatDispatchCoordinator.cs:line 38
         at Program.<>c.<<<Main>$>b__0_1>d.MoveNext() in C:\Users\jvrincon\Documents\chatbot_aplicado_sst\app\back\src\Chatbot.Sst.Api\Program.cs:line 62
      --- End of stack trace from previous location ---
         at Microsoft.AspNetCore.Http.RequestDelegateFactory.ExecuteTaskResult[T](Task`1 task, HttpContext httpContext)
         at Microsoft.AspNetCore.Http.RequestDelegateFactory.<>c__DisplayClass102_2.<<HandleRequestBodyAndCompileRequestDelegateForJson>b__2>d.MoveNext()
      --- End of stack trace from previous location ---
         at Microsoft.AspNetCore.Diagnostics.DeveloperExceptionPageMiddlewareImpl.Invoke(HttpContext context)
info: System.Net.Http.HttpClient.IChatbotDispatchClient.LogicalHandler[100]
      Start processing HTTP request GET http://127.0.0.1:8765/api/platform/projects/proj_sst-general/releases?*
info: System.Net.Http.HttpClient.IChatbotDispatchClient.ClientHandler[100]
      Sending HTTP request GET http://127.0.0.1:8765/api/platform/projects/proj_sst-general/releases?*
info: System.Net.Http.HttpClient.IChatbotDispatchClient.ClientHandler[101]
      Received HTTP response headers after 10.734ms - 200
info: System.Net.Http.HttpClient.IChatbotDispatchClient.LogicalHandler[101]
      End processing HTTP request after 10.7703ms - 200
[ChatbotDispatch DEBUG] POST /api/chatbot/questions body={"project_id":"proj_sst-general","rag_variant_id":"ragv_local-bge","rag_release_id":"ragr_1d2f9c1a4f444da0","question":"Que tipos de faltas contempla el reglamento interno de trabajo?","conversation_id":"conv_chunks_20260828171614","message_id":"msg_chunks_20260828171755_43","top_k":8}
info: System.Net.Http.HttpClient.IChatbotDispatchClient.LogicalHandler[100]
      Start processing HTTP request POST http://127.0.0.1:8765/api/chatbot/questions
info: System.Net.Http.HttpClient.IChatbotDispatchClient.ClientHandler[100]
      Sending HTTP request POST http://127.0.0.1:8765/api/chatbot/questions
info: System.Net.Http.HttpClient.IChatbotDispatchClient.ClientHandler[104]
      HTTP request failed after 1.9428ms
      System.Net.Http.HttpRequestException: An error occurred while sending the request.
       ---> System.Net.Http.HttpIOException: The response ended prematurely. (ResponseEnded)
         at System.Net.Http.HttpConnection.SendAsync(HttpRequestMessage request, Boolean async, CancellationToken cancellationToken)
         --- End of inner exception stack trace ---
         at System.Net.Http.HttpConnection.SendAsync(HttpRequestMessage request, Boolean async, CancellationToken cancellationToken)
         at System.Net.Http.HttpConnectionPool.SendWithVersionDetectionAndRetryAsync(HttpRequestMessage request, Boolean async, Boolean doRequestAuth, CancellationToken cancellationToken)
         at System.Net.Http.DiagnosticsHandler.SendAsyncCore(HttpRequestMessage request, Boolean async, CancellationToken cancellationToken)
         at System.Net.Http.RedirectHandler.SendAsync(HttpRequestMessage request, Boolean async, CancellationToken cancellationToken)
         at Microsoft.Extensions.Http.Logging.LoggingHttpMessageHandler.<SendCoreAsync>g__Core|4_0(HttpRequestMessage request, Boolean useAsync, CancellationToken cancellationToken)
info: System.Net.Http.HttpClient.IChatbotDispatchClient.LogicalHandler[104]
      HTTP request failed after 2.0665ms
      System.Net.Http.HttpRequestException: An error occurred while sending the request.
       ---> System.Net.Http.HttpIOException: The response ended prematurely. (ResponseEnded)
         at System.Net.Http.HttpConnection.SendAsync(HttpRequestMessage request, Boolean async, CancellationToken cancellationToken)
         --- End of inner exception stack trace ---
         at System.Net.Http.HttpConnection.SendAsync(HttpRequestMessage request, Boolean async, CancellationToken cancellationToken)
         at System.Net.Http.HttpConnectionPool.SendWithVersionDetectionAndRetryAsync(HttpRequestMessage request, Boolean async, Boolean doRequestAuth, CancellationToken cancellationToken)
         at System.Net.Http.DiagnosticsHandler.SendAsyncCore(HttpRequestMessage request, Boolean async, CancellationToken cancellationToken)
         at System.Net.Http.RedirectHandler.SendAsync(HttpRequestMessage request, Boolean async, CancellationToken cancellationToken)
         at Microsoft.Extensions.Http.Logging.LoggingHttpMessageHandler.<SendCoreAsync>g__Core|4_0(HttpRequestMessage request, Boolean useAsync, CancellationToken cancellationToken)
         at Microsoft.Extensions.Http.Logging.LoggingScopeHttpMessageHandler.<SendCoreAsync>g__Core|4_0(HttpRequestMessage request, Boolean useAsync, CancellationToken cancellationToken)
fail: Microsoft.AspNetCore.Diagnostics.DeveloperExceptionPageMiddleware[1]
      An unhandled exception has occurred while executing the request.
      System.Net.Http.HttpRequestException: An error occurred while sending the request.
       ---> System.Net.Http.HttpIOException: The response ended prematurely. (ResponseEnded)
         at System.Net.Http.HttpConnection.SendAsync(HttpRequestMessage request, Boolean async, CancellationToken cancellationToken)
         --- End of inner exception stack trace ---
         at System.Net.Http.HttpConnection.SendAsync(HttpRequestMessage request, Boolean async, CancellationToken cancellationToken)
         at System.Net.Http.HttpConnectionPool.SendWithVersionDetectionAndRetryAsync(HttpRequestMessage request, Boolean async, Boolean doRequestAuth, CancellationToken cancellationToken)
         at System.Net.Http.DiagnosticsHandler.SendAsyncCore(HttpRequestMessage request, Boolean async, CancellationToken cancellationToken)
         at System.Net.Http.RedirectHandler.SendAsync(HttpRequestMessage request, Boolean async, CancellationToken cancellationToken)
         at Microsoft.Extensions.Http.Logging.LoggingHttpMessageHandler.<SendCoreAsync>g__Core|4_0(HttpRequestMessage request, Boolean useAsync, CancellationToken cancellationToken)
         at Microsoft.Extensions.Http.Logging.LoggingScopeHttpMessageHandler.<SendCoreAsync>g__Core|4_0(HttpRequestMessage request, Boolean useAsync, CancellationToken cancellationToken)
         at System.Net.Http.HttpClient.<SendAsync>g__Core|83_0(HttpRequestMessage request, HttpCompletionOption completionOption, CancellationTokenSource cts, Boolean disposeCts, CancellationTokenSource pendingRequestsCts, CancellationToken originalCancellationToken)
         at Chatbot.Sst.Infrastructure.Dispatch.HttpChatbotDispatchClient.DispatchAsync(ChatQuestionSubmission submission, CancellationToken cancellationToken) in C:\Users\jvrincon\Documents\chatbot_aplicado_sst\app\back\src\Chatbot.Sst.Infrastructure\Dispatch\HttpChatbotDispatchClient.cs:line 53
         at Chatbot.Sst.Application.ChatDispatchCoordinator.SubmitAsync(ChatQuestionSubmission submission, CancellationToken cancellationToken) in C:\Users\jvrincon\Documents\chatbot_aplicado_sst\app\back\src\Chatbot.Sst.Application\ChatDispatchCoordinator.cs:line 38
         at Program.<>c.<<<Main>$>b__0_1>d.MoveNext() in C:\Users\jvrincon\Documents\chatbot_aplicado_sst\app\back\src\Chatbot.Sst.Api\Program.cs:line 62
      --- End of stack trace from previous location ---
         at Microsoft.AspNetCore.Http.RequestDelegateFactory.ExecuteTaskResult[T](Task`1 task, HttpContext httpContext)
         at Microsoft.AspNetCore.Http.RequestDelegateFactory.<>c__DisplayClass102_2.<<HandleRequestBodyAndCompileRequestDelegateForJson>b__2>d.MoveNext()
      --- End of stack trace from previous location ---
         at Microsoft.AspNetCore.Diagnostics.DeveloperExceptionPageMiddlewareImpl.Invoke(HttpContext context)
info: System.Net.Http.HttpClient.IChatbotDispatchClient.LogicalHandler[100]
      Start processing HTTP request GET http://127.0.0.1:8765/api/platform/projects/proj_sst-general/releases?*
info: System.Net.Http.HttpClient.IChatbotDispatchClient.ClientHandler[100]
      Sending HTTP request GET http://127.0.0.1:8765/api/platform/projects/proj_sst-general/releases?*
info: System.Net.Http.HttpClient.IChatbotDispatchClient.ClientHandler[101]
      Received HTTP response headers after 8.9332ms - 200
info: System.Net.Http.HttpClient.IChatbotDispatchClient.LogicalHandler[101]
      End processing HTTP request after 8.9688ms - 200
[ChatbotDispatch DEBUG] POST /api/chatbot/questions body={"project_id":"proj_sst-general","rag_variant_id":"ragv_local-bge","rag_release_id":"ragr_1d2f9c1a4f444da0","question":"Que sanciones aplican por consumo de alcohol o sustancias psicoactivas?","conversation_id":"conv_chunks_20260828171614","message_id":"msg_chunks_20260828171755_44","top_k":8}
info: System.Net.Http.HttpClient.IChatbotDispatchClient.LogicalHandler[100]
      Start processing HTTP request POST http://127.0.0.1:8765/api/chatbot/questions
info: System.Net.Http.HttpClient.IChatbotDispatchClient.ClientHandler[100]
      Sending HTTP request POST http://127.0.0.1:8765/api/chatbot/questions
info: System.Net.Http.HttpClient.IChatbotDispatchClient.ClientHandler[104]
      HTTP request failed after 0.7279ms
      System.Net.Http.HttpRequestException: An error occurred while sending the request.
       ---> System.Net.Http.HttpIOException: The response ended prematurely. (ResponseEnded)
         at System.Net.Http.HttpConnection.SendAsync(HttpRequestMessage request, Boolean async, CancellationToken cancellationToken)
         --- End of inner exception stack trace ---
         at System.Net.Http.HttpConnection.SendAsync(HttpRequestMessage request, Boolean async, CancellationToken cancellationToken)
         at System.Net.Http.HttpConnectionPool.SendWithVersionDetectionAndRetryAsync(HttpRequestMessage request, Boolean async, Boolean doRequestAuth, CancellationToken cancellationToken)
         at System.Net.Http.DiagnosticsHandler.SendAsyncCore(HttpRequestMessage request, Boolean async, CancellationToken cancellationToken)
         at System.Net.Http.RedirectHandler.SendAsync(HttpRequestMessage request, Boolean async, CancellationToken cancellationToken)
         at Microsoft.Extensions.Http.Logging.LoggingHttpMessageHandler.<SendCoreAsync>g__Core|4_0(HttpRequestMessage request, Boolean useAsync, CancellationToken cancellationToken)
info: System.Net.Http.HttpClient.IChatbotDispatchClient.LogicalHandler[104]
      HTTP request failed after 0.8063ms
      System.Net.Http.HttpRequestException: An error occurred while sending the request.
       ---> System.Net.Http.HttpIOException: The response ended prematurely. (ResponseEnded)
         at System.Net.Http.HttpConnection.SendAsync(HttpRequestMessage request, Boolean async, CancellationToken cancellationToken)
         --- End of inner exception stack trace ---
         at System.Net.Http.HttpConnection.SendAsync(HttpRequestMessage request, Boolean async, CancellationToken cancellationToken)
         at System.Net.Http.HttpConnectionPool.SendWithVersionDetectionAndRetryAsync(HttpRequestMessage request, Boolean async, Boolean doRequestAuth, CancellationToken cancellationToken)
         at System.Net.Http.DiagnosticsHandler.SendAsyncCore(HttpRequestMessage request, Boolean async, CancellationToken cancellationToken)
         at System.Net.Http.RedirectHandler.SendAsync(HttpRequestMessage request, Boolean async, CancellationToken cancellationToken)
         at Microsoft.Extensions.Http.Logging.LoggingHttpMessageHandler.<SendCoreAsync>g__Core|4_0(HttpRequestMessage request, Boolean useAsync, CancellationToken cancellationToken)
         at Microsoft.Extensions.Http.Logging.LoggingScopeHttpMessageHandler.<SendCoreAsync>g__Core|4_0(HttpRequestMessage request, Boolean useAsync, CancellationToken cancellationToken)
fail: Microsoft.AspNetCore.Diagnostics.DeveloperExceptionPageMiddleware[1]
      An unhandled exception has occurred while executing the request.
      System.Net.Http.HttpRequestException: An error occurred while sending the request.
       ---> System.Net.Http.HttpIOException: The response ended prematurely. (ResponseEnded)
         at System.Net.Http.HttpConnection.SendAsync(HttpRequestMessage request, Boolean async, CancellationToken cancellationToken)
         --- End of inner exception stack trace ---
         at System.Net.Http.HttpConnection.SendAsync(HttpRequestMessage request, Boolean async, CancellationToken cancellationToken)
         at System.Net.Http.HttpConnectionPool.SendWithVersionDetectionAndRetryAsync(HttpRequestMessage request, Boolean async, Boolean doRequestAuth, CancellationToken cancellationToken)
         at System.Net.Http.DiagnosticsHandler.SendAsyncCore(HttpRequestMessage request, Boolean async, CancellationToken cancellationToken)
         at System.Net.Http.RedirectHandler.SendAsync(HttpRequestMessage request, Boolean async, CancellationToken cancellationToken)
         at Microsoft.Extensions.Http.Logging.LoggingHttpMessageHandler.<SendCoreAsync>g__Core|4_0(HttpRequestMessage request, Boolean useAsync, CancellationToken cancellationToken)
         at Microsoft.Extensions.Http.Logging.LoggingScopeHttpMessageHandler.<SendCoreAsync>g__Core|4_0(HttpRequestMessage request, Boolean useAsync, CancellationToken cancellationToken)
         at System.Net.Http.HttpClient.<SendAsync>g__Core|83_0(HttpRequestMessage request, HttpCompletionOption completionOption, CancellationTokenSource cts, Boolean disposeCts, CancellationTokenSource pendingRequestsCts, CancellationToken originalCancellationToken)
         at Chatbot.Sst.Infrastructure.Dispatch.HttpChatbotDispatchClient.DispatchAsync(ChatQuestionSubmission submission, CancellationToken cancellationToken) in C:\Users\jvrincon\Documents\chatbot_aplicado_sst\app\back\src\Chatbot.Sst.Infrastructure\Dispatch\HttpChatbotDispatchClient.cs:line 53
         at Chatbot.Sst.Application.ChatDispatchCoordinator.SubmitAsync(ChatQuestionSubmission submission, CancellationToken cancellationToken) in C:\Users\jvrincon\Documents\chatbot_aplicado_sst\app\back\src\Chatbot.Sst.Application\ChatDispatchCoordinator.cs:line 38
         at Program.<>c.<<<Main>$>b__0_1>d.MoveNext() in C:\Users\jvrincon\Documents\chatbot_aplicado_sst\app\back\src\Chatbot.Sst.Api\Program.cs:line 62
      --- End of stack trace from previous location ---
         at Microsoft.AspNetCore.Http.RequestDelegateFactory.ExecuteTaskResult[T](Task`1 task, HttpContext httpContext)
         at Microsoft.AspNetCore.Http.RequestDelegateFactory.<>c__DisplayClass102_2.<<HandleRequestBodyAndCompileRequestDelegateForJson>b__2>d.MoveNext()
      --- End of stack trace from previous location ---
         at Microsoft.AspNetCore.Diagnostics.DeveloperExceptionPageMiddlewareImpl.Invoke(HttpContext context)
info: System.Net.Http.HttpClient.IChatbotDispatchClient.LogicalHandler[100]
      Start processing HTTP request GET http://127.0.0.1:8765/api/platform/projects/proj_sst-general/releases?*
info: System.Net.Http.HttpClient.IChatbotDispatchClient.ClientHandler[100]
      Sending HTTP request GET http://127.0.0.1:8765/api/platform/projects/proj_sst-general/releases?*
info: System.Net.Http.HttpClient.IChatbotDispatchClient.ClientHandler[101]
      Received HTTP response headers after 17.8017ms - 200
info: System.Net.Http.HttpClient.IChatbotDispatchClient.LogicalHandler[101]
      End processing HTTP request after 17.8485ms - 200
[ChatbotDispatch DEBUG] POST /api/chatbot/questions body={"project_id":"proj_sst-general","rag_variant_id":"ragv_local-bge","rag_release_id":"ragr_1d2f9c1a4f444da0","question":"Que dice la politica de prevencion de alcohol y drogas?","conversation_id":"conv_chunks_20260828171614","message_id":"msg_chunks_20260828171755_45","top_k":8}
info: System.Net.Http.HttpClient.IChatbotDispatchClient.LogicalHandler[100]
      Start processing HTTP request POST http://127.0.0.1:8765/api/chatbot/questions
info: System.Net.Http.HttpClient.IChatbotDispatchClient.ClientHandler[100]
      Sending HTTP request POST http://127.0.0.1:8765/api/chatbot/questions
info: System.Net.Http.HttpClient.IChatbotDispatchClient.ClientHandler[104]
      HTTP request failed after 0.8828ms
      System.Net.Http.HttpRequestException: An error occurred while sending the request.
       ---> System.Net.Http.HttpIOException: The response ended prematurely. (ResponseEnded)
         at System.Net.Http.HttpConnection.SendAsync(HttpRequestMessage request, Boolean async, CancellationToken cancellationToken)
         --- End of inner exception stack trace ---
         at System.Net.Http.HttpConnection.SendAsync(HttpRequestMessage request, Boolean async, CancellationToken cancellationToken)
         at System.Net.Http.HttpConnectionPool.SendWithVersionDetectionAndRetryAsync(HttpRequestMessage request, Boolean async, Boolean doRequestAuth, CancellationToken cancellationToken)
         at System.Net.Http.DiagnosticsHandler.SendAsyncCore(HttpRequestMessage request, Boolean async, CancellationToken cancellationToken)
         at System.Net.Http.RedirectHandler.SendAsync(HttpRequestMessage request, Boolean async, CancellationToken cancellationToken)
         at Microsoft.Extensions.Http.Logging.LoggingHttpMessageHandler.<SendCoreAsync>g__Core|4_0(HttpRequestMessage request, Boolean useAsync, CancellationToken cancellationToken)
info: System.Net.Http.HttpClient.IChatbotDispatchClient.LogicalHandler[104]
      HTTP request failed after 1.0724ms
      System.Net.Http.HttpRequestException: An error occurred while sending the request.
       ---> System.Net.Http.HttpIOException: The response ended prematurely. (ResponseEnded)
         at System.Net.Http.HttpConnection.SendAsync(HttpRequestMessage request, Boolean async, CancellationToken cancellationToken)
         --- End of inner exception stack trace ---
         at System.Net.Http.HttpConnection.SendAsync(HttpRequestMessage request, Boolean async, CancellationToken cancellationToken)
         at System.Net.Http.HttpConnectionPool.SendWithVersionDetectionAndRetryAsync(HttpRequestMessage request, Boolean async, Boolean doRequestAuth, CancellationToken cancellationToken)
         at System.Net.Http.DiagnosticsHandler.SendAsyncCore(HttpRequestMessage request, Boolean async, CancellationToken cancellationToken)
         at System.Net.Http.RedirectHandler.SendAsync(HttpRequestMessage request, Boolean async, CancellationToken cancellationToken)
         at Microsoft.Extensions.Http.Logging.LoggingHttpMessageHandler.<SendCoreAsync>g__Core|4_0(HttpRequestMessage request, Boolean useAsync, CancellationToken cancellationToken)
         at Microsoft.Extensions.Http.Logging.LoggingScopeHttpMessageHandler.<SendCoreAsync>g__Core|4_0(HttpRequestMessage request, Boolean useAsync, CancellationToken cancellationToken)
fail: Microsoft.AspNetCore.Diagnostics.DeveloperExceptionPageMiddleware[1]
      An unhandled exception has occurred while executing the request.
      System.Net.Http.HttpRequestException: An error occurred while sending the request.
       ---> System.Net.Http.HttpIOException: The response ended prematurely. (ResponseEnded)
         at System.Net.Http.HttpConnection.SendAsync(HttpRequestMessage request, Boolean async, CancellationToken cancellationToken)
         --- End of inner exception stack trace ---
         at System.Net.Http.HttpConnection.SendAsync(HttpRequestMessage request, Boolean async, CancellationToken cancellationToken)
         at System.Net.Http.HttpConnectionPool.SendWithVersionDetectionAndRetryAsync(HttpRequestMessage request, Boolean async, Boolean doRequestAuth, CancellationToken cancellationToken)
         at System.Net.Http.DiagnosticsHandler.SendAsyncCore(HttpRequestMessage request, Boolean async, CancellationToken cancellationToken)
         at System.Net.Http.RedirectHandler.SendAsync(HttpRequestMessage request, Boolean async, CancellationToken cancellationToken)
         at Microsoft.Extensions.Http.Logging.LoggingHttpMessageHandler.<SendCoreAsync>g__Core|4_0(HttpRequestMessage request, Boolean useAsync, CancellationToken cancellationToken)
         at Microsoft.Extensions.Http.Logging.LoggingScopeHttpMessageHandler.<SendCoreAsync>g__Core|4_0(HttpRequestMessage request, Boolean useAsync, CancellationToken cancellationToken)
         at System.Net.Http.HttpClient.<SendAsync>g__Core|83_0(HttpRequestMessage request, HttpCompletionOption completionOption, CancellationTokenSource cts, Boolean disposeCts, CancellationTokenSource pendingRequestsCts, CancellationToken originalCancellationToken)
         at Chatbot.Sst.Infrastructure.Dispatch.HttpChatbotDispatchClient.DispatchAsync(ChatQuestionSubmission submission, CancellationToken cancellationToken) in C:\Users\jvrincon\Documents\chatbot_aplicado_sst\app\back\src\Chatbot.Sst.Infrastructure\Dispatch\HttpChatbotDispatchClient.cs:line 53
         at Chatbot.Sst.Application.ChatDispatchCoordinator.SubmitAsync(ChatQuestionSubmission submission, CancellationToken cancellationToken) in C:\Users\jvrincon\Documents\chatbot_aplicado_sst\app\back\src\Chatbot.Sst.Application\ChatDispatchCoordinator.cs:line 38
         at Program.<>c.<<<Main>$>b__0_1>d.MoveNext() in C:\Users\jvrincon\Documents\chatbot_aplicado_sst\app\back\src\Chatbot.Sst.Api\Program.cs:line 62
      --- End of stack trace from previous location ---
         at Microsoft.AspNetCore.Http.RequestDelegateFactory.ExecuteTaskResult[T](Task`1 task, HttpContext httpContext)
         at Microsoft.AspNetCore.Http.RequestDelegateFactory.<>c__DisplayClass102_2.<<HandleRequestBodyAndCompileRequestDelegateForJson>b__2>d.MoveNext()
      --- End of stack trace from previous location ---
         at Microsoft.AspNetCore.Diagnostics.DeveloperExceptionPageMiddlewareImpl.Invoke(HttpContext context)
info: System.Net.Http.HttpClient.IChatbotDispatchClient.LogicalHandler[100]
      Start processing HTTP request GET http://127.0.0.1:8765/api/platform/projects/proj_sst-general/releases?*
info: System.Net.Http.HttpClient.IChatbotDispatchClient.ClientHandler[100]
      Sending HTTP request GET http://127.0.0.1:8765/api/platform/projects/proj_sst-general/releases?*
info: System.Net.Http.HttpClient.IChatbotDispatchClient.ClientHandler[101]
      Received HTTP response headers after 10.1705ms - 200
info: System.Net.Http.HttpClient.IChatbotDispatchClient.LogicalHandler[101]
      End processing HTTP request after 10.2305ms - 200
[ChatbotDispatch DEBUG] POST /api/chatbot/questions body={"project_id":"proj_sst-general","rag_variant_id":"ragv_local-bge","rag_release_id":"ragr_1d2f9c1a4f444da0","question":"Cuando puede la empresa requerir pruebas de deteccion de consumo?","conversation_id":"conv_chunks_20260828171614","message_id":"msg_chunks_20260828171755_46","top_k":8}
info: System.Net.Http.HttpClient.IChatbotDispatchClient.LogicalHandler[100]
      Start processing HTTP request POST http://127.0.0.1:8765/api/chatbot/questions
info: System.Net.Http.HttpClient.IChatbotDispatchClient.ClientHandler[100]
      Sending HTTP request POST http://127.0.0.1:8765/api/chatbot/questions
info: System.Net.Http.HttpClient.ILlmProvider.LogicalHandler[100]
      Start processing HTTP request POST http://127.0.0.1:8001/v1/chat/completions
info: System.Net.Http.HttpClient.ILlmProvider.ClientHandler[100]
      Sending HTTP request POST http://127.0.0.1:8001/v1/chat/completions
info: System.Net.Http.HttpClient.ILlmProvider.ClientHandler[104]
      HTTP request failed after 2020.7666ms
      System.Net.Http.HttpRequestException: No se puede establecer una conexión ya que el equipo de destino denegó expresamente dicha conexión. (127.0.0.1:8001)
       ---> System.Net.Sockets.SocketException (10061): No se puede establecer una conexión ya que el equipo de destino denegó expresamente dicha conexión.
         at System.Net.Sockets.Socket.AwaitableSocketAsyncEventArgs.System.Threading.Tasks.Sources.IValueTaskSource.GetResult(Int16 token)
         at System.Net.Http.HttpConnectionPool.ConnectToTcpHostAsync(String host, Int32 port, HttpRequestMessage initialRequest, Boolean async, CancellationToken cancellationToken)
         --- End of inner exception stack trace ---
         at System.Net.Http.HttpConnectionPool.ConnectToTcpHostAsync(String host, Int32 port, HttpRequestMessage initialRequest, Boolean async, CancellationToken cancellationToken)
         at System.Net.Http.HttpConnectionPool.ConnectAsync(HttpRequestMessage request, Boolean async, CancellationToken cancellationToken)
         at System.Net.Http.HttpConnectionPool.CreateHttp11ConnectionAsync(HttpRequestMessage request, Boolean async, CancellationToken cancellationToken)
         at System.Net.Http.HttpConnectionPool.InjectNewHttp11ConnectionAsync(QueueItem queueItem)
         at System.Threading.Tasks.TaskCompletionSourceWithCancellation`1.WaitWithCancellationAsync(CancellationToken cancellationToken)
         at System.Net.Http.HttpConnectionPool.SendWithVersionDetectionAndRetryAsync(HttpRequestMessage request, Boolean async, Boolean doRequestAuth, CancellationToken cancellationToken)
         at System.Net.Http.DiagnosticsHandler.SendAsyncCore(HttpRequestMessage request, Boolean async, CancellationToken cancellationToken)
         at System.Net.Http.RedirectHandler.SendAsync(HttpRequestMessage request, Boolean async, CancellationToken cancellationToken)
         at Microsoft.Extensions.Http.Logging.LoggingHttpMessageHandler.<SendCoreAsync>g__Core|4_0(HttpRequestMessage request, Boolean useAsync, CancellationToken cancellationToken)
info: System.Net.Http.HttpClient.ILlmProvider.LogicalHandler[104]
      HTTP request failed after 2021.0561ms
      System.Net.Http.HttpRequestException: No se puede establecer una conexión ya que el equipo de destino denegó expresamente dicha conexión. (127.0.0.1:8001)
       ---> System.Net.Sockets.SocketException (10061): No se puede establecer una conexión ya que el equipo de destino denegó expresamente dicha conexión.
         at System.Net.Sockets.Socket.AwaitableSocketAsyncEventArgs.System.Threading.Tasks.Sources.IValueTaskSource.GetResult(Int16 token)
         at System.Net.Http.HttpConnectionPool.ConnectToTcpHostAsync(String host, Int32 port, HttpRequestMessage initialRequest, Boolean async, CancellationToken cancellationToken)
         --- End of inner exception stack trace ---
         at System.Net.Http.HttpConnectionPool.ConnectToTcpHostAsync(String host, Int32 port, HttpRequestMessage initialRequest, Boolean async, CancellationToken cancellationToken)
         at System.Net.Http.HttpConnectionPool.ConnectAsync(HttpRequestMessage request, Boolean async, CancellationToken cancellationToken)
         at System.Net.Http.HttpConnectionPool.CreateHttp11ConnectionAsync(HttpRequestMessage request, Boolean async, CancellationToken cancellationToken)
         at System.Net.Http.HttpConnectionPool.InjectNewHttp11ConnectionAsync(QueueItem queueItem)
         at System.Threading.Tasks.TaskCompletionSourceWithCancellation`1.WaitWithCancellationAsync(CancellationToken cancellationToken)
         at System.Net.Http.HttpConnectionPool.SendWithVersionDetectionAndRetryAsync(HttpRequestMessage request, Boolean async, Boolean doRequestAuth, CancellationToken cancellationToken)
         at System.Net.Http.DiagnosticsHandler.SendAsyncCore(HttpRequestMessage request, Boolean async, CancellationToken cancellationToken)
         at System.Net.Http.RedirectHandler.SendAsync(HttpRequestMessage request, Boolean async, CancellationToken cancellationToken)
         at Microsoft.Extensions.Http.Logging.LoggingHttpMessageHandler.<SendCoreAsync>g__Core|4_0(HttpRequestMessage request, Boolean useAsync, CancellationToken cancellationToken)
         at Microsoft.Extensions.Http.Logging.LoggingScopeHttpMessageHandler.<SendCoreAsync>g__Core|4_0(HttpRequestMessage request, Boolean useAsync, CancellationToken cancellationToken)
info: System.Net.Http.HttpClient.IChatbotDispatchClient.ClientHandler[101]
      Received HTTP response headers after 11173.358ms - 502
info: System.Net.Http.HttpClient.IChatbotDispatchClient.LogicalHandler[101]
      End processing HTTP request after 11173.4076ms - 502
info: System.Net.Http.HttpClient.IChatbotDispatchClient.LogicalHandler[100]
      Start processing HTTP request GET http://127.0.0.1:8765/api/platform/projects/proj_sst-general/releases?*
info: System.Net.Http.HttpClient.IChatbotDispatchClient.ClientHandler[100]
      Sending HTTP request GET http://127.0.0.1:8765/api/platform/projects/proj_sst-general/releases?*
info: System.Net.Http.HttpClient.IChatbotDispatchClient.ClientHandler[101]
      Received HTTP response headers after 92.0248ms - 200
info: System.Net.Http.HttpClient.IChatbotDispatchClient.LogicalHandler[101]
      End processing HTTP request after 92.1471ms - 200
[ChatbotDispatch DEBUG] POST /api/chatbot/questions body={"project_id":"proj_sst-general","rag_variant_id":"ragv_local-bge","rag_release_id":"ragr_1d2f9c1a4f444da0","question":"En que consiste el programa o politica de pausas activas?","conversation_id":"conv_chunks_20260828171614","message_id":"msg_chunks_20260828171806_47","top_k":8}
info: System.Net.Http.HttpClient.IChatbotDispatchClient.LogicalHandler[100]
      Start processing HTTP request POST http://127.0.0.1:8765/api/chatbot/questions
info: System.Net.Http.HttpClient.IChatbotDispatchClient.ClientHandler[100]
      Sending HTTP request POST http://127.0.0.1:8765/api/chatbot/questions
info: System.Net.Http.HttpClient.ILlmProvider.LogicalHandler[100]
      Start processing HTTP request POST http://127.0.0.1:8001/v1/chat/completions
info: System.Net.Http.HttpClient.ILlmProvider.ClientHandler[100]
      Sending HTTP request POST http://127.0.0.1:8001/v1/chat/completions
info: System.Net.Http.HttpClient.ILlmProvider.ClientHandler[104]
      HTTP request failed after 2036.4533ms
      System.Net.Http.HttpRequestException: No se puede establecer una conexión ya que el equipo de destino denegó expresamente dicha conexión. (127.0.0.1:8001)
       ---> System.Net.Sockets.SocketException (10061): No se puede establecer una conexión ya que el equipo de destino denegó expresamente dicha conexión.
         at System.Net.Sockets.Socket.AwaitableSocketAsyncEventArgs.System.Threading.Tasks.Sources.IValueTaskSource.GetResult(Int16 token)
         at System.Net.Http.HttpConnectionPool.ConnectToTcpHostAsync(String host, Int32 port, HttpRequestMessage initialRequest, Boolean async, CancellationToken cancellationToken)
         --- End of inner exception stack trace ---
         at System.Net.Http.HttpConnectionPool.ConnectToTcpHostAsync(String host, Int32 port, HttpRequestMessage initialRequest, Boolean async, CancellationToken cancellationToken)
         at System.Net.Http.HttpConnectionPool.ConnectAsync(HttpRequestMessage request, Boolean async, CancellationToken cancellationToken)
         at System.Net.Http.HttpConnectionPool.CreateHttp11ConnectionAsync(HttpRequestMessage request, Boolean async, CancellationToken cancellationToken)
         at System.Net.Http.HttpConnectionPool.InjectNewHttp11ConnectionAsync(QueueItem queueItem)
         at System.Threading.Tasks.TaskCompletionSourceWithCancellation`1.WaitWithCancellationAsync(CancellationToken cancellationToken)
         at System.Net.Http.HttpConnectionPool.SendWithVersionDetectionAndRetryAsync(HttpRequestMessage request, Boolean async, Boolean doRequestAuth, CancellationToken cancellationToken)
         at System.Net.Http.DiagnosticsHandler.SendAsyncCore(HttpRequestMessage request, Boolean async, CancellationToken cancellationToken)
         at System.Net.Http.RedirectHandler.SendAsync(HttpRequestMessage request, Boolean async, CancellationToken cancellationToken)
         at Microsoft.Extensions.Http.Logging.LoggingHttpMessageHandler.<SendCoreAsync>g__Core|4_0(HttpRequestMessage request, Boolean useAsync, CancellationToken cancellationToken)
info: System.Net.Http.HttpClient.ILlmProvider.LogicalHandler[104]
      HTTP request failed after 2036.614ms
      System.Net.Http.HttpRequestException: No se puede establecer una conexión ya que el equipo de destino denegó expresamente dicha conexión. (127.0.0.1:8001)
       ---> System.Net.Sockets.SocketException (10061): No se puede establecer una conexión ya que el equipo de destino denegó expresamente dicha conexión.
         at System.Net.Sockets.Socket.AwaitableSocketAsyncEventArgs.System.Threading.Tasks.Sources.IValueTaskSource.GetResult(Int16 token)
         at System.Net.Http.HttpConnectionPool.ConnectToTcpHostAsync(String host, Int32 port, HttpRequestMessage initialRequest, Boolean async, CancellationToken cancellationToken)
         --- End of inner exception stack trace ---
         at System.Net.Http.HttpConnectionPool.ConnectToTcpHostAsync(String host, Int32 port, HttpRequestMessage initialRequest, Boolean async, CancellationToken cancellationToken)
         at System.Net.Http.HttpConnectionPool.ConnectAsync(HttpRequestMessage request, Boolean async, CancellationToken cancellationToken)
         at System.Net.Http.HttpConnectionPool.CreateHttp11ConnectionAsync(HttpRequestMessage request, Boolean async, CancellationToken cancellationToken)
         at System.Net.Http.HttpConnectionPool.InjectNewHttp11ConnectionAsync(QueueItem queueItem)
         at System.Threading.Tasks.TaskCompletionSourceWithCancellation`1.WaitWithCancellationAsync(CancellationToken cancellationToken)
         at System.Net.Http.HttpConnectionPool.SendWithVersionDetectionAndRetryAsync(HttpRequestMessage request, Boolean async, Boolean doRequestAuth, CancellationToken cancellationToken)
         at System.Net.Http.DiagnosticsHandler.SendAsyncCore(HttpRequestMessage request, Boolean async, CancellationToken cancellationToken)
         at System.Net.Http.RedirectHandler.SendAsync(HttpRequestMessage request, Boolean async, CancellationToken cancellationToken)
         at Microsoft.Extensions.Http.Logging.LoggingHttpMessageHandler.<SendCoreAsync>g__Core|4_0(HttpRequestMessage request, Boolean useAsync, CancellationToken cancellationToken)
         at Microsoft.Extensions.Http.Logging.LoggingScopeHttpMessageHandler.<SendCoreAsync>g__Core|4_0(HttpRequestMessage request, Boolean useAsync, CancellationToken cancellationToken)
info: System.Net.Http.HttpClient.IChatbotDispatchClient.ClientHandler[101]
      Received HTTP response headers after 9707.4268ms - 502
info: System.Net.Http.HttpClient.IChatbotDispatchClient.LogicalHandler[101]
      End processing HTTP request after 9707.5086ms - 502
info: System.Net.Http.HttpClient.IChatbotDispatchClient.LogicalHandler[100]
      Start processing HTTP request GET http://127.0.0.1:8765/api/platform/projects/proj_sst-general/releases?*
info: System.Net.Http.HttpClient.IChatbotDispatchClient.ClientHandler[100]
      Sending HTTP request GET http://127.0.0.1:8765/api/platform/projects/proj_sst-general/releases?*
info: System.Net.Http.HttpClient.IChatbotDispatchClient.ClientHandler[101]
      Received HTTP response headers after 112.1759ms - 200
info: System.Net.Http.HttpClient.IChatbotDispatchClient.LogicalHandler[101]
      End processing HTTP request after 112.2148ms - 200
[ChatbotDispatch DEBUG] POST /api/chatbot/questions body={"project_id":"proj_sst-general","rag_variant_id":"ragv_local-bge","rag_release_id":"ragr_1d2f9c1a4f444da0","question":"Por que son importantes las pausas activas para la salud fisica?","conversation_id":"conv_chunks_20260828171614","message_id":"msg_chunks_20260828171816_48","top_k":8}
info: System.Net.Http.HttpClient.IChatbotDispatchClient.LogicalHandler[100]
      Start processing HTTP request POST http://127.0.0.1:8765/api/chatbot/questions
info: System.Net.Http.HttpClient.IChatbotDispatchClient.ClientHandler[100]
      Sending HTTP request POST http://127.0.0.1:8765/api/chatbot/questions
info: System.Net.Http.HttpClient.ILlmProvider.LogicalHandler[100]
      Start processing HTTP request POST http://127.0.0.1:8001/v1/chat/completions
info: System.Net.Http.HttpClient.ILlmProvider.ClientHandler[100]
      Sending HTTP request POST http://127.0.0.1:8001/v1/chat/completions
info: System.Net.Http.HttpClient.ILlmProvider.ClientHandler[104]
      HTTP request failed after 2027.3392ms
      System.Net.Http.HttpRequestException: No se puede establecer una conexión ya que el equipo de destino denegó expresamente dicha conexión. (127.0.0.1:8001)
       ---> System.Net.Sockets.SocketException (10061): No se puede establecer una conexión ya que el equipo de destino denegó expresamente dicha conexión.
         at System.Net.Sockets.Socket.AwaitableSocketAsyncEventArgs.System.Threading.Tasks.Sources.IValueTaskSource.GetResult(Int16 token)
         at System.Net.Http.HttpConnectionPool.ConnectToTcpHostAsync(String host, Int32 port, HttpRequestMessage initialRequest, Boolean async, CancellationToken cancellationToken)
         --- End of inner exception stack trace ---
         at System.Net.Http.HttpConnectionPool.ConnectToTcpHostAsync(String host, Int32 port, HttpRequestMessage initialRequest, Boolean async, CancellationToken cancellationToken)
         at System.Net.Http.HttpConnectionPool.ConnectAsync(HttpRequestMessage request, Boolean async, CancellationToken cancellationToken)
         at System.Net.Http.HttpConnectionPool.CreateHttp11ConnectionAsync(HttpRequestMessage request, Boolean async, CancellationToken cancellationToken)
         at System.Net.Http.HttpConnectionPool.InjectNewHttp11ConnectionAsync(QueueItem queueItem)
         at System.Threading.Tasks.TaskCompletionSourceWithCancellation`1.WaitWithCancellationAsync(CancellationToken cancellationToken)
         at System.Net.Http.HttpConnectionPool.SendWithVersionDetectionAndRetryAsync(HttpRequestMessage request, Boolean async, Boolean doRequestAuth, CancellationToken cancellationToken)
         at System.Net.Http.DiagnosticsHandler.SendAsyncCore(HttpRequestMessage request, Boolean async, CancellationToken cancellationToken)
         at System.Net.Http.RedirectHandler.SendAsync(HttpRequestMessage request, Boolean async, CancellationToken cancellationToken)
         at Microsoft.Extensions.Http.Logging.LoggingHttpMessageHandler.<SendCoreAsync>g__Core|4_0(HttpRequestMessage request, Boolean useAsync, CancellationToken cancellationToken)
info: System.Net.Http.HttpClient.ILlmProvider.LogicalHandler[104]
      HTTP request failed after 2027.5823ms
      System.Net.Http.HttpRequestException: No se puede establecer una conexión ya que el equipo de destino denegó expresamente dicha conexión. (127.0.0.1:8001)
       ---> System.Net.Sockets.SocketException (10061): No se puede establecer una conexión ya que el equipo de destino denegó expresamente dicha conexión.
         at System.Net.Sockets.Socket.AwaitableSocketAsyncEventArgs.System.Threading.Tasks.Sources.IValueTaskSource.GetResult(Int16 token)
         at System.Net.Http.HttpConnectionPool.ConnectToTcpHostAsync(String host, Int32 port, HttpRequestMessage initialRequest, Boolean async, CancellationToken cancellationToken)
         --- End of inner exception stack trace ---
         at System.Net.Http.HttpConnectionPool.ConnectToTcpHostAsync(String host, Int32 port, HttpRequestMessage initialRequest, Boolean async, CancellationToken cancellationToken)
         at System.Net.Http.HttpConnectionPool.ConnectAsync(HttpRequestMessage request, Boolean async, CancellationToken cancellationToken)
         at System.Net.Http.HttpConnectionPool.CreateHttp11ConnectionAsync(HttpRequestMessage request, Boolean async, CancellationToken cancellationToken)
         at System.Net.Http.HttpConnectionPool.InjectNewHttp11ConnectionAsync(QueueItem queueItem)
         at System.Threading.Tasks.TaskCompletionSourceWithCancellation`1.WaitWithCancellationAsync(CancellationToken cancellationToken)
         at System.Net.Http.HttpConnectionPool.SendWithVersionDetectionAndRetryAsync(HttpRequestMessage request, Boolean async, Boolean doRequestAuth, CancellationToken cancellationToken)
         at System.Net.Http.DiagnosticsHandler.SendAsyncCore(HttpRequestMessage request, Boolean async, CancellationToken cancellationToken)
         at System.Net.Http.RedirectHandler.SendAsync(HttpRequestMessage request, Boolean async, CancellationToken cancellationToken)
         at Microsoft.Extensions.Http.Logging.LoggingHttpMessageHandler.<SendCoreAsync>g__Core|4_0(HttpRequestMessage request, Boolean useAsync, CancellationToken cancellationToken)
         at Microsoft.Extensions.Http.Logging.LoggingScopeHttpMessageHandler.<SendCoreAsync>g__Core|4_0(HttpRequestMessage request, Boolean useAsync, CancellationToken cancellationToken)
info: System.Net.Http.HttpClient.IChatbotDispatchClient.ClientHandler[101]
      Received HTTP response headers after 8390.4421ms - 502
info: System.Net.Http.HttpClient.IChatbotDispatchClient.LogicalHandler[101]
      End processing HTTP request after 8390.4698ms - 502
info: System.Net.Http.HttpClient.IChatbotDispatchClient.LogicalHandler[100]
      Start processing HTTP request GET http://127.0.0.1:8765/api/platform/projects/proj_sst-general/releases?*
info: System.Net.Http.HttpClient.IChatbotDispatchClient.ClientHandler[100]
      Sending HTTP request GET http://127.0.0.1:8765/api/platform/projects/proj_sst-general/releases?*
info: System.Net.Http.HttpClient.IChatbotDispatchClient.ClientHandler[101]
      Received HTTP response headers after 17.3605ms - 200
info: System.Net.Http.HttpClient.IChatbotDispatchClient.LogicalHandler[101]
      End processing HTTP request after 17.4152ms - 200
[ChatbotDispatch DEBUG] POST /api/chatbot/questions body={"project_id":"proj_sst-general","rag_variant_id":"ragv_local-bge","rag_release_id":"ragr_1d2f9c1a4f444da0","question":"Como ayudan las pausas activas a la concentracion y al estres?","conversation_id":"conv_chunks_20260828171614","message_id":"msg_chunks_20260828171824_49","top_k":8}
info: System.Net.Http.HttpClient.IChatbotDispatchClient.LogicalHandler[100]
      Start processing HTTP request POST http://127.0.0.1:8765/api/chatbot/questions
info: System.Net.Http.HttpClient.IChatbotDispatchClient.ClientHandler[100]
      Sending HTTP request POST http://127.0.0.1:8765/api/chatbot/questions
info: System.Net.Http.HttpClient.IChatbotDispatchClient.ClientHandler[104]
      HTTP request failed after 0.6336ms
      System.Net.Http.HttpRequestException: An error occurred while sending the request.
       ---> System.Net.Http.HttpIOException: The response ended prematurely. (ResponseEnded)
         at System.Net.Http.HttpConnection.SendAsync(HttpRequestMessage request, Boolean async, CancellationToken cancellationToken)
         --- End of inner exception stack trace ---
         at System.Net.Http.HttpConnection.SendAsync(HttpRequestMessage request, Boolean async, CancellationToken cancellationToken)
         at System.Net.Http.HttpConnectionPool.SendWithVersionDetectionAndRetryAsync(HttpRequestMessage request, Boolean async, Boolean doRequestAuth, CancellationToken cancellationToken)
         at System.Net.Http.DiagnosticsHandler.SendAsyncCore(HttpRequestMessage request, Boolean async, CancellationToken cancellationToken)
         at System.Net.Http.RedirectHandler.SendAsync(HttpRequestMessage request, Boolean async, CancellationToken cancellationToken)
         at Microsoft.Extensions.Http.Logging.LoggingHttpMessageHandler.<SendCoreAsync>g__Core|4_0(HttpRequestMessage request, Boolean useAsync, CancellationToken cancellationToken)
info: System.Net.Http.HttpClient.IChatbotDispatchClient.LogicalHandler[104]
      HTTP request failed after 0.7207ms
      System.Net.Http.HttpRequestException: An error occurred while sending the request.
       ---> System.Net.Http.HttpIOException: The response ended prematurely. (ResponseEnded)
         at System.Net.Http.HttpConnection.SendAsync(HttpRequestMessage request, Boolean async, CancellationToken cancellationToken)
         --- End of inner exception stack trace ---
         at System.Net.Http.HttpConnection.SendAsync(HttpRequestMessage request, Boolean async, CancellationToken cancellationToken)
         at System.Net.Http.HttpConnectionPool.SendWithVersionDetectionAndRetryAsync(HttpRequestMessage request, Boolean async, Boolean doRequestAuth, CancellationToken cancellationToken)
         at System.Net.Http.DiagnosticsHandler.SendAsyncCore(HttpRequestMessage request, Boolean async, CancellationToken cancellationToken)
         at System.Net.Http.RedirectHandler.SendAsync(HttpRequestMessage request, Boolean async, CancellationToken cancellationToken)
         at Microsoft.Extensions.Http.Logging.LoggingHttpMessageHandler.<SendCoreAsync>g__Core|4_0(HttpRequestMessage request, Boolean useAsync, CancellationToken cancellationToken)
         at Microsoft.Extensions.Http.Logging.LoggingScopeHttpMessageHandler.<SendCoreAsync>g__Core|4_0(HttpRequestMessage request, Boolean useAsync, CancellationToken cancellationToken)
fail: Microsoft.AspNetCore.Diagnostics.DeveloperExceptionPageMiddleware[1]
      An unhandled exception has occurred while executing the request.
      System.Net.Http.HttpRequestException: An error occurred while sending the request.
       ---> System.Net.Http.HttpIOException: The response ended prematurely. (ResponseEnded)
         at System.Net.Http.HttpConnection.SendAsync(HttpRequestMessage request, Boolean async, CancellationToken cancellationToken)
         --- End of inner exception stack trace ---
         at System.Net.Http.HttpConnection.SendAsync(HttpRequestMessage request, Boolean async, CancellationToken cancellationToken)
         at System.Net.Http.HttpConnectionPool.SendWithVersionDetectionAndRetryAsync(HttpRequestMessage request, Boolean async, Boolean doRequestAuth, CancellationToken cancellationToken)
         at System.Net.Http.DiagnosticsHandler.SendAsyncCore(HttpRequestMessage request, Boolean async, CancellationToken cancellationToken)
         at System.Net.Http.RedirectHandler.SendAsync(HttpRequestMessage request, Boolean async, CancellationToken cancellationToken)
         at Microsoft.Extensions.Http.Logging.LoggingHttpMessageHandler.<SendCoreAsync>g__Core|4_0(HttpRequestMessage request, Boolean useAsync, CancellationToken cancellationToken)
         at Microsoft.Extensions.Http.Logging.LoggingScopeHttpMessageHandler.<SendCoreAsync>g__Core|4_0(HttpRequestMessage request, Boolean useAsync, CancellationToken cancellationToken)
         at System.Net.Http.HttpClient.<SendAsync>g__Core|83_0(HttpRequestMessage request, HttpCompletionOption completionOption, CancellationTokenSource cts, Boolean disposeCts, CancellationTokenSource pendingRequestsCts, CancellationToken originalCancellationToken)
         at Chatbot.Sst.Infrastructure.Dispatch.HttpChatbotDispatchClient.DispatchAsync(ChatQuestionSubmission submission, CancellationToken cancellationToken) in C:\Users\jvrincon\Documents\chatbot_aplicado_sst\app\back\src\Chatbot.Sst.Infrastructure\Dispatch\HttpChatbotDispatchClient.cs:line 53
         at Chatbot.Sst.Application.ChatDispatchCoordinator.SubmitAsync(ChatQuestionSubmission submission, CancellationToken cancellationToken) in C:\Users\jvrincon\Documents\chatbot_aplicado_sst\app\back\src\Chatbot.Sst.Application\ChatDispatchCoordinator.cs:line 38
         at Program.<>c.<<<Main>$>b__0_1>d.MoveNext() in C:\Users\jvrincon\Documents\chatbot_aplicado_sst\app\back\src\Chatbot.Sst.Api\Program.cs:line 62
      --- End of stack trace from previous location ---
         at Microsoft.AspNetCore.Http.RequestDelegateFactory.ExecuteTaskResult[T](Task`1 task, HttpContext httpContext)
         at Microsoft.AspNetCore.Http.RequestDelegateFactory.<>c__DisplayClass102_2.<<HandleRequestBodyAndCompileRequestDelegateForJson>b__2>d.MoveNext()
      --- End of stack trace from previous location ---
         at Microsoft.AspNetCore.Diagnostics.DeveloperExceptionPageMiddlewareImpl.Invoke(HttpContext context)
info: System.Net.Http.HttpClient.IChatbotDispatchClient.LogicalHandler[100]
      Start processing HTTP request GET http://127.0.0.1:8765/api/platform/projects/proj_sst-general/releases?*
info: System.Net.Http.HttpClient.IChatbotDispatchClient.ClientHandler[100]
      Sending HTTP request GET http://127.0.0.1:8765/api/platform/projects/proj_sst-general/releases?*
info: System.Net.Http.HttpClient.IChatbotDispatchClient.ClientHandler[101]
      Received HTTP response headers after 6.8833ms - 200
info: System.Net.Http.HttpClient.IChatbotDispatchClient.LogicalHandler[101]
      End processing HTTP request after 6.9173ms - 200
[ChatbotDispatch DEBUG] POST /api/chatbot/questions body={"project_id":"proj_sst-general","rag_variant_id":"ragv_local-bge","rag_release_id":"ragr_1d2f9c1a4f444da0","question":"Que recomendaciones de seguridad vial aparecen en el corpus?","conversation_id":"conv_chunks_20260828171614","message_id":"msg_chunks_20260828171824_50","top_k":8}
info: System.Net.Http.HttpClient.IChatbotDispatchClient.LogicalHandler[100]
      Start processing HTTP request POST http://127.0.0.1:8765/api/chatbot/questions
info: System.Net.Http.HttpClient.IChatbotDispatchClient.ClientHandler[100]
      Sending HTTP request POST http://127.0.0.1:8765/api/chatbot/questions
info: System.Net.Http.HttpClient.IChatbotDispatchClient.ClientHandler[104]
      HTTP request failed after 0.5652ms
      System.Net.Http.HttpRequestException: An error occurred while sending the request.
       ---> System.Net.Http.HttpIOException: The response ended prematurely. (ResponseEnded)
         at System.Net.Http.HttpConnection.SendAsync(HttpRequestMessage request, Boolean async, CancellationToken cancellationToken)
         --- End of inner exception stack trace ---
         at System.Net.Http.HttpConnection.SendAsync(HttpRequestMessage request, Boolean async, CancellationToken cancellationToken)
         at System.Net.Http.HttpConnectionPool.SendWithVersionDetectionAndRetryAsync(HttpRequestMessage request, Boolean async, Boolean doRequestAuth, CancellationToken cancellationToken)
         at System.Net.Http.DiagnosticsHandler.SendAsyncCore(HttpRequestMessage request, Boolean async, CancellationToken cancellationToken)
         at System.Net.Http.RedirectHandler.SendAsync(HttpRequestMessage request, Boolean async, CancellationToken cancellationToken)
         at Microsoft.Extensions.Http.Logging.LoggingHttpMessageHandler.<SendCoreAsync>g__Core|4_0(HttpRequestMessage request, Boolean useAsync, CancellationToken cancellationToken)
info: System.Net.Http.HttpClient.IChatbotDispatchClient.LogicalHandler[104]
      HTTP request failed after 0.6666ms
      System.Net.Http.HttpRequestException: An error occurred while sending the request.
       ---> System.Net.Http.HttpIOException: The response ended prematurely. (ResponseEnded)
         at System.Net.Http.HttpConnection.SendAsync(HttpRequestMessage request, Boolean async, CancellationToken cancellationToken)
         --- End of inner exception stack trace ---
         at System.Net.Http.HttpConnection.SendAsync(HttpRequestMessage request, Boolean async, CancellationToken cancellationToken)
         at System.Net.Http.HttpConnectionPool.SendWithVersionDetectionAndRetryAsync(HttpRequestMessage request, Boolean async, Boolean doRequestAuth, CancellationToken cancellationToken)
         at System.Net.Http.DiagnosticsHandler.SendAsyncCore(HttpRequestMessage request, Boolean async, CancellationToken cancellationToken)
         at System.Net.Http.RedirectHandler.SendAsync(HttpRequestMessage request, Boolean async, CancellationToken cancellationToken)
         at Microsoft.Extensions.Http.Logging.LoggingHttpMessageHandler.<SendCoreAsync>g__Core|4_0(HttpRequestMessage request, Boolean useAsync, CancellationToken cancellationToken)
         at Microsoft.Extensions.Http.Logging.LoggingScopeHttpMessageHandler.<SendCoreAsync>g__Core|4_0(HttpRequestMessage request, Boolean useAsync, CancellationToken cancellationToken)
fail: Microsoft.AspNetCore.Diagnostics.DeveloperExceptionPageMiddleware[1]
      An unhandled exception has occurred while executing the request.
      System.Net.Http.HttpRequestException: An error occurred while sending the request.
       ---> System.Net.Http.HttpIOException: The response ended prematurely. (ResponseEnded)
         at System.Net.Http.HttpConnection.SendAsync(HttpRequestMessage request, Boolean async, CancellationToken cancellationToken)
         --- End of inner exception stack trace ---
         at System.Net.Http.HttpConnection.SendAsync(HttpRequestMessage request, Boolean async, CancellationToken cancellationToken)
         at System.Net.Http.HttpConnectionPool.SendWithVersionDetectionAndRetryAsync(HttpRequestMessage request, Boolean async, Boolean doRequestAuth, CancellationToken cancellationToken)
         at System.Net.Http.DiagnosticsHandler.SendAsyncCore(HttpRequestMessage request, Boolean async, CancellationToken cancellationToken)
         at System.Net.Http.RedirectHandler.SendAsync(HttpRequestMessage request, Boolean async, CancellationToken cancellationToken)
         at Microsoft.Extensions.Http.Logging.LoggingHttpMessageHandler.<SendCoreAsync>g__Core|4_0(HttpRequestMessage request, Boolean useAsync, CancellationToken cancellationToken)
         at Microsoft.Extensions.Http.Logging.LoggingScopeHttpMessageHandler.<SendCoreAsync>g__Core|4_0(HttpRequestMessage request, Boolean useAsync, CancellationToken cancellationToken)
         at System.Net.Http.HttpClient.<SendAsync>g__Core|83_0(HttpRequestMessage request, HttpCompletionOption completionOption, CancellationTokenSource cts, Boolean disposeCts, CancellationTokenSource pendingRequestsCts, CancellationToken originalCancellationToken)
         at Chatbot.Sst.Infrastructure.Dispatch.HttpChatbotDispatchClient.DispatchAsync(ChatQuestionSubmission submission, CancellationToken cancellationToken) in C:\Users\jvrincon\Documents\chatbot_aplicado_sst\app\back\src\Chatbot.Sst.Infrastructure\Dispatch\HttpChatbotDispatchClient.cs:line 53
         at Chatbot.Sst.Application.ChatDispatchCoordinator.SubmitAsync(ChatQuestionSubmission submission, CancellationToken cancellationToken) in C:\Users\jvrincon\Documents\chatbot_aplicado_sst\app\back\src\Chatbot.Sst.Application\ChatDispatchCoordinator.cs:line 38
         at Program.<>c.<<<Main>$>b__0_1>d.MoveNext() in C:\Users\jvrincon\Documents\chatbot_aplicado_sst\app\back\src\Chatbot.Sst.Api\Program.cs:line 62
      --- End of stack trace from previous location ---
         at Microsoft.AspNetCore.Http.RequestDelegateFactory.ExecuteTaskResult[T](Task`1 task, HttpContext httpContext)
         at Microsoft.AspNetCore.Http.RequestDelegateFactory.<>c__DisplayClass102_2.<<HandleRequestBodyAndCompileRequestDelegateForJson>b__2>d.MoveNext()
      --- End of stack trace from previous location ---
         at Microsoft.AspNetCore.Diagnostics.DeveloperExceptionPageMiddlewareImpl.Invoke(HttpContext context)
info: System.Net.Http.HttpClient.IChatbotDispatchClient.LogicalHandler[100]
      Start processing HTTP request GET http://127.0.0.1:8765/api/platform/projects/proj_sst-general/releases?*
info: System.Net.Http.HttpClient.IChatbotDispatchClient.ClientHandler[100]
      Sending HTTP request GET http://127.0.0.1:8765/api/platform/projects/proj_sst-general/releases?*
info: System.Net.Http.HttpClient.IChatbotDispatchClient.ClientHandler[101]
      Received HTTP response headers after 7.1529ms - 200
info: System.Net.Http.HttpClient.IChatbotDispatchClient.LogicalHandler[101]
      End processing HTTP request after 7.1838ms - 200
[ChatbotDispatch DEBUG] POST /api/chatbot/questions body={"project_id":"proj_sst-general","rag_variant_id":"ragv_local-bge","rag_release_id":"ragr_1d2f9c1a4f444da0","question":"Que compromisos tiene el PESV o plan estrategico de seguridad vial?","conversation_id":"conv_chunks_20260828171614","message_id":"msg_chunks_20260828171824_51","top_k":8}
info: System.Net.Http.HttpClient.IChatbotDispatchClient.LogicalHandler[100]
      Start processing HTTP request POST http://127.0.0.1:8765/api/chatbot/questions
info: System.Net.Http.HttpClient.IChatbotDispatchClient.ClientHandler[100]
      Sending HTTP request POST http://127.0.0.1:8765/api/chatbot/questions
info: System.Net.Http.HttpClient.IChatbotDispatchClient.ClientHandler[104]
      HTTP request failed after 0.5937ms
      System.Net.Http.HttpRequestException: An error occurred while sending the request.
       ---> System.Net.Http.HttpIOException: The response ended prematurely. (ResponseEnded)
         at System.Net.Http.HttpConnection.SendAsync(HttpRequestMessage request, Boolean async, CancellationToken cancellationToken)
         --- End of inner exception stack trace ---
         at System.Net.Http.HttpConnection.SendAsync(HttpRequestMessage request, Boolean async, CancellationToken cancellationToken)
         at System.Net.Http.HttpConnectionPool.SendWithVersionDetectionAndRetryAsync(HttpRequestMessage request, Boolean async, Boolean doRequestAuth, CancellationToken cancellationToken)
         at System.Net.Http.DiagnosticsHandler.SendAsyncCore(HttpRequestMessage request, Boolean async, CancellationToken cancellationToken)
         at System.Net.Http.RedirectHandler.SendAsync(HttpRequestMessage request, Boolean async, CancellationToken cancellationToken)
         at Microsoft.Extensions.Http.Logging.LoggingHttpMessageHandler.<SendCoreAsync>g__Core|4_0(HttpRequestMessage request, Boolean useAsync, CancellationToken cancellationToken)
info: System.Net.Http.HttpClient.IChatbotDispatchClient.LogicalHandler[104]
      HTTP request failed after 0.6654ms
      System.Net.Http.HttpRequestException: An error occurred while sending the request.
       ---> System.Net.Http.HttpIOException: The response ended prematurely. (ResponseEnded)
         at System.Net.Http.HttpConnection.SendAsync(HttpRequestMessage request, Boolean async, CancellationToken cancellationToken)
         --- End of inner exception stack trace ---
         at System.Net.Http.HttpConnection.SendAsync(HttpRequestMessage request, Boolean async, CancellationToken cancellationToken)
         at System.Net.Http.HttpConnectionPool.SendWithVersionDetectionAndRetryAsync(HttpRequestMessage request, Boolean async, Boolean doRequestAuth, CancellationToken cancellationToken)
         at System.Net.Http.DiagnosticsHandler.SendAsyncCore(HttpRequestMessage request, Boolean async, CancellationToken cancellationToken)
         at System.Net.Http.RedirectHandler.SendAsync(HttpRequestMessage request, Boolean async, CancellationToken cancellationToken)
         at Microsoft.Extensions.Http.Logging.LoggingHttpMessageHandler.<SendCoreAsync>g__Core|4_0(HttpRequestMessage request, Boolean useAsync, CancellationToken cancellationToken)
         at Microsoft.Extensions.Http.Logging.LoggingScopeHttpMessageHandler.<SendCoreAsync>g__Core|4_0(HttpRequestMessage request, Boolean useAsync, CancellationToken cancellationToken)
fail: Microsoft.AspNetCore.Diagnostics.DeveloperExceptionPageMiddleware[1]
      An unhandled exception has occurred while executing the request.
      System.Net.Http.HttpRequestException: An error occurred while sending the request.
       ---> System.Net.Http.HttpIOException: The response ended prematurely. (ResponseEnded)
         at System.Net.Http.HttpConnection.SendAsync(HttpRequestMessage request, Boolean async, CancellationToken cancellationToken)
         --- End of inner exception stack trace ---
         at System.Net.Http.HttpConnection.SendAsync(HttpRequestMessage request, Boolean async, CancellationToken cancellationToken)
         at System.Net.Http.HttpConnectionPool.SendWithVersionDetectionAndRetryAsync(HttpRequestMessage request, Boolean async, Boolean doRequestAuth, CancellationToken cancellationToken)
         at System.Net.Http.DiagnosticsHandler.SendAsyncCore(HttpRequestMessage request, Boolean async, CancellationToken cancellationToken)
         at System.Net.Http.RedirectHandler.SendAsync(HttpRequestMessage request, Boolean async, CancellationToken cancellationToken)
         at Microsoft.Extensions.Http.Logging.LoggingHttpMessageHandler.<SendCoreAsync>g__Core|4_0(HttpRequestMessage request, Boolean useAsync, CancellationToken cancellationToken)
         at Microsoft.Extensions.Http.Logging.LoggingScopeHttpMessageHandler.<SendCoreAsync>g__Core|4_0(HttpRequestMessage request, Boolean useAsync, CancellationToken cancellationToken)
         at System.Net.Http.HttpClient.<SendAsync>g__Core|83_0(HttpRequestMessage request, HttpCompletionOption completionOption, CancellationTokenSource cts, Boolean disposeCts, CancellationTokenSource pendingRequestsCts, CancellationToken originalCancellationToken)
         at Chatbot.Sst.Infrastructure.Dispatch.HttpChatbotDispatchClient.DispatchAsync(ChatQuestionSubmission submission, CancellationToken cancellationToken) in C:\Users\jvrincon\Documents\chatbot_aplicado_sst\app\back\src\Chatbot.Sst.Infrastructure\Dispatch\HttpChatbotDispatchClient.cs:line 53
         at Chatbot.Sst.Application.ChatDispatchCoordinator.SubmitAsync(ChatQuestionSubmission submission, CancellationToken cancellationToken) in C:\Users\jvrincon\Documents\chatbot_aplicado_sst\app\back\src\Chatbot.Sst.Application\ChatDispatchCoordinator.cs:line 38
         at Program.<>c.<<<Main>$>b__0_1>d.MoveNext() in C:\Users\jvrincon\Documents\chatbot_aplicado_sst\app\back\src\Chatbot.Sst.Api\Program.cs:line 62
      --- End of stack trace from previous location ---
         at Microsoft.AspNetCore.Http.RequestDelegateFactory.ExecuteTaskResult[T](Task`1 task, HttpContext httpContext)
         at Microsoft.AspNetCore.Http.RequestDelegateFactory.<>c__DisplayClass102_2.<<HandleRequestBodyAndCompileRequestDelegateForJson>b__2>d.MoveNext()
      --- End of stack trace from previous location ---
         at Microsoft.AspNetCore.Diagnostics.DeveloperExceptionPageMiddlewareImpl.Invoke(HttpContext context)
info: System.Net.Http.HttpClient.IChatbotDispatchClient.LogicalHandler[100]
      Start processing HTTP request GET http://127.0.0.1:8765/api/platform/projects/proj_sst-general/releases?*
info: System.Net.Http.HttpClient.IChatbotDispatchClient.ClientHandler[100]
      Sending HTTP request GET http://127.0.0.1:8765/api/platform/projects/proj_sst-general/releases?*
info: System.Net.Http.HttpClient.IChatbotDispatchClient.ClientHandler[101]
      Received HTTP response headers after 8.6175ms - 200
info: System.Net.Http.HttpClient.IChatbotDispatchClient.LogicalHandler[101]
      End processing HTTP request after 8.6914ms - 200
[ChatbotDispatch DEBUG] POST /api/chatbot/questions body={"project_id":"proj_sst-general","rag_variant_id":"ragv_local-bge","rag_release_id":"ragr_1d2f9c1a4f444da0","question":"Que significa cero tolerancia frente a alcohol y sustancias en seguridad vial?","conversation_id":"conv_chunks_20260828171614","message_id":"msg_chunks_20260828171824_52","top_k":8}
info: System.Net.Http.HttpClient.IChatbotDispatchClient.LogicalHandler[100]
      Start processing HTTP request POST http://127.0.0.1:8765/api/chatbot/questions
info: System.Net.Http.HttpClient.IChatbotDispatchClient.ClientHandler[100]
      Sending HTTP request POST http://127.0.0.1:8765/api/chatbot/questions
info: System.Net.Http.HttpClient.IChatbotDispatchClient.ClientHandler[104]
      HTTP request failed after 0.5255ms
      System.Net.Http.HttpRequestException: An error occurred while sending the request.
       ---> System.Net.Http.HttpIOException: The response ended prematurely. (ResponseEnded)
         at System.Net.Http.HttpConnection.SendAsync(HttpRequestMessage request, Boolean async, CancellationToken cancellationToken)
         --- End of inner exception stack trace ---
         at System.Net.Http.HttpConnection.SendAsync(HttpRequestMessage request, Boolean async, CancellationToken cancellationToken)
         at System.Net.Http.HttpConnectionPool.SendWithVersionDetectionAndRetryAsync(HttpRequestMessage request, Boolean async, Boolean doRequestAuth, CancellationToken cancellationToken)
         at System.Net.Http.DiagnosticsHandler.SendAsyncCore(HttpRequestMessage request, Boolean async, CancellationToken cancellationToken)
         at System.Net.Http.RedirectHandler.SendAsync(HttpRequestMessage request, Boolean async, CancellationToken cancellationToken)
         at Microsoft.Extensions.Http.Logging.LoggingHttpMessageHandler.<SendCoreAsync>g__Core|4_0(HttpRequestMessage request, Boolean useAsync, CancellationToken cancellationToken)
info: System.Net.Http.HttpClient.IChatbotDispatchClient.LogicalHandler[104]
      HTTP request failed after 0.6308ms
      System.Net.Http.HttpRequestException: An error occurred while sending the request.
       ---> System.Net.Http.HttpIOException: The response ended prematurely. (ResponseEnded)
         at System.Net.Http.HttpConnection.SendAsync(HttpRequestMessage request, Boolean async, CancellationToken cancellationToken)
         --- End of inner exception stack trace ---
         at System.Net.Http.HttpConnection.SendAsync(HttpRequestMessage request, Boolean async, CancellationToken cancellationToken)
         at System.Net.Http.HttpConnectionPool.SendWithVersionDetectionAndRetryAsync(HttpRequestMessage request, Boolean async, Boolean doRequestAuth, CancellationToken cancellationToken)
         at System.Net.Http.DiagnosticsHandler.SendAsyncCore(HttpRequestMessage request, Boolean async, CancellationToken cancellationToken)
         at System.Net.Http.RedirectHandler.SendAsync(HttpRequestMessage request, Boolean async, CancellationToken cancellationToken)
         at Microsoft.Extensions.Http.Logging.LoggingHttpMessageHandler.<SendCoreAsync>g__Core|4_0(HttpRequestMessage request, Boolean useAsync, CancellationToken cancellationToken)
         at Microsoft.Extensions.Http.Logging.LoggingScopeHttpMessageHandler.<SendCoreAsync>g__Core|4_0(HttpRequestMessage request, Boolean useAsync, CancellationToken cancellationToken)
fail: Microsoft.AspNetCore.Diagnostics.DeveloperExceptionPageMiddleware[1]
      An unhandled exception has occurred while executing the request.
      System.Net.Http.HttpRequestException: An error occurred while sending the request.
       ---> System.Net.Http.HttpIOException: The response ended prematurely. (ResponseEnded)
         at System.Net.Http.HttpConnection.SendAsync(HttpRequestMessage request, Boolean async, CancellationToken cancellationToken)
         --- End of inner exception stack trace ---
         at System.Net.Http.HttpConnection.SendAsync(HttpRequestMessage request, Boolean async, CancellationToken cancellationToken)
         at System.Net.Http.HttpConnectionPool.SendWithVersionDetectionAndRetryAsync(HttpRequestMessage request, Boolean async, Boolean doRequestAuth, CancellationToken cancellationToken)
         at System.Net.Http.DiagnosticsHandler.SendAsyncCore(HttpRequestMessage request, Boolean async, CancellationToken cancellationToken)
         at System.Net.Http.RedirectHandler.SendAsync(HttpRequestMessage request, Boolean async, CancellationToken cancellationToken)
         at Microsoft.Extensions.Http.Logging.LoggingHttpMessageHandler.<SendCoreAsync>g__Core|4_0(HttpRequestMessage request, Boolean useAsync, CancellationToken cancellationToken)
         at Microsoft.Extensions.Http.Logging.LoggingScopeHttpMessageHandler.<SendCoreAsync>g__Core|4_0(HttpRequestMessage request, Boolean useAsync, CancellationToken cancellationToken)
         at System.Net.Http.HttpClient.<SendAsync>g__Core|83_0(HttpRequestMessage request, HttpCompletionOption completionOption, CancellationTokenSource cts, Boolean disposeCts, CancellationTokenSource pendingRequestsCts, CancellationToken originalCancellationToken)
         at Chatbot.Sst.Infrastructure.Dispatch.HttpChatbotDispatchClient.DispatchAsync(ChatQuestionSubmission submission, CancellationToken cancellationToken) in C:\Users\jvrincon\Documents\chatbot_aplicado_sst\app\back\src\Chatbot.Sst.Infrastructure\Dispatch\HttpChatbotDispatchClient.cs:line 53
         at Chatbot.Sst.Application.ChatDispatchCoordinator.SubmitAsync(ChatQuestionSubmission submission, CancellationToken cancellationToken) in C:\Users\jvrincon\Documents\chatbot_aplicado_sst\app\back\src\Chatbot.Sst.Application\ChatDispatchCoordinator.cs:line 38
         at Program.<>c.<<<Main>$>b__0_1>d.MoveNext() in C:\Users\jvrincon\Documents\chatbot_aplicado_sst\app\back\src\Chatbot.Sst.Api\Program.cs:line 62
      --- End of stack trace from previous location ---
         at Microsoft.AspNetCore.Http.RequestDelegateFactory.ExecuteTaskResult[T](Task`1 task, HttpContext httpContext)
         at Microsoft.AspNetCore.Http.RequestDelegateFactory.<>c__DisplayClass102_2.<<HandleRequestBodyAndCompileRequestDelegateForJson>b__2>d.MoveNext()
      --- End of stack trace from previous location ---
         at Microsoft.AspNetCore.Diagnostics.DeveloperExceptionPageMiddlewareImpl.Invoke(HttpContext context)
info: System.Net.Http.HttpClient.IChatbotDispatchClient.LogicalHandler[100]
      Start processing HTTP request GET http://127.0.0.1:8765/api/platform/projects/proj_sst-general/releases?*
info: System.Net.Http.HttpClient.IChatbotDispatchClient.ClientHandler[100]
      Sending HTTP request GET http://127.0.0.1:8765/api/platform/projects/proj_sst-general/releases?*
info: System.Net.Http.HttpClient.IChatbotDispatchClient.ClientHandler[101]
      Received HTTP response headers after 6.9892ms - 200
info: System.Net.Http.HttpClient.IChatbotDispatchClient.LogicalHandler[101]
      End processing HTTP request after 7.0171ms - 200
[ChatbotDispatch DEBUG] POST /api/chatbot/questions body={"project_id":"proj_sst-general","rag_variant_id":"ragv_local-bge","rag_release_id":"ragr_1d2f9c1a4f444da0","question":"Que documentos o reglas hablan de prevencion del acoso laboral?","conversation_id":"conv_chunks_20260828171614","message_id":"msg_chunks_20260828171824_53","top_k":8}
info: System.Net.Http.HttpClient.IChatbotDispatchClient.LogicalHandler[100]
      Start processing HTTP request POST http://127.0.0.1:8765/api/chatbot/questions
info: System.Net.Http.HttpClient.IChatbotDispatchClient.ClientHandler[100]
      Sending HTTP request POST http://127.0.0.1:8765/api/chatbot/questions
info: System.Net.Http.HttpClient.IChatbotDispatchClient.ClientHandler[104]
      HTTP request failed after 0.5244ms
      System.Net.Http.HttpRequestException: An error occurred while sending the request.
       ---> System.Net.Http.HttpIOException: The response ended prematurely. (ResponseEnded)
         at System.Net.Http.HttpConnection.SendAsync(HttpRequestMessage request, Boolean async, CancellationToken cancellationToken)
         --- End of inner exception stack trace ---
         at System.Net.Http.HttpConnection.SendAsync(HttpRequestMessage request, Boolean async, CancellationToken cancellationToken)
         at System.Net.Http.HttpConnectionPool.SendWithVersionDetectionAndRetryAsync(HttpRequestMessage request, Boolean async, Boolean doRequestAuth, CancellationToken cancellationToken)
         at System.Net.Http.DiagnosticsHandler.SendAsyncCore(HttpRequestMessage request, Boolean async, CancellationToken cancellationToken)
         at System.Net.Http.RedirectHandler.SendAsync(HttpRequestMessage request, Boolean async, CancellationToken cancellationToken)
         at Microsoft.Extensions.Http.Logging.LoggingHttpMessageHandler.<SendCoreAsync>g__Core|4_0(HttpRequestMessage request, Boolean useAsync, CancellationToken cancellationToken)
info: System.Net.Http.HttpClient.IChatbotDispatchClient.LogicalHandler[104]
      HTTP request failed after 0.6233ms
      System.Net.Http.HttpRequestException: An error occurred while sending the request.
       ---> System.Net.Http.HttpIOException: The response ended prematurely. (ResponseEnded)
         at System.Net.Http.HttpConnection.SendAsync(HttpRequestMessage request, Boolean async, CancellationToken cancellationToken)
         --- End of inner exception stack trace ---
         at System.Net.Http.HttpConnection.SendAsync(HttpRequestMessage request, Boolean async, CancellationToken cancellationToken)
         at System.Net.Http.HttpConnectionPool.SendWithVersionDetectionAndRetryAsync(HttpRequestMessage request, Boolean async, Boolean doRequestAuth, CancellationToken cancellationToken)
         at System.Net.Http.DiagnosticsHandler.SendAsyncCore(HttpRequestMessage request, Boolean async, CancellationToken cancellationToken)
         at System.Net.Http.RedirectHandler.SendAsync(HttpRequestMessage request, Boolean async, CancellationToken cancellationToken)
         at Microsoft.Extensions.Http.Logging.LoggingHttpMessageHandler.<SendCoreAsync>g__Core|4_0(HttpRequestMessage request, Boolean useAsync, CancellationToken cancellationToken)
         at Microsoft.Extensions.Http.Logging.LoggingScopeHttpMessageHandler.<SendCoreAsync>g__Core|4_0(HttpRequestMessage request, Boolean useAsync, CancellationToken cancellationToken)
fail: Microsoft.AspNetCore.Diagnostics.DeveloperExceptionPageMiddleware[1]
      An unhandled exception has occurred while executing the request.
      System.Net.Http.HttpRequestException: An error occurred while sending the request.
       ---> System.Net.Http.HttpIOException: The response ended prematurely. (ResponseEnded)
         at System.Net.Http.HttpConnection.SendAsync(HttpRequestMessage request, Boolean async, CancellationToken cancellationToken)
         --- End of inner exception stack trace ---
         at System.Net.Http.HttpConnection.SendAsync(HttpRequestMessage request, Boolean async, CancellationToken cancellationToken)
         at System.Net.Http.HttpConnectionPool.SendWithVersionDetectionAndRetryAsync(HttpRequestMessage request, Boolean async, Boolean doRequestAuth, CancellationToken cancellationToken)
         at System.Net.Http.DiagnosticsHandler.SendAsyncCore(HttpRequestMessage request, Boolean async, CancellationToken cancellationToken)
         at System.Net.Http.RedirectHandler.SendAsync(HttpRequestMessage request, Boolean async, CancellationToken cancellationToken)
         at Microsoft.Extensions.Http.Logging.LoggingHttpMessageHandler.<SendCoreAsync>g__Core|4_0(HttpRequestMessage request, Boolean useAsync, CancellationToken cancellationToken)
         at Microsoft.Extensions.Http.Logging.LoggingScopeHttpMessageHandler.<SendCoreAsync>g__Core|4_0(HttpRequestMessage request, Boolean useAsync, CancellationToken cancellationToken)
         at System.Net.Http.HttpClient.<SendAsync>g__Core|83_0(HttpRequestMessage request, HttpCompletionOption completionOption, CancellationTokenSource cts, Boolean disposeCts, CancellationTokenSource pendingRequestsCts, CancellationToken originalCancellationToken)
         at Chatbot.Sst.Infrastructure.Dispatch.HttpChatbotDispatchClient.DispatchAsync(ChatQuestionSubmission submission, CancellationToken cancellationToken) in C:\Users\jvrincon\Documents\chatbot_aplicado_sst\app\back\src\Chatbot.Sst.Infrastructure\Dispatch\HttpChatbotDispatchClient.cs:line 53
         at Chatbot.Sst.Application.ChatDispatchCoordinator.SubmitAsync(ChatQuestionSubmission submission, CancellationToken cancellationToken) in C:\Users\jvrincon\Documents\chatbot_aplicado_sst\app\back\src\Chatbot.Sst.Application\ChatDispatchCoordinator.cs:line 38
         at Program.<>c.<<<Main>$>b__0_1>d.MoveNext() in C:\Users\jvrincon\Documents\chatbot_aplicado_sst\app\back\src\Chatbot.Sst.Api\Program.cs:line 62
      --- End of stack trace from previous location ---
         at Microsoft.AspNetCore.Http.RequestDelegateFactory.ExecuteTaskResult[T](Task`1 task, HttpContext httpContext)
         at Microsoft.AspNetCore.Http.RequestDelegateFactory.<>c__DisplayClass102_2.<<HandleRequestBodyAndCompileRequestDelegateForJson>b__2>d.MoveNext()
      --- End of stack trace from previous location ---
         at Microsoft.AspNetCore.Diagnostics.DeveloperExceptionPageMiddlewareImpl.Invoke(HttpContext context)
info: System.Net.Http.HttpClient.IChatbotDispatchClient.LogicalHandler[100]
      Start processing HTTP request GET http://127.0.0.1:8765/api/platform/projects/proj_sst-general/releases?*
info: System.Net.Http.HttpClient.IChatbotDispatchClient.ClientHandler[100]
      Sending HTTP request GET http://127.0.0.1:8765/api/platform/projects/proj_sst-general/releases?*
info: System.Net.Http.HttpClient.IChatbotDispatchClient.ClientHandler[101]
      Received HTTP response headers after 6.108ms - 200
info: System.Net.Http.HttpClient.IChatbotDispatchClient.LogicalHandler[101]
      End processing HTTP request after 6.1384ms - 200
[ChatbotDispatch DEBUG] POST /api/chatbot/questions body={"project_id":"proj_sst-general","rag_variant_id":"ragv_local-bge","rag_release_id":"ragr_1d2f9c1a4f444da0","question":"Cual es el objetivo general del manual de convivencia laboral?","conversation_id":"conv_chunks_20260828171614","message_id":"msg_chunks_20260828171824_54","top_k":8}
info: System.Net.Http.HttpClient.IChatbotDispatchClient.LogicalHandler[100]
      Start processing HTTP request POST http://127.0.0.1:8765/api/chatbot/questions
info: System.Net.Http.HttpClient.IChatbotDispatchClient.ClientHandler[100]
      Sending HTTP request POST http://127.0.0.1:8765/api/chatbot/questions
info: System.Net.Http.HttpClient.IChatbotDispatchClient.ClientHandler[104]
      HTTP request failed after 0.7176ms
      System.Net.Http.HttpRequestException: An error occurred while sending the request.
       ---> System.Net.Http.HttpIOException: The response ended prematurely. (ResponseEnded)
         at System.Net.Http.HttpConnection.SendAsync(HttpRequestMessage request, Boolean async, CancellationToken cancellationToken)
         --- End of inner exception stack trace ---
         at System.Net.Http.HttpConnection.SendAsync(HttpRequestMessage request, Boolean async, CancellationToken cancellationToken)
         at System.Net.Http.HttpConnectionPool.SendWithVersionDetectionAndRetryAsync(HttpRequestMessage request, Boolean async, Boolean doRequestAuth, CancellationToken cancellationToken)
         at System.Net.Http.DiagnosticsHandler.SendAsyncCore(HttpRequestMessage request, Boolean async, CancellationToken cancellationToken)
         at System.Net.Http.RedirectHandler.SendAsync(HttpRequestMessage request, Boolean async, CancellationToken cancellationToken)
         at Microsoft.Extensions.Http.Logging.LoggingHttpMessageHandler.<SendCoreAsync>g__Core|4_0(HttpRequestMessage request, Boolean useAsync, CancellationToken cancellationToken)
info: System.Net.Http.HttpClient.IChatbotDispatchClient.LogicalHandler[104]
      HTTP request failed after 0.8436ms
      System.Net.Http.HttpRequestException: An error occurred while sending the request.
       ---> System.Net.Http.HttpIOException: The response ended prematurely. (ResponseEnded)
         at System.Net.Http.HttpConnection.SendAsync(HttpRequestMessage request, Boolean async, CancellationToken cancellationToken)
         --- End of inner exception stack trace ---
         at System.Net.Http.HttpConnection.SendAsync(HttpRequestMessage request, Boolean async, CancellationToken cancellationToken)
         at System.Net.Http.HttpConnectionPool.SendWithVersionDetectionAndRetryAsync(HttpRequestMessage request, Boolean async, Boolean doRequestAuth, CancellationToken cancellationToken)
         at System.Net.Http.DiagnosticsHandler.SendAsyncCore(HttpRequestMessage request, Boolean async, CancellationToken cancellationToken)
         at System.Net.Http.RedirectHandler.SendAsync(HttpRequestMessage request, Boolean async, CancellationToken cancellationToken)
         at Microsoft.Extensions.Http.Logging.LoggingHttpMessageHandler.<SendCoreAsync>g__Core|4_0(HttpRequestMessage request, Boolean useAsync, CancellationToken cancellationToken)
         at Microsoft.Extensions.Http.Logging.LoggingScopeHttpMessageHandler.<SendCoreAsync>g__Core|4_0(HttpRequestMessage request, Boolean useAsync, CancellationToken cancellationToken)
fail: Microsoft.AspNetCore.Diagnostics.DeveloperExceptionPageMiddleware[1]
      An unhandled exception has occurred while executing the request.
      System.Net.Http.HttpRequestException: An error occurred while sending the request.
       ---> System.Net.Http.HttpIOException: The response ended prematurely. (ResponseEnded)
         at System.Net.Http.HttpConnection.SendAsync(HttpRequestMessage request, Boolean async, CancellationToken cancellationToken)
         --- End of inner exception stack trace ---
         at System.Net.Http.HttpConnection.SendAsync(HttpRequestMessage request, Boolean async, CancellationToken cancellationToken)
         at System.Net.Http.HttpConnectionPool.SendWithVersionDetectionAndRetryAsync(HttpRequestMessage request, Boolean async, Boolean doRequestAuth, CancellationToken cancellationToken)
         at System.Net.Http.DiagnosticsHandler.SendAsyncCore(HttpRequestMessage request, Boolean async, CancellationToken cancellationToken)
         at System.Net.Http.RedirectHandler.SendAsync(HttpRequestMessage request, Boolean async, CancellationToken cancellationToken)
         at Microsoft.Extensions.Http.Logging.LoggingHttpMessageHandler.<SendCoreAsync>g__Core|4_0(HttpRequestMessage request, Boolean useAsync, CancellationToken cancellationToken)
         at Microsoft.Extensions.Http.Logging.LoggingScopeHttpMessageHandler.<SendCoreAsync>g__Core|4_0(HttpRequestMessage request, Boolean useAsync, CancellationToken cancellationToken)
         at System.Net.Http.HttpClient.<SendAsync>g__Core|83_0(HttpRequestMessage request, HttpCompletionOption completionOption, CancellationTokenSource cts, Boolean disposeCts, CancellationTokenSource pendingRequestsCts, CancellationToken originalCancellationToken)
         at Chatbot.Sst.Infrastructure.Dispatch.HttpChatbotDispatchClient.DispatchAsync(ChatQuestionSubmission submission, CancellationToken cancellationToken) in C:\Users\jvrincon\Documents\chatbot_aplicado_sst\app\back\src\Chatbot.Sst.Infrastructure\Dispatch\HttpChatbotDispatchClient.cs:line 53
         at Chatbot.Sst.Application.ChatDispatchCoordinator.SubmitAsync(ChatQuestionSubmission submission, CancellationToken cancellationToken) in C:\Users\jvrincon\Documents\chatbot_aplicado_sst\app\back\src\Chatbot.Sst.Application\ChatDispatchCoordinator.cs:line 38
         at Program.<>c.<<<Main>$>b__0_1>d.MoveNext() in C:\Users\jvrincon\Documents\chatbot_aplicado_sst\app\back\src\Chatbot.Sst.Api\Program.cs:line 62
      --- End of stack trace from previous location ---
         at Microsoft.AspNetCore.Http.RequestDelegateFactory.ExecuteTaskResult[T](Task`1 task, HttpContext httpContext)
         at Microsoft.AspNetCore.Http.RequestDelegateFactory.<>c__DisplayClass102_2.<<HandleRequestBodyAndCompileRequestDelegateForJson>b__2>d.MoveNext()
      --- End of stack trace from previous location ---
         at Microsoft.AspNetCore.Diagnostics.DeveloperExceptionPageMiddlewareImpl.Invoke(HttpContext context)
info: System.Net.Http.HttpClient.IChatbotDispatchClient.LogicalHandler[100]
      Start processing HTTP request GET http://127.0.0.1:8765/api/platform/projects/proj_sst-general/releases?*
info: System.Net.Http.HttpClient.IChatbotDispatchClient.ClientHandler[100]
      Sending HTTP request GET http://127.0.0.1:8765/api/platform/projects/proj_sst-general/releases?*
info: System.Net.Http.HttpClient.IChatbotDispatchClient.ClientHandler[101]
      Received HTTP response headers after 8.2669ms - 200
info: System.Net.Http.HttpClient.IChatbotDispatchClient.LogicalHandler[101]
      End processing HTTP request after 8.3016ms - 200
[ChatbotDispatch DEBUG] POST /api/chatbot/questions body={"project_id":"proj_sst-general","rag_variant_id":"ragv_local-bge","rag_release_id":"ragr_1d2f9c1a4f444da0","question":"Cuales son los objetivos especificos del manual de convivencia?","conversation_id":"conv_chunks_20260828171614","message_id":"msg_chunks_20260828171824_55","top_k":8}
info: System.Net.Http.HttpClient.IChatbotDispatchClient.LogicalHandler[100]
      Start processing HTTP request POST http://127.0.0.1:8765/api/chatbot/questions
info: System.Net.Http.HttpClient.IChatbotDispatchClient.ClientHandler[100]
      Sending HTTP request POST http://127.0.0.1:8765/api/chatbot/questions
info: System.Net.Http.HttpClient.IChatbotDispatchClient.ClientHandler[104]
      HTTP request failed after 0.5682ms
      System.Net.Http.HttpRequestException: An error occurred while sending the request.
       ---> System.Net.Http.HttpIOException: The response ended prematurely. (ResponseEnded)
         at System.Net.Http.HttpConnection.SendAsync(HttpRequestMessage request, Boolean async, CancellationToken cancellationToken)
         --- End of inner exception stack trace ---
         at System.Net.Http.HttpConnection.SendAsync(HttpRequestMessage request, Boolean async, CancellationToken cancellationToken)
         at System.Net.Http.HttpConnectionPool.SendWithVersionDetectionAndRetryAsync(HttpRequestMessage request, Boolean async, Boolean doRequestAuth, CancellationToken cancellationToken)
         at System.Net.Http.DiagnosticsHandler.SendAsyncCore(HttpRequestMessage request, Boolean async, CancellationToken cancellationToken)
         at System.Net.Http.RedirectHandler.SendAsync(HttpRequestMessage request, Boolean async, CancellationToken cancellationToken)
         at Microsoft.Extensions.Http.Logging.LoggingHttpMessageHandler.<SendCoreAsync>g__Core|4_0(HttpRequestMessage request, Boolean useAsync, CancellationToken cancellationToken)
info: System.Net.Http.HttpClient.IChatbotDispatchClient.LogicalHandler[104]
      HTTP request failed after 0.6376ms
      System.Net.Http.HttpRequestException: An error occurred while sending the request.
       ---> System.Net.Http.HttpIOException: The response ended prematurely. (ResponseEnded)
         at System.Net.Http.HttpConnection.SendAsync(HttpRequestMessage request, Boolean async, CancellationToken cancellationToken)
         --- End of inner exception stack trace ---
         at System.Net.Http.HttpConnection.SendAsync(HttpRequestMessage request, Boolean async, CancellationToken cancellationToken)
         at System.Net.Http.HttpConnectionPool.SendWithVersionDetectionAndRetryAsync(HttpRequestMessage request, Boolean async, Boolean doRequestAuth, CancellationToken cancellationToken)
         at System.Net.Http.DiagnosticsHandler.SendAsyncCore(HttpRequestMessage request, Boolean async, CancellationToken cancellationToken)
         at System.Net.Http.RedirectHandler.SendAsync(HttpRequestMessage request, Boolean async, CancellationToken cancellationToken)
         at Microsoft.Extensions.Http.Logging.LoggingHttpMessageHandler.<SendCoreAsync>g__Core|4_0(HttpRequestMessage request, Boolean useAsync, CancellationToken cancellationToken)
         at Microsoft.Extensions.Http.Logging.LoggingScopeHttpMessageHandler.<SendCoreAsync>g__Core|4_0(HttpRequestMessage request, Boolean useAsync, CancellationToken cancellationToken)
fail: Microsoft.AspNetCore.Diagnostics.DeveloperExceptionPageMiddleware[1]
      An unhandled exception has occurred while executing the request.
      System.Net.Http.HttpRequestException: An error occurred while sending the request.
       ---> System.Net.Http.HttpIOException: The response ended prematurely. (ResponseEnded)
         at System.Net.Http.HttpConnection.SendAsync(HttpRequestMessage request, Boolean async, CancellationToken cancellationToken)
         --- End of inner exception stack trace ---
         at System.Net.Http.HttpConnection.SendAsync(HttpRequestMessage request, Boolean async, CancellationToken cancellationToken)
         at System.Net.Http.HttpConnectionPool.SendWithVersionDetectionAndRetryAsync(HttpRequestMessage request, Boolean async, Boolean doRequestAuth, CancellationToken cancellationToken)
         at System.Net.Http.DiagnosticsHandler.SendAsyncCore(HttpRequestMessage request, Boolean async, CancellationToken cancellationToken)
         at System.Net.Http.RedirectHandler.SendAsync(HttpRequestMessage request, Boolean async, CancellationToken cancellationToken)
         at Microsoft.Extensions.Http.Logging.LoggingHttpMessageHandler.<SendCoreAsync>g__Core|4_0(HttpRequestMessage request, Boolean useAsync, CancellationToken cancellationToken)
         at Microsoft.Extensions.Http.Logging.LoggingScopeHttpMessageHandler.<SendCoreAsync>g__Core|4_0(HttpRequestMessage request, Boolean useAsync, CancellationToken cancellationToken)
         at System.Net.Http.HttpClient.<SendAsync>g__Core|83_0(HttpRequestMessage request, HttpCompletionOption completionOption, CancellationTokenSource cts, Boolean disposeCts, CancellationTokenSource pendingRequestsCts, CancellationToken originalCancellationToken)
         at Chatbot.Sst.Infrastructure.Dispatch.HttpChatbotDispatchClient.DispatchAsync(ChatQuestionSubmission submission, CancellationToken cancellationToken) in C:\Users\jvrincon\Documents\chatbot_aplicado_sst\app\back\src\Chatbot.Sst.Infrastructure\Dispatch\HttpChatbotDispatchClient.cs:line 53
         at Chatbot.Sst.Application.ChatDispatchCoordinator.SubmitAsync(ChatQuestionSubmission submission, CancellationToken cancellationToken) in C:\Users\jvrincon\Documents\chatbot_aplicado_sst\app\back\src\Chatbot.Sst.Application\ChatDispatchCoordinator.cs:line 38
         at Program.<>c.<<<Main>$>b__0_1>d.MoveNext() in C:\Users\jvrincon\Documents\chatbot_aplicado_sst\app\back\src\Chatbot.Sst.Api\Program.cs:line 62
      --- End of stack trace from previous location ---
         at Microsoft.AspNetCore.Http.RequestDelegateFactory.ExecuteTaskResult[T](Task`1 task, HttpContext httpContext)
         at Microsoft.AspNetCore.Http.RequestDelegateFactory.<>c__DisplayClass102_2.<<HandleRequestBodyAndCompileRequestDelegateForJson>b__2>d.MoveNext()
      --- End of stack trace from previous location ---
         at Microsoft.AspNetCore.Diagnostics.DeveloperExceptionPageMiddlewareImpl.Invoke(HttpContext context)
info: System.Net.Http.HttpClient.IChatbotDispatchClient.LogicalHandler[100]
      Start processing HTTP request GET http://127.0.0.1:8765/api/platform/projects/proj_sst-general/releases?*
info: System.Net.Http.HttpClient.IChatbotDispatchClient.ClientHandler[100]
      Sending HTTP request GET http://127.0.0.1:8765/api/platform/projects/proj_sst-general/releases?*
info: System.Net.Http.HttpClient.IChatbotDispatchClient.ClientHandler[101]
      Received HTTP response headers after 6.163ms - 200
info: System.Net.Http.HttpClient.IChatbotDispatchClient.LogicalHandler[101]
      End processing HTTP request after 6.1919ms - 200
[ChatbotDispatch DEBUG] POST /api/chatbot/questions body={"project_id":"proj_sst-general","rag_variant_id":"ragv_local-bge","rag_release_id":"ragr_1d2f9c1a4f444da0","question":"En cuanto tiempo debe el Comite de Convivencia dar tramite a una queja?","conversation_id":"conv_chunks_20260828171614","message_id":"msg_chunks_20260828171824_56","top_k":8}
info: System.Net.Http.HttpClient.IChatbotDispatchClient.LogicalHandler[100]
      Start processing HTTP request POST http://127.0.0.1:8765/api/chatbot/questions
info: System.Net.Http.HttpClient.IChatbotDispatchClient.ClientHandler[100]
      Sending HTTP request POST http://127.0.0.1:8765/api/chatbot/questions
info: System.Net.Http.HttpClient.IChatbotDispatchClient.ClientHandler[104]
      HTTP request failed after 0.453ms
      System.Net.Http.HttpRequestException: An error occurred while sending the request.
       ---> System.Net.Http.HttpIOException: The response ended prematurely. (ResponseEnded)
         at System.Net.Http.HttpConnection.SendAsync(HttpRequestMessage request, Boolean async, CancellationToken cancellationToken)
         --- End of inner exception stack trace ---
         at System.Net.Http.HttpConnection.SendAsync(HttpRequestMessage request, Boolean async, CancellationToken cancellationToken)
         at System.Net.Http.HttpConnectionPool.SendWithVersionDetectionAndRetryAsync(HttpRequestMessage request, Boolean async, Boolean doRequestAuth, CancellationToken cancellationToken)
         at System.Net.Http.DiagnosticsHandler.SendAsyncCore(HttpRequestMessage request, Boolean async, CancellationToken cancellationToken)
         at System.Net.Http.RedirectHandler.SendAsync(HttpRequestMessage request, Boolean async, CancellationToken cancellationToken)
         at Microsoft.Extensions.Http.Logging.LoggingHttpMessageHandler.<SendCoreAsync>g__Core|4_0(HttpRequestMessage request, Boolean useAsync, CancellationToken cancellationToken)
info: System.Net.Http.HttpClient.IChatbotDispatchClient.LogicalHandler[104]
      HTTP request failed after 0.5335ms
      System.Net.Http.HttpRequestException: An error occurred while sending the request.
       ---> System.Net.Http.HttpIOException: The response ended prematurely. (ResponseEnded)
         at System.Net.Http.HttpConnection.SendAsync(HttpRequestMessage request, Boolean async, CancellationToken cancellationToken)
         --- End of inner exception stack trace ---
         at System.Net.Http.HttpConnection.SendAsync(HttpRequestMessage request, Boolean async, CancellationToken cancellationToken)
         at System.Net.Http.HttpConnectionPool.SendWithVersionDetectionAndRetryAsync(HttpRequestMessage request, Boolean async, Boolean doRequestAuth, CancellationToken cancellationToken)
         at System.Net.Http.DiagnosticsHandler.SendAsyncCore(HttpRequestMessage request, Boolean async, CancellationToken cancellationToken)
         at System.Net.Http.RedirectHandler.SendAsync(HttpRequestMessage request, Boolean async, CancellationToken cancellationToken)
         at Microsoft.Extensions.Http.Logging.LoggingHttpMessageHandler.<SendCoreAsync>g__Core|4_0(HttpRequestMessage request, Boolean useAsync, CancellationToken cancellationToken)
         at Microsoft.Extensions.Http.Logging.LoggingScopeHttpMessageHandler.<SendCoreAsync>g__Core|4_0(HttpRequestMessage request, Boolean useAsync, CancellationToken cancellationToken)
fail: Microsoft.AspNetCore.Diagnostics.DeveloperExceptionPageMiddleware[1]
      An unhandled exception has occurred while executing the request.
      System.Net.Http.HttpRequestException: An error occurred while sending the request.
       ---> System.Net.Http.HttpIOException: The response ended prematurely. (ResponseEnded)
         at System.Net.Http.HttpConnection.SendAsync(HttpRequestMessage request, Boolean async, CancellationToken cancellationToken)
         --- End of inner exception stack trace ---
         at System.Net.Http.HttpConnection.SendAsync(HttpRequestMessage request, Boolean async, CancellationToken cancellationToken)
         at System.Net.Http.HttpConnectionPool.SendWithVersionDetectionAndRetryAsync(HttpRequestMessage request, Boolean async, Boolean doRequestAuth, CancellationToken cancellationToken)
         at System.Net.Http.DiagnosticsHandler.SendAsyncCore(HttpRequestMessage request, Boolean async, CancellationToken cancellationToken)
         at System.Net.Http.RedirectHandler.SendAsync(HttpRequestMessage request, Boolean async, CancellationToken cancellationToken)
         at Microsoft.Extensions.Http.Logging.LoggingHttpMessageHandler.<SendCoreAsync>g__Core|4_0(HttpRequestMessage request, Boolean useAsync, CancellationToken cancellationToken)
         at Microsoft.Extensions.Http.Logging.LoggingScopeHttpMessageHandler.<SendCoreAsync>g__Core|4_0(HttpRequestMessage request, Boolean useAsync, CancellationToken cancellationToken)
         at System.Net.Http.HttpClient.<SendAsync>g__Core|83_0(HttpRequestMessage request, HttpCompletionOption completionOption, CancellationTokenSource cts, Boolean disposeCts, CancellationTokenSource pendingRequestsCts, CancellationToken originalCancellationToken)
         at Chatbot.Sst.Infrastructure.Dispatch.HttpChatbotDispatchClient.DispatchAsync(ChatQuestionSubmission submission, CancellationToken cancellationToken) in C:\Users\jvrincon\Documents\chatbot_aplicado_sst\app\back\src\Chatbot.Sst.Infrastructure\Dispatch\HttpChatbotDispatchClient.cs:line 53
         at Chatbot.Sst.Application.ChatDispatchCoordinator.SubmitAsync(ChatQuestionSubmission submission, CancellationToken cancellationToken) in C:\Users\jvrincon\Documents\chatbot_aplicado_sst\app\back\src\Chatbot.Sst.Application\ChatDispatchCoordinator.cs:line 38
         at Program.<>c.<<<Main>$>b__0_1>d.MoveNext() in C:\Users\jvrincon\Documents\chatbot_aplicado_sst\app\back\src\Chatbot.Sst.Api\Program.cs:line 62
      --- End of stack trace from previous location ---
         at Microsoft.AspNetCore.Http.RequestDelegateFactory.ExecuteTaskResult[T](Task`1 task, HttpContext httpContext)
         at Microsoft.AspNetCore.Http.RequestDelegateFactory.<>c__DisplayClass102_2.<<HandleRequestBodyAndCompileRequestDelegateForJson>b__2>d.MoveNext()
      --- End of stack trace from previous location ---
         at Microsoft.AspNetCore.Diagnostics.DeveloperExceptionPageMiddlewareImpl.Invoke(HttpContext context)
info: System.Net.Http.HttpClient.IChatbotDispatchClient.LogicalHandler[100]
      Start processing HTTP request GET http://127.0.0.1:8765/api/platform/projects/proj_sst-general/releases?*
info: System.Net.Http.HttpClient.IChatbotDispatchClient.ClientHandler[100]
      Sending HTTP request GET http://127.0.0.1:8765/api/platform/projects/proj_sst-general/releases?*
info: System.Net.Http.HttpClient.IChatbotDispatchClient.ClientHandler[101]
      Received HTTP response headers after 7.462ms - 200
info: System.Net.Http.HttpClient.IChatbotDispatchClient.LogicalHandler[101]
      End processing HTTP request after 7.4909ms - 200
[ChatbotDispatch DEBUG] POST /api/chatbot/questions body={"project_id":"proj_sst-general","rag_variant_id":"ragv_local-bge","rag_release_id":"ragr_1d2f9c1a4f444da0","question":"Que ocurre si un integrante del Comite de Convivencia es parte de una queja o investigacion?","conversation_id":"conv_chunks_20260828171614","message_id":"msg_chunks_20260828171824_57","top_k":8}
info: System.Net.Http.HttpClient.IChatbotDispatchClient.LogicalHandler[100]
      Start processing HTTP request POST http://127.0.0.1:8765/api/chatbot/questions
info: System.Net.Http.HttpClient.IChatbotDispatchClient.ClientHandler[100]
      Sending HTTP request POST http://127.0.0.1:8765/api/chatbot/questions
info: System.Net.Http.HttpClient.IChatbotDispatchClient.ClientHandler[104]
      HTTP request failed after 0.5213ms
      System.Net.Http.HttpRequestException: An error occurred while sending the request.
       ---> System.Net.Http.HttpIOException: The response ended prematurely. (ResponseEnded)
         at System.Net.Http.HttpConnection.SendAsync(HttpRequestMessage request, Boolean async, CancellationToken cancellationToken)
         --- End of inner exception stack trace ---
         at System.Net.Http.HttpConnection.SendAsync(HttpRequestMessage request, Boolean async, CancellationToken cancellationToken)
         at System.Net.Http.HttpConnectionPool.SendWithVersionDetectionAndRetryAsync(HttpRequestMessage request, Boolean async, Boolean doRequestAuth, CancellationToken cancellationToken)
         at System.Net.Http.DiagnosticsHandler.SendAsyncCore(HttpRequestMessage request, Boolean async, CancellationToken cancellationToken)
         at System.Net.Http.RedirectHandler.SendAsync(HttpRequestMessage request, Boolean async, CancellationToken cancellationToken)
         at Microsoft.Extensions.Http.Logging.LoggingHttpMessageHandler.<SendCoreAsync>g__Core|4_0(HttpRequestMessage request, Boolean useAsync, CancellationToken cancellationToken)
info: System.Net.Http.HttpClient.IChatbotDispatchClient.LogicalHandler[104]
      HTTP request failed after 0.5988ms
      System.Net.Http.HttpRequestException: An error occurred while sending the request.
       ---> System.Net.Http.HttpIOException: The response ended prematurely. (ResponseEnded)
         at System.Net.Http.HttpConnection.SendAsync(HttpRequestMessage request, Boolean async, CancellationToken cancellationToken)
         --- End of inner exception stack trace ---
         at System.Net.Http.HttpConnection.SendAsync(HttpRequestMessage request, Boolean async, CancellationToken cancellationToken)
         at System.Net.Http.HttpConnectionPool.SendWithVersionDetectionAndRetryAsync(HttpRequestMessage request, Boolean async, Boolean doRequestAuth, CancellationToken cancellationToken)
         at System.Net.Http.DiagnosticsHandler.SendAsyncCore(HttpRequestMessage request, Boolean async, CancellationToken cancellationToken)
         at System.Net.Http.RedirectHandler.SendAsync(HttpRequestMessage request, Boolean async, CancellationToken cancellationToken)
         at Microsoft.Extensions.Http.Logging.LoggingHttpMessageHandler.<SendCoreAsync>g__Core|4_0(HttpRequestMessage request, Boolean useAsync, CancellationToken cancellationToken)
         at Microsoft.Extensions.Http.Logging.LoggingScopeHttpMessageHandler.<SendCoreAsync>g__Core|4_0(HttpRequestMessage request, Boolean useAsync, CancellationToken cancellationToken)
fail: Microsoft.AspNetCore.Diagnostics.DeveloperExceptionPageMiddleware[1]
      An unhandled exception has occurred while executing the request.
      System.Net.Http.HttpRequestException: An error occurred while sending the request.
       ---> System.Net.Http.HttpIOException: The response ended prematurely. (ResponseEnded)
         at System.Net.Http.HttpConnection.SendAsync(HttpRequestMessage request, Boolean async, CancellationToken cancellationToken)
         --- End of inner exception stack trace ---
         at System.Net.Http.HttpConnection.SendAsync(HttpRequestMessage request, Boolean async, CancellationToken cancellationToken)
         at System.Net.Http.HttpConnectionPool.SendWithVersionDetectionAndRetryAsync(HttpRequestMessage request, Boolean async, Boolean doRequestAuth, CancellationToken cancellationToken)
         at System.Net.Http.DiagnosticsHandler.SendAsyncCore(HttpRequestMessage request, Boolean async, CancellationToken cancellationToken)
         at System.Net.Http.RedirectHandler.SendAsync(HttpRequestMessage request, Boolean async, CancellationToken cancellationToken)
         at Microsoft.Extensions.Http.Logging.LoggingHttpMessageHandler.<SendCoreAsync>g__Core|4_0(HttpRequestMessage request, Boolean useAsync, CancellationToken cancellationToken)
         at Microsoft.Extensions.Http.Logging.LoggingScopeHttpMessageHandler.<SendCoreAsync>g__Core|4_0(HttpRequestMessage request, Boolean useAsync, CancellationToken cancellationToken)
         at System.Net.Http.HttpClient.<SendAsync>g__Core|83_0(HttpRequestMessage request, HttpCompletionOption completionOption, CancellationTokenSource cts, Boolean disposeCts, CancellationTokenSource pendingRequestsCts, CancellationToken originalCancellationToken)
         at Chatbot.Sst.Infrastructure.Dispatch.HttpChatbotDispatchClient.DispatchAsync(ChatQuestionSubmission submission, CancellationToken cancellationToken) in C:\Users\jvrincon\Documents\chatbot_aplicado_sst\app\back\src\Chatbot.Sst.Infrastructure\Dispatch\HttpChatbotDispatchClient.cs:line 53
         at Chatbot.Sst.Application.ChatDispatchCoordinator.SubmitAsync(ChatQuestionSubmission submission, CancellationToken cancellationToken) in C:\Users\jvrincon\Documents\chatbot_aplicado_sst\app\back\src\Chatbot.Sst.Application\ChatDispatchCoordinator.cs:line 38
         at Program.<>c.<<<Main>$>b__0_1>d.MoveNext() in C:\Users\jvrincon\Documents\chatbot_aplicado_sst\app\back\src\Chatbot.Sst.Api\Program.cs:line 62
      --- End of stack trace from previous location ---
         at Microsoft.AspNetCore.Http.RequestDelegateFactory.ExecuteTaskResult[T](Task`1 task, HttpContext httpContext)
         at Microsoft.AspNetCore.Http.RequestDelegateFactory.<>c__DisplayClass102_2.<<HandleRequestBodyAndCompileRequestDelegateForJson>b__2>d.MoveNext()
      --- End of stack trace from previous location ---
         at Microsoft.AspNetCore.Diagnostics.DeveloperExceptionPageMiddlewareImpl.Invoke(HttpContext context)
info: System.Net.Http.HttpClient.IChatbotDispatchClient.LogicalHandler[100]
      Start processing HTTP request GET http://127.0.0.1:8765/api/platform/projects/proj_sst-general/releases?*
info: System.Net.Http.HttpClient.IChatbotDispatchClient.ClientHandler[100]
      Sending HTTP request GET http://127.0.0.1:8765/api/platform/projects/proj_sst-general/releases?*
info: System.Net.Http.HttpClient.IChatbotDispatchClient.ClientHandler[101]
      Received HTTP response headers after 7.4259ms - 200
info: System.Net.Http.HttpClient.IChatbotDispatchClient.LogicalHandler[101]
      End processing HTTP request after 7.4645ms - 200
[ChatbotDispatch DEBUG] POST /api/chatbot/questions body={"project_id":"proj_sst-general","rag_variant_id":"ragv_local-bge","rag_release_id":"ragr_1d2f9c1a4f444da0","question":"Por que la seguridad vial es una responsabilidad compartida?","conversation_id":"conv_chunks_20260828171614","message_id":"msg_chunks_20260828171824_58","top_k":8}
info: System.Net.Http.HttpClient.IChatbotDispatchClient.LogicalHandler[100]
      Start processing HTTP request POST http://127.0.0.1:8765/api/chatbot/questions
info: System.Net.Http.HttpClient.IChatbotDispatchClient.ClientHandler[100]
      Sending HTTP request POST http://127.0.0.1:8765/api/chatbot/questions
info: System.Net.Http.HttpClient.IChatbotDispatchClient.ClientHandler[104]
      HTTP request failed after 0.4118ms
      System.Net.Http.HttpRequestException: An error occurred while sending the request.
       ---> System.Net.Http.HttpIOException: The response ended prematurely. (ResponseEnded)
         at System.Net.Http.HttpConnection.SendAsync(HttpRequestMessage request, Boolean async, CancellationToken cancellationToken)
         --- End of inner exception stack trace ---
         at System.Net.Http.HttpConnection.SendAsync(HttpRequestMessage request, Boolean async, CancellationToken cancellationToken)
         at System.Net.Http.HttpConnectionPool.SendWithVersionDetectionAndRetryAsync(HttpRequestMessage request, Boolean async, Boolean doRequestAuth, CancellationToken cancellationToken)
         at System.Net.Http.DiagnosticsHandler.SendAsyncCore(HttpRequestMessage request, Boolean async, CancellationToken cancellationToken)
         at System.Net.Http.RedirectHandler.SendAsync(HttpRequestMessage request, Boolean async, CancellationToken cancellationToken)
         at Microsoft.Extensions.Http.Logging.LoggingHttpMessageHandler.<SendCoreAsync>g__Core|4_0(HttpRequestMessage request, Boolean useAsync, CancellationToken cancellationToken)
info: System.Net.Http.HttpClient.IChatbotDispatchClient.LogicalHandler[104]
      HTTP request failed after 0.5026ms
      System.Net.Http.HttpRequestException: An error occurred while sending the request.
       ---> System.Net.Http.HttpIOException: The response ended prematurely. (ResponseEnded)
         at System.Net.Http.HttpConnection.SendAsync(HttpRequestMessage request, Boolean async, CancellationToken cancellationToken)
         --- End of inner exception stack trace ---
         at System.Net.Http.HttpConnection.SendAsync(HttpRequestMessage request, Boolean async, CancellationToken cancellationToken)
         at System.Net.Http.HttpConnectionPool.SendWithVersionDetectionAndRetryAsync(HttpRequestMessage request, Boolean async, Boolean doRequestAuth, CancellationToken cancellationToken)
         at System.Net.Http.DiagnosticsHandler.SendAsyncCore(HttpRequestMessage request, Boolean async, CancellationToken cancellationToken)
         at System.Net.Http.RedirectHandler.SendAsync(HttpRequestMessage request, Boolean async, CancellationToken cancellationToken)
         at Microsoft.Extensions.Http.Logging.LoggingHttpMessageHandler.<SendCoreAsync>g__Core|4_0(HttpRequestMessage request, Boolean useAsync, CancellationToken cancellationToken)
         at Microsoft.Extensions.Http.Logging.LoggingScopeHttpMessageHandler.<SendCoreAsync>g__Core|4_0(HttpRequestMessage request, Boolean useAsync, CancellationToken cancellationToken)
fail: Microsoft.AspNetCore.Diagnostics.DeveloperExceptionPageMiddleware[1]
      An unhandled exception has occurred while executing the request.
      System.Net.Http.HttpRequestException: An error occurred while sending the request.
       ---> System.Net.Http.HttpIOException: The response ended prematurely. (ResponseEnded)
         at System.Net.Http.HttpConnection.SendAsync(HttpRequestMessage request, Boolean async, CancellationToken cancellationToken)
         --- End of inner exception stack trace ---
         at System.Net.Http.HttpConnection.SendAsync(HttpRequestMessage request, Boolean async, CancellationToken cancellationToken)
         at System.Net.Http.HttpConnectionPool.SendWithVersionDetectionAndRetryAsync(HttpRequestMessage request, Boolean async, Boolean doRequestAuth, CancellationToken cancellationToken)
         at System.Net.Http.DiagnosticsHandler.SendAsyncCore(HttpRequestMessage request, Boolean async, CancellationToken cancellationToken)
         at System.Net.Http.RedirectHandler.SendAsync(HttpRequestMessage request, Boolean async, CancellationToken cancellationToken)
         at Microsoft.Extensions.Http.Logging.LoggingHttpMessageHandler.<SendCoreAsync>g__Core|4_0(HttpRequestMessage request, Boolean useAsync, CancellationToken cancellationToken)
         at Microsoft.Extensions.Http.Logging.LoggingScopeHttpMessageHandler.<SendCoreAsync>g__Core|4_0(HttpRequestMessage request, Boolean useAsync, CancellationToken cancellationToken)
         at System.Net.Http.HttpClient.<SendAsync>g__Core|83_0(HttpRequestMessage request, HttpCompletionOption completionOption, CancellationTokenSource cts, Boolean disposeCts, CancellationTokenSource pendingRequestsCts, CancellationToken originalCancellationToken)
         at Chatbot.Sst.Infrastructure.Dispatch.HttpChatbotDispatchClient.DispatchAsync(ChatQuestionSubmission submission, CancellationToken cancellationToken) in C:\Users\jvrincon\Documents\chatbot_aplicado_sst\app\back\src\Chatbot.Sst.Infrastructure\Dispatch\HttpChatbotDispatchClient.cs:line 53
         at Chatbot.Sst.Application.ChatDispatchCoordinator.SubmitAsync(ChatQuestionSubmission submission, CancellationToken cancellationToken) in C:\Users\jvrincon\Documents\chatbot_aplicado_sst\app\back\src\Chatbot.Sst.Application\ChatDispatchCoordinator.cs:line 38
         at Program.<>c.<<<Main>$>b__0_1>d.MoveNext() in C:\Users\jvrincon\Documents\chatbot_aplicado_sst\app\back\src\Chatbot.Sst.Api\Program.cs:line 62
      --- End of stack trace from previous location ---
         at Microsoft.AspNetCore.Http.RequestDelegateFactory.ExecuteTaskResult[T](Task`1 task, HttpContext httpContext)
         at Microsoft.AspNetCore.Http.RequestDelegateFactory.<>c__DisplayClass102_2.<<HandleRequestBodyAndCompileRequestDelegateForJson>b__2>d.MoveNext()
      --- End of stack trace from previous location ---
         at Microsoft.AspNetCore.Diagnostics.DeveloperExceptionPageMiddlewareImpl.Invoke(HttpContext context)
info: System.Net.Http.HttpClient.IChatbotDispatchClient.LogicalHandler[100]
      Start processing HTTP request GET http://127.0.0.1:8765/api/platform/projects/proj_sst-general/releases?*
info: System.Net.Http.HttpClient.IChatbotDispatchClient.ClientHandler[100]
      Sending HTTP request GET http://127.0.0.1:8765/api/platform/projects/proj_sst-general/releases?*
info: System.Net.Http.HttpClient.IChatbotDispatchClient.ClientHandler[101]
      Received HTTP response headers after 6.614ms - 200
info: System.Net.Http.HttpClient.IChatbotDispatchClient.LogicalHandler[101]
      End processing HTTP request after 6.6383ms - 200
[ChatbotDispatch DEBUG] POST /api/chatbot/questions body={"project_id":"proj_sst-general","rag_variant_id":"ragv_local-bge","rag_release_id":"ragr_1d2f9c1a4f444da0","question":"Que programa incluye el PESV para proteger actores viales vulnerables?","conversation_id":"conv_chunks_20260828171614","message_id":"msg_chunks_20260828171824_59","top_k":8}
info: System.Net.Http.HttpClient.IChatbotDispatchClient.LogicalHandler[100]
      Start processing HTTP request POST http://127.0.0.1:8765/api/chatbot/questions
info: System.Net.Http.HttpClient.IChatbotDispatchClient.ClientHandler[100]
      Sending HTTP request POST http://127.0.0.1:8765/api/chatbot/questions
info: System.Net.Http.HttpClient.IChatbotDispatchClient.ClientHandler[104]
      HTTP request failed after 0.6181ms
      System.Net.Http.HttpRequestException: An error occurred while sending the request.
       ---> System.Net.Http.HttpIOException: The response ended prematurely. (ResponseEnded)
         at System.Net.Http.HttpConnection.SendAsync(HttpRequestMessage request, Boolean async, CancellationToken cancellationToken)
         --- End of inner exception stack trace ---
         at System.Net.Http.HttpConnection.SendAsync(HttpRequestMessage request, Boolean async, CancellationToken cancellationToken)
         at System.Net.Http.HttpConnectionPool.SendWithVersionDetectionAndRetryAsync(HttpRequestMessage request, Boolean async, Boolean doRequestAuth, CancellationToken cancellationToken)
         at System.Net.Http.DiagnosticsHandler.SendAsyncCore(HttpRequestMessage request, Boolean async, CancellationToken cancellationToken)
         at System.Net.Http.RedirectHandler.SendAsync(HttpRequestMessage request, Boolean async, CancellationToken cancellationToken)
         at Microsoft.Extensions.Http.Logging.LoggingHttpMessageHandler.<SendCoreAsync>g__Core|4_0(HttpRequestMessage request, Boolean useAsync, CancellationToken cancellationToken)
info: System.Net.Http.HttpClient.IChatbotDispatchClient.LogicalHandler[104]
      HTTP request failed after 0.6989ms
      System.Net.Http.HttpRequestException: An error occurred while sending the request.
       ---> System.Net.Http.HttpIOException: The response ended prematurely. (ResponseEnded)
         at System.Net.Http.HttpConnection.SendAsync(HttpRequestMessage request, Boolean async, CancellationToken cancellationToken)
         --- End of inner exception stack trace ---
         at System.Net.Http.HttpConnection.SendAsync(HttpRequestMessage request, Boolean async, CancellationToken cancellationToken)
         at System.Net.Http.HttpConnectionPool.SendWithVersionDetectionAndRetryAsync(HttpRequestMessage request, Boolean async, Boolean doRequestAuth, CancellationToken cancellationToken)
         at System.Net.Http.DiagnosticsHandler.SendAsyncCore(HttpRequestMessage request, Boolean async, CancellationToken cancellationToken)
         at System.Net.Http.RedirectHandler.SendAsync(HttpRequestMessage request, Boolean async, CancellationToken cancellationToken)
         at Microsoft.Extensions.Http.Logging.LoggingHttpMessageHandler.<SendCoreAsync>g__Core|4_0(HttpRequestMessage request, Boolean useAsync, CancellationToken cancellationToken)
         at Microsoft.Extensions.Http.Logging.LoggingScopeHttpMessageHandler.<SendCoreAsync>g__Core|4_0(HttpRequestMessage request, Boolean useAsync, CancellationToken cancellationToken)
fail: Microsoft.AspNetCore.Diagnostics.DeveloperExceptionPageMiddleware[1]
      An unhandled exception has occurred while executing the request.
      System.Net.Http.HttpRequestException: An error occurred while sending the request.
       ---> System.Net.Http.HttpIOException: The response ended prematurely. (ResponseEnded)
         at System.Net.Http.HttpConnection.SendAsync(HttpRequestMessage request, Boolean async, CancellationToken cancellationToken)
         --- End of inner exception stack trace ---
         at System.Net.Http.HttpConnection.SendAsync(HttpRequestMessage request, Boolean async, CancellationToken cancellationToken)
         at System.Net.Http.HttpConnectionPool.SendWithVersionDetectionAndRetryAsync(HttpRequestMessage request, Boolean async, Boolean doRequestAuth, CancellationToken cancellationToken)
         at System.Net.Http.DiagnosticsHandler.SendAsyncCore(HttpRequestMessage request, Boolean async, CancellationToken cancellationToken)
         at System.Net.Http.RedirectHandler.SendAsync(HttpRequestMessage request, Boolean async, CancellationToken cancellationToken)
         at Microsoft.Extensions.Http.Logging.LoggingHttpMessageHandler.<SendCoreAsync>g__Core|4_0(HttpRequestMessage request, Boolean useAsync, CancellationToken cancellationToken)
         at Microsoft.Extensions.Http.Logging.LoggingScopeHttpMessageHandler.<SendCoreAsync>g__Core|4_0(HttpRequestMessage request, Boolean useAsync, CancellationToken cancellationToken)
         at System.Net.Http.HttpClient.<SendAsync>g__Core|83_0(HttpRequestMessage request, HttpCompletionOption completionOption, CancellationTokenSource cts, Boolean disposeCts, CancellationTokenSource pendingRequestsCts, CancellationToken originalCancellationToken)
         at Chatbot.Sst.Infrastructure.Dispatch.HttpChatbotDispatchClient.DispatchAsync(ChatQuestionSubmission submission, CancellationToken cancellationToken) in C:\Users\jvrincon\Documents\chatbot_aplicado_sst\app\back\src\Chatbot.Sst.Infrastructure\Dispatch\HttpChatbotDispatchClient.cs:line 53
         at Chatbot.Sst.Application.ChatDispatchCoordinator.SubmitAsync(ChatQuestionSubmission submission, CancellationToken cancellationToken) in C:\Users\jvrincon\Documents\chatbot_aplicado_sst\app\back\src\Chatbot.Sst.Application\ChatDispatchCoordinator.cs:line 38
         at Program.<>c.<<<Main>$>b__0_1>d.MoveNext() in C:\Users\jvrincon\Documents\chatbot_aplicado_sst\app\back\src\Chatbot.Sst.Api\Program.cs:line 62
      --- End of stack trace from previous location ---
         at Microsoft.AspNetCore.Http.RequestDelegateFactory.ExecuteTaskResult[T](Task`1 task, HttpContext httpContext)
         at Microsoft.AspNetCore.Http.RequestDelegateFactory.<>c__DisplayClass102_2.<<HandleRequestBodyAndCompileRequestDelegateForJson>b__2>d.MoveNext()
      --- End of stack trace from previous location ---
         at Microsoft.AspNetCore.Diagnostics.DeveloperExceptionPageMiddlewareImpl.Invoke(HttpContext context)
info: System.Net.Http.HttpClient.IChatbotDispatchClient.LogicalHandler[100]
      Start processing HTTP request GET http://127.0.0.1:8765/api/platform/projects/proj_sst-general/releases?*
info: System.Net.Http.HttpClient.IChatbotDispatchClient.ClientHandler[100]
      Sending HTTP request GET http://127.0.0.1:8765/api/platform/projects/proj_sst-general/releases?*
info: System.Net.Http.HttpClient.IChatbotDispatchClient.ClientHandler[101]
      Received HTTP response headers after 7.5738ms - 200
info: System.Net.Http.HttpClient.IChatbotDispatchClient.LogicalHandler[101]
      End processing HTTP request after 7.6133ms - 200
[ChatbotDispatch DEBUG] POST /api/chatbot/questions body={"project_id":"proj_sst-general","rag_variant_id":"ragv_local-bge","rag_release_id":"ragr_1d2f9c1a4f444da0","question":"Que metodologia debe adoptar la empresa para mejorar continuamente la prevencion del riesgo vial?","conversation_id":"conv_chunks_20260828171614","message_id":"msg_chunks_20260828171824_60","top_k":8}
info: System.Net.Http.HttpClient.IChatbotDispatchClient.LogicalHandler[100]
      Start processing HTTP request POST http://127.0.0.1:8765/api/chatbot/questions
info: System.Net.Http.HttpClient.IChatbotDispatchClient.ClientHandler[100]
      Sending HTTP request POST http://127.0.0.1:8765/api/chatbot/questions
info: System.Net.Http.HttpClient.IChatbotDispatchClient.ClientHandler[104]
      HTTP request failed after 0.7208ms
      System.Net.Http.HttpRequestException: An error occurred while sending the request.
       ---> System.Net.Http.HttpIOException: The response ended prematurely. (ResponseEnded)
         at System.Net.Http.HttpConnection.SendAsync(HttpRequestMessage request, Boolean async, CancellationToken cancellationToken)
         --- End of inner exception stack trace ---
         at System.Net.Http.HttpConnection.SendAsync(HttpRequestMessage request, Boolean async, CancellationToken cancellationToken)
         at System.Net.Http.HttpConnectionPool.SendWithVersionDetectionAndRetryAsync(HttpRequestMessage request, Boolean async, Boolean doRequestAuth, CancellationToken cancellationToken)
         at System.Net.Http.DiagnosticsHandler.SendAsyncCore(HttpRequestMessage request, Boolean async, CancellationToken cancellationToken)
         at System.Net.Http.RedirectHandler.SendAsync(HttpRequestMessage request, Boolean async, CancellationToken cancellationToken)
         at Microsoft.Extensions.Http.Logging.LoggingHttpMessageHandler.<SendCoreAsync>g__Core|4_0(HttpRequestMessage request, Boolean useAsync, CancellationToken cancellationToken)
info: System.Net.Http.HttpClient.IChatbotDispatchClient.LogicalHandler[104]
      HTTP request failed after 0.849ms
      System.Net.Http.HttpRequestException: An error occurred while sending the request.
       ---> System.Net.Http.HttpIOException: The response ended prematurely. (ResponseEnded)
         at System.Net.Http.HttpConnection.SendAsync(HttpRequestMessage request, Boolean async, CancellationToken cancellationToken)
         --- End of inner exception stack trace ---
         at System.Net.Http.HttpConnection.SendAsync(HttpRequestMessage request, Boolean async, CancellationToken cancellationToken)
         at System.Net.Http.HttpConnectionPool.SendWithVersionDetectionAndRetryAsync(HttpRequestMessage request, Boolean async, Boolean doRequestAuth, CancellationToken cancellationToken)
         at System.Net.Http.DiagnosticsHandler.SendAsyncCore(HttpRequestMessage request, Boolean async, CancellationToken cancellationToken)
         at System.Net.Http.RedirectHandler.SendAsync(HttpRequestMessage request, Boolean async, CancellationToken cancellationToken)
         at Microsoft.Extensions.Http.Logging.LoggingHttpMessageHandler.<SendCoreAsync>g__Core|4_0(HttpRequestMessage request, Boolean useAsync, CancellationToken cancellationToken)
         at Microsoft.Extensions.Http.Logging.LoggingScopeHttpMessageHandler.<SendCoreAsync>g__Core|4_0(HttpRequestMessage request, Boolean useAsync, CancellationToken cancellationToken)
fail: Microsoft.AspNetCore.Diagnostics.DeveloperExceptionPageMiddleware[1]
      An unhandled exception has occurred while executing the request.
      System.Net.Http.HttpRequestException: An error occurred while sending the request.
       ---> System.Net.Http.HttpIOException: The response ended prematurely. (ResponseEnded)
         at System.Net.Http.HttpConnection.SendAsync(HttpRequestMessage request, Boolean async, CancellationToken cancellationToken)
         --- End of inner exception stack trace ---
         at System.Net.Http.HttpConnection.SendAsync(HttpRequestMessage request, Boolean async, CancellationToken cancellationToken)
         at System.Net.Http.HttpConnectionPool.SendWithVersionDetectionAndRetryAsync(HttpRequestMessage request, Boolean async, Boolean doRequestAuth, CancellationToken cancellationToken)
         at System.Net.Http.DiagnosticsHandler.SendAsyncCore(HttpRequestMessage request, Boolean async, CancellationToken cancellationToken)
         at System.Net.Http.RedirectHandler.SendAsync(HttpRequestMessage request, Boolean async, CancellationToken cancellationToken)
         at Microsoft.Extensions.Http.Logging.LoggingHttpMessageHandler.<SendCoreAsync>g__Core|4_0(HttpRequestMessage request, Boolean useAsync, CancellationToken cancellationToken)
         at Microsoft.Extensions.Http.Logging.LoggingScopeHttpMessageHandler.<SendCoreAsync>g__Core|4_0(HttpRequestMessage request, Boolean useAsync, CancellationToken cancellationToken)
         at System.Net.Http.HttpClient.<SendAsync>g__Core|83_0(HttpRequestMessage request, HttpCompletionOption completionOption, CancellationTokenSource cts, Boolean disposeCts, CancellationTokenSource pendingRequestsCts, CancellationToken originalCancellationToken)
         at Chatbot.Sst.Infrastructure.Dispatch.HttpChatbotDispatchClient.DispatchAsync(ChatQuestionSubmission submission, CancellationToken cancellationToken) in C:\Users\jvrincon\Documents\chatbot_aplicado_sst\app\back\src\Chatbot.Sst.Infrastructure\Dispatch\HttpChatbotDispatchClient.cs:line 53
         at Chatbot.Sst.Application.ChatDispatchCoordinator.SubmitAsync(ChatQuestionSubmission submission, CancellationToken cancellationToken) in C:\Users\jvrincon\Documents\chatbot_aplicado_sst\app\back\src\Chatbot.Sst.Application\ChatDispatchCoordinator.cs:line 38
         at Program.<>c.<<<Main>$>b__0_1>d.MoveNext() in C:\Users\jvrincon\Documents\chatbot_aplicado_sst\app\back\src\Chatbot.Sst.Api\Program.cs:line 62
      --- End of stack trace from previous location ---
         at Microsoft.AspNetCore.Http.RequestDelegateFactory.ExecuteTaskResult[T](Task`1 task, HttpContext httpContext)
         at Microsoft.AspNetCore.Http.RequestDelegateFactory.<>c__DisplayClass102_2.<<HandleRequestBodyAndCompileRequestDelegateForJson>b__2>d.MoveNext()
      --- End of stack trace from previous location ---
         at Microsoft.AspNetCore.Diagnostics.DeveloperExceptionPageMiddlewareImpl.Invoke(HttpContext context)
info: System.Net.Http.HttpClient.IChatbotDispatchClient.LogicalHandler[100]
      Start processing HTTP request GET http://127.0.0.1:8765/api/platform/projects/proj_sst-general/releases?*
info: System.Net.Http.HttpClient.IChatbotDispatchClient.ClientHandler[100]
      Sending HTTP request GET http://127.0.0.1:8765/api/platform/projects/proj_sst-general/releases?*
info: System.Net.Http.HttpClient.IChatbotDispatchClient.ClientHandler[101]
      Received HTTP response headers after 8.3818ms - 200
info: System.Net.Http.HttpClient.IChatbotDispatchClient.LogicalHandler[101]
      End processing HTTP request after 8.4179ms - 200
[ChatbotDispatch DEBUG] POST /api/chatbot/questions body={"project_id":"proj_sst-general","rag_variant_id":"ragv_local-bge","rag_release_id":"ragr_1d2f9c1a4f444da0","question":"Que medidas preventivas y correctivas contempla el reglamento interno frente al acoso laboral y sexual?","conversation_id":"conv_chunks_20260828171614","message_id":"msg_chunks_20260828171824_61","top_k":8}
info: System.Net.Http.HttpClient.IChatbotDispatchClient.LogicalHandler[100]
      Start processing HTTP request POST http://127.0.0.1:8765/api/chatbot/questions
info: System.Net.Http.HttpClient.IChatbotDispatchClient.ClientHandler[100]
      Sending HTTP request POST http://127.0.0.1:8765/api/chatbot/questions
info: System.Net.Http.HttpClient.IChatbotDispatchClient.ClientHandler[104]
      HTTP request failed after 0.4993ms
      System.Net.Http.HttpRequestException: An error occurred while sending the request.
       ---> System.Net.Http.HttpIOException: The response ended prematurely. (ResponseEnded)
         at System.Net.Http.HttpConnection.SendAsync(HttpRequestMessage request, Boolean async, CancellationToken cancellationToken)
         --- End of inner exception stack trace ---
         at System.Net.Http.HttpConnection.SendAsync(HttpRequestMessage request, Boolean async, CancellationToken cancellationToken)
         at System.Net.Http.HttpConnectionPool.SendWithVersionDetectionAndRetryAsync(HttpRequestMessage request, Boolean async, Boolean doRequestAuth, CancellationToken cancellationToken)
         at System.Net.Http.DiagnosticsHandler.SendAsyncCore(HttpRequestMessage request, Boolean async, CancellationToken cancellationToken)
         at System.Net.Http.RedirectHandler.SendAsync(HttpRequestMessage request, Boolean async, CancellationToken cancellationToken)
         at Microsoft.Extensions.Http.Logging.LoggingHttpMessageHandler.<SendCoreAsync>g__Core|4_0(HttpRequestMessage request, Boolean useAsync, CancellationToken cancellationToken)
info: System.Net.Http.HttpClient.IChatbotDispatchClient.LogicalHandler[104]
      HTTP request failed after 0.5971ms
      System.Net.Http.HttpRequestException: An error occurred while sending the request.
       ---> System.Net.Http.HttpIOException: The response ended prematurely. (ResponseEnded)
         at System.Net.Http.HttpConnection.SendAsync(HttpRequestMessage request, Boolean async, CancellationToken cancellationToken)
         --- End of inner exception stack trace ---
         at System.Net.Http.HttpConnection.SendAsync(HttpRequestMessage request, Boolean async, CancellationToken cancellationToken)
         at System.Net.Http.HttpConnectionPool.SendWithVersionDetectionAndRetryAsync(HttpRequestMessage request, Boolean async, Boolean doRequestAuth, CancellationToken cancellationToken)
         at System.Net.Http.DiagnosticsHandler.SendAsyncCore(HttpRequestMessage request, Boolean async, CancellationToken cancellationToken)
         at System.Net.Http.RedirectHandler.SendAsync(HttpRequestMessage request, Boolean async, CancellationToken cancellationToken)
         at Microsoft.Extensions.Http.Logging.LoggingHttpMessageHandler.<SendCoreAsync>g__Core|4_0(HttpRequestMessage request, Boolean useAsync, CancellationToken cancellationToken)
         at Microsoft.Extensions.Http.Logging.LoggingScopeHttpMessageHandler.<SendCoreAsync>g__Core|4_0(HttpRequestMessage request, Boolean useAsync, CancellationToken cancellationToken)
fail: Microsoft.AspNetCore.Diagnostics.DeveloperExceptionPageMiddleware[1]
      An unhandled exception has occurred while executing the request.
      System.Net.Http.HttpRequestException: An error occurred while sending the request.
       ---> System.Net.Http.HttpIOException: The response ended prematurely. (ResponseEnded)
         at System.Net.Http.HttpConnection.SendAsync(HttpRequestMessage request, Boolean async, CancellationToken cancellationToken)
         --- End of inner exception stack trace ---
         at System.Net.Http.HttpConnection.SendAsync(HttpRequestMessage request, Boolean async, CancellationToken cancellationToken)
         at System.Net.Http.HttpConnectionPool.SendWithVersionDetectionAndRetryAsync(HttpRequestMessage request, Boolean async, Boolean doRequestAuth, CancellationToken cancellationToken)
         at System.Net.Http.DiagnosticsHandler.SendAsyncCore(HttpRequestMessage request, Boolean async, CancellationToken cancellationToken)
         at System.Net.Http.RedirectHandler.SendAsync(HttpRequestMessage request, Boolean async, CancellationToken cancellationToken)
         at Microsoft.Extensions.Http.Logging.LoggingHttpMessageHandler.<SendCoreAsync>g__Core|4_0(HttpRequestMessage request, Boolean useAsync, CancellationToken cancellationToken)
         at Microsoft.Extensions.Http.Logging.LoggingScopeHttpMessageHandler.<SendCoreAsync>g__Core|4_0(HttpRequestMessage request, Boolean useAsync, CancellationToken cancellationToken)
         at System.Net.Http.HttpClient.<SendAsync>g__Core|83_0(HttpRequestMessage request, HttpCompletionOption completionOption, CancellationTokenSource cts, Boolean disposeCts, CancellationTokenSource pendingRequestsCts, CancellationToken originalCancellationToken)
         at Chatbot.Sst.Infrastructure.Dispatch.HttpChatbotDispatchClient.DispatchAsync(ChatQuestionSubmission submission, CancellationToken cancellationToken) in C:\Users\jvrincon\Documents\chatbot_aplicado_sst\app\back\src\Chatbot.Sst.Infrastructure\Dispatch\HttpChatbotDispatchClient.cs:line 53
         at Chatbot.Sst.Application.ChatDispatchCoordinator.SubmitAsync(ChatQuestionSubmission submission, CancellationToken cancellationToken) in C:\Users\jvrincon\Documents\chatbot_aplicado_sst\app\back\src\Chatbot.Sst.Application\ChatDispatchCoordinator.cs:line 38
         at Program.<>c.<<<Main>$>b__0_1>d.MoveNext() in C:\Users\jvrincon\Documents\chatbot_aplicado_sst\app\back\src\Chatbot.Sst.Api\Program.cs:line 62
      --- End of stack trace from previous location ---
         at Microsoft.AspNetCore.Http.RequestDelegateFactory.ExecuteTaskResult[T](Task`1 task, HttpContext httpContext)
         at Microsoft.AspNetCore.Http.RequestDelegateFactory.<>c__DisplayClass102_2.<<HandleRequestBodyAndCompileRequestDelegateForJson>b__2>d.MoveNext()
      --- End of stack trace from previous location ---
         at Microsoft.AspNetCore.Diagnostics.DeveloperExceptionPageMiddlewareImpl.Invoke(HttpContext context)
